customer_id,behavior_type,account_age_days,device_fingerprint,address_fingerprint,payment_fingerprint,ring_id
CUST100000,occasional_returner,764,53d1f543b808,75ca1918fe35,7c2616eed605,
CUST100001,normal,685,56e3efd59587,2568dfb34d5e,6fc1842a8ed9,
CUST100002,occasional_returner,113,2930e5ca5cb6,37c6ac2e61e9,ec4cbf090273,
CUST100003,normal,182,b32d920217ed,cbc5e98fcc2d,3580c31d5c9e,
CUST100004,normal,894,84c81c1d8bc9,e5207270ae88,53a745dbd2b6,
CUST100005,ring_member,855,92856510fbb1,1135ec8f5c40,ccadb79562e7,RING42
CUST100006,occasional_returner,834,559333299289,199bb0d9199e,41589d981e22,
CUST100007,occasional_returner,238,c00ff79ea722,3736f08ff3e2,3a8559698b3e,
CUST100008,normal,767,eb160812bac6,d3d4c7e27722,dd0e91cd4e7d,
CUST100009,normal,96,dbcf9e480ca1,3b769a5eeac8,bcc93c3be53c,
CUST100010,normal,220,db8de6aaf71b,177cefeef808,a1509c40e74b,
CUST100011,serial_abuser,750,cb40b6b3cb39,1518c10ab58b,7ecf31796b6f,
CUST100012,normal,927,07c20ea0850c,1f607d437e93,dc0e77dde4f9,
CUST100013,occasional_returner,984,8eb0f6e22ff9,f7e5c3dd2fe1,a2855aeb5d72,
CUST100014,normal,1473,c5f3a6c0dd4d,cab5bd3c4b44,af05deaa81e9,
CUST100015,normal,1281,7d9162ffda56,a21060de2f53,ff9ba7556f25,
CUST100016,normal,572,cc2b3a8af992,81f1ca361d06,bd3bb162e591,
CUST100017,normal,1175,820f853e8369,6cb2507f8d72,c77a28bd1c45,
CUST100018,occasional_returner,147,0f42bb1dda70,a2949812d647,c2e0d0d457a5,
CUST100019,normal,1286,3954f41a5a67,36a3bde4a2fd,ddb79b77ca4a,
CUST100020,occasional_returner,583,d32f9d29c7e6,85cc57fc0805,6e3e363af5ee,
CUST100021,normal,1141,9b0c0a7a44d4,9fbf3fe31a43,31bdb297c959,
CUST100022,ring_member,1456,b65cdd107e66,c2ecbc227055,4dc747b03d52,RING46
CUST100023,serial_abuser,1056,877873f947ae,46d5a3777ac3,d8826ca94f7d,
CUST100024,occasional_returner,1380,e28633e58852,59631bb2c42f,c1f531e4fd9f,
CUST100025,normal,20,f543f7ad85d0,4758cb682936,37b3fa10a4ac,
CUST100026,normal,259,9699e5838b2e,d22b78edd73e,b210c4cb2d60,
CUST100027,normal,941,4c66176c21ee,3397cabfc170,70142cb04bb0,
CUST100028,normal,813,422f0bf8fbbf,a819b06ce830,37551d6a09a7,
CUST100029,normal,185,42befb326006,f8ad7096197e,4af627ac0e38,
CUST100030,occasional_returner,1078,3984fd8edfe4,f9c424d87f3b,1f073ad745c6,
CUST100031,ring_member,92,8895e40dfcf0,19582701dcc6,6dbd99218238,RING24
CUST100032,normal,1486,58f1c41419d7,bff35f7e254b,271469d0ffc4,
CUST100033,normal,238,63572638124d,b625e225a8c7,a93e7256aee6,
CUST100034,normal,670,7157bf97e3f1,ceb447be3e8a,300c9ccc13db,
CUST100035,normal,1235,5d027e1c07e1,f1b51550d9df,84a0f07e3d89,
CUST100036,normal,773,b3ad23a2e018,72d50e52507e,51188bc721a2,
CUST100037,normal,1117,b07e8e2a976a,3870c4713747,7a0890538d1f,
CUST100038,normal,1056,d4dd72a5c58a,dcf96e41263f,987ea17a2e24,
CUST100039,normal,1423,8f4eb4772b6b,edfcb52d9f81,1ca356a6977b,
CUST100040,normal,698,8fbfc42d086d,7d5854b4902d,9ee621f4486d,
CUST100041,occasional_returner,1468,1dd9a7beb60d,05c03c295e55,96cfefe5e11f,
CUST100042,occasional_returner,777,064349123cd5,55b9ecf27744,c14073f2f5bc,
CUST100043,normal,1340,2691c7bdf98d,3675fcc439b0,fd05cf510d84,
CUST100044,occasional_returner,1100,9d5ea56d8f54,c9f8b8fa0414,4980d2899b6b,
CUST100045,occasional_returner,203,ed3acb123076,32f733c0c82b,3fbc6aca2192,
CUST100046,normal,967,27311d8ca2c7,d5358db8d2d3,3c046884f2a1,
CUST100047,normal,1318,bdcf4be24b3b,242f75fc6900,5891cecce5be,
CUST100048,normal,196,985849defcce,7345624842f0,8deccb4acc36,
CUST100049,normal,1258,bd8a868d9e54,571e36d26944,9239a2046720,
CUST100050,normal,162,53de88240251,fb0307f6daa5,f378b737b244,
CUST100051,normal,1307,e57efb4ef439,79603bb5a0a8,e7a661207a4f,
CUST100052,occasional_returner,1184,c5e665545521,91180137bd8f,dd98c3b57767,
CUST100053,normal,231,81d2951f62e4,c28006601ccd,0e6160f7afea,
CUST100054,occasional_returner,1091,b381a2f0cad3,1b8fcb835f1d,98bdeeb88ed3,
CUST100055,occasional_returner,179,58ed975f8654,5ae878ce66b8,6405b930fc37,
CUST100056,normal,854,75e973798f51,80787513a400,ab78357a5049,
CUST100057,normal,1386,90086a115ce1,f3833be8f729,0644a50269a7,
CUST100058,normal,312,a89cea76f119,9a531de54925,b968ce7574d6,
CUST100059,normal,264,c02eb3762202,1b0a246122c3,2792db007a72,
CUST100060,normal,637,5915841253f0,33f60782c8e9,9d8ff509269e,
CUST100061,normal,556,678c1eb6eb00,1c29e4a6f5f0,6be03bcbe482,
CUST100062,normal,77,f50a860ac088,3ad5df1c6850,da104617f17b,
CUST100063,occasional_returner,686,223f0e17f913,9140e765046e,08583fdbcca8,
CUST100064,normal,393,1b85af4f4d2d,9ef40b2dfa54,08ae5eb54e65,
CUST100065,normal,191,8d51efd90cea,8a3f10d6822b,9ca05bfa7098,
CUST100066,normal,417,ad6c386768fc,7a28264eabb1,93354efb3885,
CUST100067,normal,35,b0d35bc280bc,f60033506d4e,9db61684f8bc,
CUST100068,normal,1372,d5e84ef10aae,b5b6a5c157f4,e88f582f5876,
CUST100069,normal,1491,e8777158011e,f1eb69b42c0c,d2958addedbd,
CUST100070,normal,554,8114716e9c6d,f1bce34c400a,c0298339e227,
CUST100071,normal,1315,a342d310d804,620c421132c4,a559eb362cec,
CUST100072,occasional_returner,694,3c12504d886a,7a47ec60ede1,b31bd436e315,
CUST100073,normal,1368,6863ae716d94,e44a5153b342,5ee01c2b2194,
CUST100074,normal,263,4a3d6e5de560,c89b4dd5a164,4a88fadcf557,
CUST100075,normal,430,ade9a481bd5a,87019bd5df34,ecbf29f7a18c,
CUST100076,normal,1111,fa78c7d81c62,aea9982f46ce,2884419abe5b,
CUST100077,normal,334,3a47fc3e3d4f,9baf6363fae7,d0888f273c76,
CUST100078,normal,1236,3073129a4d0f,b032b6a0d494,ba828e89f982,
CUST100079,occasional_returner,641,4733cb141866,83770bf7ff5a,f35a41595741,
CUST100080,normal,608,4bc091513929,0ffb405f3f9a,6c29000e83e4,
CUST100081,normal,682,642f70d47ff9,ebefc0e92a0c,04a8164458cd,
CUST100082,occasional_returner,1197,e28a66237ca2,0f78552c2e05,2880e3bb3cfe,
CUST100083,normal,13,2a66ba703c04,2883ae670492,5d67e4620e50,
CUST100084,normal,1127,97ed409a333f,8f4bf8e1d396,36c6f1a5ba84,
CUST100085,normal,1169,548cd9c9ad6e,66b52c23738e,3e5b2678277f,
CUST100086,occasional_returner,1232,3907ae8ff469,c955c274ddd4,821cd76eac54,
CUST100087,normal,1495,baefbc88cb6b,6db97707ec72,944032cb0646,
CUST100088,normal,1174,95273536c525,2a49bce86677,3eeb6c4a6da6,
CUST100089,normal,795,9c8d37f18872,c71a70461021,fbd15726df31,
CUST100090,normal,701,18513d9416e8,8957174c9cbf,1402c734332c,
CUST100091,normal,585,8d5ad692e184,e5fcd3d8ee8b,115d718fba54,
CUST100092,normal,1241,11e2f05582c1,702c9233baac,a85ef3f272bd,
CUST100093,normal,592,59b6326356fb,9826c921eea2,07322520cd55,
CUST100094,normal,861,a9a8a7ed679c,0657178a6e0c,caf39708fa3f,
CUST100095,normal,148,c641359f371d,a2e065aeb1d6,d9e0049059a6,
CUST100096,normal,479,e1c4e7643675,f82430914b39,d53cb9b7792b,
CUST100097,normal,402,b176b430920a,834e00a96bbb,bd7b8ed77f39,
CUST100098,normal,655,4902a0c07675,cc5ac329007d,3446e54fbd72,
CUST100099,ring_member,755,b1b7de0a8067,ab22b982fb4a,b6009da06041,RING21
CUST100100,serial_abuser,1076,e4dc30c2d632,bf6226e8d5d3,eac88539027b,
CUST100101,normal,650,5422e5edfa70,4dbb0d99aa90,569da32897b3,
CUST100102,normal,229,b8e85bd07afa,ef3c74c3cb1a,b6ab772d9183,
CUST100103,ring_member,819,f03dd9c2d13f,5a62e5c4c7b0,d0388a77a545,RING41
CUST100104,occasional_returner,86,f11224d8241a,1d3550dcf577,66ebe29b6fce,
CUST100105,occasional_returner,1274,dce73e40d49d,80dd6ff9b041,19fd448ac693,
CUST100106,normal,1156,b7b68e69539c,f2cd000546c3,76e0541b4a6a,
CUST100107,normal,341,2116a537a209,327da7650dee,329b56a5e2a0,
CUST100108,normal,398,eb38ccb14e50,a9ecb82aec59,66f4cf434cee,
CUST100109,serial_abuser,46,80c971f031f2,d593c92bafa1,d6a0dfab802b,
CUST100110,normal,549,d2cd3a7a3480,5553562b348a,e668962749c6,
CUST100111,normal,62,d1940ecd7e6d,097f1ae68e8d,a5f7da7d1c35,
CUST100112,normal,1404,c04875a20aff,ace51dd19151,5a986e974ece,
CUST100113,normal,205,0712ec472181,267e9de6898e,0034c9255ef2,
CUST100114,normal,990,22b5e20e607a,49a9397b295f,5f3c8ba23872,
CUST100115,occasional_returner,857,c720ad59bf10,b43949821164,22286e3b3f03,
CUST100116,occasional_returner,359,259e08e43a12,99d9d5926184,54b1b42aa38d,
CUST100117,occasional_returner,1213,294de13b8056,45448c13d4cd,7326e31df47e,
CUST100118,normal,167,d7d0320aca94,f0e36b8961b7,79f91464ebb2,
CUST100119,normal,1330,34dd6d7ded3d,e3ecf91bba45,1f16d012c892,
CUST100120,normal,1111,fa8ee40ff28e,56b776c3a7d9,982bfcd2286e,
CUST100121,normal,954,f71a3c2d1be9,a46662613a12,c7bf93504c7c,
CUST100122,normal,1320,5e8505d1ff24,1003a2ce13e7,cc1bdb74f346,
CUST100123,normal,607,3887508e1846,a5620b05a4e9,fe2b029631a9,
CUST100124,normal,426,10d8bb5a596e,2939a6e33ba7,a59612f56a80,
CUST100125,normal,235,56f65160e2d5,0258307465f9,e6c70b705ba5,
CUST100126,normal,1386,4a1a58e1b6fa,55a98e47a627,f63febc45c85,
CUST100127,normal,605,05f1dd6ef427,9c5cc65117ef,903e0ed1acd0,
CUST100128,normal,1244,e4b3af4fcd74,54bda2b7f987,3c413e99522a,
CUST100129,normal,501,cf05460bd003,cccd0c4abaab,74c72095ec83,
CUST100130,normal,1432,a14832414647,d16de74d0333,36f7efed9a32,
CUST100131,serial_abuser,1305,89a276462159,82dbfe8e453c,807d7407b84b,
CUST100132,normal,465,26402c56e54e,a91a68a12ced,2b89747dfc17,
CUST100133,normal,732,dded52b32454,158773ea5af2,c18e1c454e32,
CUST100134,normal,1192,f7713530e54c,61ab7ab66b7b,ab60ff84da32,
CUST100135,normal,343,eabb4d6a0c84,41485bea2795,ca45cd5c1f02,
CUST100136,ring_member,40,4963f46349f7,a7044492ee8d,75fa3ae269ca,RING45
CUST100137,normal,436,40b417caa88f,3edaf82d9056,4e1de4512e63,
CUST100138,occasional_returner,887,ddca59c83d28,a96e7ee65463,16d852eb2933,
CUST100139,normal,209,58a0013622eb,07ce60c2a6e2,f44b757c56ec,
CUST100140,normal,503,44a029c2b4d4,e2f0e93ab873,824a59ee5681,
CUST100141,normal,1378,cb97676ca294,8b10ef026f63,a9222a3f1df3,
CUST100142,serial_abuser,117,faa2d0212334,21e59e12b87b,98cc5832dda6,
CUST100143,normal,80,9599b0c04b3c,11c9b5845d2d,372ebbc9e24e,
CUST100144,normal,638,c5b185a7a882,4a7045206ba7,15bb89194ff6,
CUST100145,normal,24,c70f35e20d2b,1dd96ceac83a,5349c75c0259,
CUST100146,normal,46,969cda4d686a,6e50137383f6,65e87de698f1,
CUST100147,normal,278,24cbbf7eb7c6,c71466dbb026,614557bcdeac,
CUST100148,normal,157,cfed7f2961d1,250e38aeb44a,cbab1a50a973,
CUST100149,normal,1217,3713abaee07c,13ec430434f4,7f6b0bd5edfb,
CUST100150,occasional_returner,188,4d2e3d7e4f3e,d0d138dede6b,42e65ce0f5da,
CUST100151,serial_abuser,787,23b4861f97b7,0721843b47a5,bd9a9325a5d5,
CUST100152,normal,1059,63881c8d1b95,bac3ad5535b9,5fbf47343e4d,
CUST100153,normal,940,56c14b390a52,c3b9efa726eb,0abd73175f33,
CUST100154,normal,982,aea2d76ea129,2b49afc6504c,a8d97252c13d,
CUST100155,normal,539,e0f9c8108446,248b00608e8c,a6e5e65ac670,
CUST100156,normal,1333,f1bd0518fbe4,f7e4a045eadd,fee441bd30ac,
CUST100157,normal,107,b7af7506cd3c,8f6080599786,5f55bfcb5a87,
CUST100158,occasional_returner,165,16bb333ee9a7,0038373b0c6d,5f1666daecd4,
CUST100159,occasional_returner,1284,523b550c900e,426095b4c9f9,973d37f3ee09,
CUST100160,normal,107,dec31f359253,37aed590a864,7fb92decab36,
CUST100161,serial_abuser,291,6923c9010c6e,f3f039bff67f,cd44dc81560d,
CUST100162,normal,263,a8b2ccd3a0b9,c45198f0da59,7116308f5f93,
CUST100163,normal,54,e88a72f1cdee,f7fac2d7854b,c4d8318d5ed0,
CUST100164,normal,179,e97c63a70141,7c03c7af99ab,e4248907bd1d,
CUST100165,normal,861,94b8eb99a67b,5bcedb82bb47,f08fd0254541,
CUST100166,occasional_returner,993,35c840acf352,23abd59e25bb,762c5b7b218c,
CUST100167,occasional_returner,129,51fd5cee4a19,12d8e2eddf6b,a25aaa8afb1c,
CUST100168,normal,1413,77be5e089886,5bb75a33b14b,944a8fabefc6,
CUST100169,ring_member,148,9ee6a9bb0c3b,2ee00617c985,fd9fa97c6723,RING2
CUST100170,normal,1032,610a96cd8d46,6c96f14e0613,0f5c460cf631,
CUST100171,normal,1201,998d561f9647,baf4f4632041,9d5c48e78507,
CUST100172,normal,783,349b80d25aef,a6214253b332,63b8660c6bdd,
CUST100173,serial_abuser,739,c666f6603979,ab24be4283af,0eeef4a64dec,
CUST100174,normal,168,e85e8d80ddcd,f574b71a5aab,76e6922c1738,
CUST100175,normal,366,6f2e1f569243,4093f20f8bee,05d60da50ed2,
CUST100176,normal,1276,3e514c206d8f,fa46c1e2cefe,5eb014b6ddb7,
CUST100177,ring_member,526,ffac68ac3986,c9f6125891f6,1eb384fb9c80,RING39
CUST100178,serial_abuser,56,9f473b76426f,10ed6b6f473e,78f5e52f1f6c,
CUST100179,occasional_returner,1095,5a353f851f79,010f97fc37fd,3dbfff7827bd,
CUST100180,serial_abuser,1027,fd6eb33d1d7e,0cc00c5bf9b1,fd106ae48ea6,
CUST100181,serial_abuser,104,41a15a4d664e,26a22cf1ca01,bcf342bfc425,
CUST100182,normal,81,77fefe0d3fb7,8a437de2aa39,c877d3c1c663,
CUST100183,normal,179,cb9ea6a4e2d4,cc0e15b448d4,ce420ca138cd,
CUST100184,occasional_returner,81,732cc830466e,e76c353cce6b,48d5861fd75d,
CUST100185,normal,926,3ae67375fea2,47c03562f7ed,abadb14279aa,
CUST100186,normal,203,71917a08f1b5,1cac0d422997,8463e14eb438,
CUST100187,normal,912,20b8b446e6d7,d6bd30ea0c4a,b917474b5f20,
CUST100188,occasional_returner,268,dff4f09abcf0,c15791080104,ece634463b69,
CUST100189,normal,1458,5c3b9540a692,8a04610e09e2,376d3e9af813,
CUST100190,serial_abuser,1090,1d52733cb7f7,51d00267d238,ab0b8cb8f300,
CUST100191,normal,564,024db84a35da,c9ef93b9ff16,9ecf04931efa,
CUST100192,normal,645,d8f94c02f710,95eab834750d,633208f3c7bd,
CUST100193,occasional_returner,102,f5c5b3e6604a,218a624f5ca5,b6b19647d6a7,
CUST100194,normal,87,4752afdee3fb,115742dd9699,d0cf4c345ac8,
CUST100195,normal,808,60cbb54702d6,c4a16174c9ff,2de2cdfec259,
CUST100196,normal,39,8937192ec7ff,ff51f82f903e,6f80defa4bde,
CUST100197,occasional_returner,959,f5ab465311dc,b5f8881bd7a0,49f70aea4c00,
CUST100198,normal,576,fc53b2f2b160,b8e4042e2d00,db2e48cd5d4c,
CUST100199,normal,213,4426011a835c,3cd879289483,8440bb509f45,
CUST100200,occasional_returner,805,e18a00c82c5c,7de178e4e61d,22497456ba89,
CUST100201,ring_member,831,bdb506085825,1b14d3757fe6,89b6ccf0bfec,RING5
CUST100202,normal,1120,dc102fb2e21d,eeda4c61bead,15095f1eeaad,
CUST100203,normal,300,50b164487ca6,41c031bdd688,690555208b1e,
CUST100204,normal,823,7f2442b97469,923ee510b84d,a05cb1ef739c,
CUST100205,normal,1267,eba535c2df95,df475a7a4f85,08f0e5d9fd68,
CUST100206,normal,408,19fb7774d39a,cb80153a262f,98dd5ac0ef79,
CUST100207,normal,1253,989d2c6ac003,f602ef6370be,228e8fa6ac88,
CUST100208,normal,1086,432c94cabbf8,5e47b4348b92,971ecbd8111d,
CUST100209,normal,647,2bd73a146006,0a09427b11b2,557068f42cec,
CUST100210,normal,1325,9b1235fd9ca1,e94bce631eb7,ad10f1b416cf,
CUST100211,normal,1450,ff9d97a007c5,849df2613341,38db4e238987,
CUST100212,normal,359,8064e0d90237,20cce2be2766,d51c82eb7f60,
CUST100213,occasional_returner,1469,2dfad60011a0,04b6d264b9d0,c83721567b33,
CUST100214,occasional_returner,8,ae96028c704e,86b715d74ac8,2745ef518b80,
CUST100215,occasional_returner,198,b24556b6bdc5,c2286fa5f82a,d60bd591e4c5,
CUST100216,normal,69,118c7b19af0a,880d7a93a918,143bedb21bd4,
CUST100217,normal,554,6de8c120f4bc,3262d67b6363,087d9431e2bf,
CUST100218,serial_abuser,1405,c709af1b04b9,68c19a3286d1,8022f5af4d96,
CUST100219,normal,902,6bb8c3af8d7c,851b70b5b425,ab166db165b3,
CUST100220,normal,926,ae796332b349,94d7cafe8076,b2ba4bd50508,
CUST100221,normal,131,562ec0cfe228,881d06c46805,8a7f8d054876,
CUST100222,normal,776,26e59d78a45c,d5529734f2a3,16afb59a9275,
CUST100223,ring_member,577,e443a0b0fce3,d7415fdc22ab,2eee354e1c05,RING43
CUST100224,normal,721,89dc0c43d069,773b0791eb1d,938eaf1b1950,
CUST100225,serial_abuser,395,1f7b9a2718d1,05c6a9821e37,1057245aeeab,
CUST100226,normal,306,55ed1168b6a2,d4d32f988adf,050a096071e4,
CUST100227,normal,1428,ebd2c6f3cd61,e83c5c22334f,3b2c7f1b554f,
CUST100228,normal,839,83fea5e9658e,f9ee03aa2ee7,2fa1bbadf4aa,
CUST100229,normal,620,88cccdf3fab2,5c1170226b93,769c19322f3b,
CUST100230,normal,115,fad1eddc95b3,86e06631df99,ffa30970e6ae,
CUST100231,normal,1145,8af2564cdad0,8ab0d0390e1d,64fde24d69f1,
CUST100232,ring_member,711,919103fa1d51,8d22f4d8aa7a,fa59f4d0dd00,RING34
CUST100233,normal,583,8c25a4b625ed,c13843e7d281,8619e8af6997,
CUST100234,serial_abuser,1002,c2002dfc7041,0c5df635645b,d80ecd7d6bb8,
CUST100235,occasional_returner,202,0bafc11bd26a,f54173197ba0,9f2a90b9ea83,
CUST100236,normal,802,cfe686cd3eaa,26ff7ca21342,01f839ee5e47,
CUST100237,occasional_returner,1295,4182cac918ce,50c551bbd50e,0b73475cacbf,
CUST100238,normal,698,63ebbe305f90,df7d0545fe20,8eb61a063f87,
CUST100239,normal,5,77cebd243307,31469ce8ecb9,aaddd5a2f7af,
CUST100240,occasional_returner,348,802777e7163e,032a68a31724,d31eb082a635,
CUST100241,occasional_returner,88,da1329989daa,958accb6ca9b,24fb2c2a451d,
CUST100242,normal,752,344dc2ce3ca0,31c4844c619f,ed1129986a62,
CUST100243,normal,549,f3fc7a3967b4,a126017528c4,fb317d449fef,
CUST100244,normal,202,790e6ccee5cf,693ac4e8cdd9,508ecfad1823,
CUST100245,occasional_returner,1031,11809ee15577,0c3352044932,3c42d6f0eae9,
CUST100246,normal,269,20ca9ab1f67d,f7f8af17339e,ebc7f6b961f0,
CUST100247,normal,515,8ffeaa5bb176,8c3891e8917c,75a2705a85ba,
CUST100248,normal,1481,662f5dfa69a1,932b38b681c3,193034befd1f,
CUST100249,normal,104,5f1529d3ff69,d0c4125edaa2,63d096b045cb,
CUST100250,normal,375,b408c49fc0b0,932b38b681c3,6bcad72a5700,
CUST100251,occasional_returner,480,09dd2a88eb0b,d50871ce4696,945797c011f0,
CUST100252,normal,765,53e9002e5982,4dd214e4df09,52ba4e71f419,
CUST100253,normal,371,7038ff9e9fa9,4406a56db8a6,372e2987859c,
CUST100254,normal,1455,d37c7f8b7aae,9acae8adae83,7e966d340565,
CUST100255,occasional_returner,13,3c24003ff819,206470ad4214,4a33c90a1690,
CUST100256,occasional_returner,1422,a0bb2f0b9761,1c9146cc9173,11dcc5913dd8,
CUST100257,normal,804,64ffdc5c7bb3,4efc746eeaff,2d0519f9ffef,
CUST100258,normal,62,7de87a080f88,1442ec35621a,836b09f76625,
CUST100259,normal,179,6fe8ba089afb,df45df513d68,ed34cc25e869,
CUST100260,normal,159,a7b51205ff61,88e587785d73,3ce3e1255206,
CUST100261,occasional_returner,434,f51af89a1945,f92e257136ef,a01b1f0d624a,
CUST100262,normal,502,57758b2bd979,773ffac8d9c4,cb118793d80e,
CUST100263,normal,963,a07efff7b5ed,f5e0bfd7b2a5,2194400a2a68,
CUST100264,serial_abuser,470,61ce25b725e1,524168a11ee7,ef2a60797a95,
CUST100265,normal,1089,434004232234,109d9cc68854,8111dba33045,
CUST100266,normal,444,eb37c6883b11,e5ceee0a4046,a2e4b7f7d22e,
CUST100267,normal,398,bb38f4e03280,63b2bdc42a33,b4f9a43b559d,
CUST100268,normal,416,b33615718c31,2f60debab2c3,faf1b5f41fb7,
CUST100269,normal,497,b6619a2b5b24,d1feecd4b138,e195e7849da9,
CUST100270,normal,1257,597bad72415b,ed92bc35f9bc,eea0e5598a35,
CUST100271,normal,374,82c1b0ffe596,757eaf12dd63,db47f6c1d0e2,
CUST100272,normal,413,ed3696181781,7f92dbbfe339,5bf8fc576708,
CUST100273,normal,1435,9dbeee87584a,7a9f93280c06,24d9021765b0,
CUST100274,normal,982,ed224358f436,e8d3e8be1a0a,be413965a107,
CUST100275,normal,289,f2009b9226cb,daa25f2819f1,a5b93d80cdc6,
CUST100276,normal,1302,f66de9007d8e,bbe38b128879,d758780d0c17,
CUST100277,normal,278,33e0a9efe590,3dfcecac3a43,df28871f711e,
CUST100278,occasional_returner,247,1bdd762a8c8e,8e8c18205ecc,03dcacc2f98d,
CUST100279,occasional_returner,670,4e9c87a16734,101698c8323f,0b131d538ff3,
CUST100280,normal,1038,5cd68ea88429,60601651231c,aec561b63c64,
CUST100281,normal,288,3c669cbc2be4,027ab1d41d97,b3011ab88cb3,
CUST100282,normal,1131,aba32515cc52,2b69714df4a7,8987b6fd1bfc,
CUST100283,normal,239,ec1fc6be8589,514277c2121f,6dc30f8356fc,
CUST100284,normal,1173,ea9756db6213,766f382bd0b8,1b2239f1ddcd,
CUST100285,normal,148,8cd2f9299d32,ddb793bb28b2,a5043eca97b5,
CUST100286,normal,699,f492c0b77e70,0f79e46540ba,1835316c844d,
CUST100287,normal,962,24ba4991cec7,e3f7438716b7,75a9e6d2b9a2,
CUST100288,normal,402,11aa3696c94b,24e89a9be4e9,8e75ff8e4a7b,
CUST100289,normal,920,d77940c91c68,db6057a749a1,171738b9b101,
CUST100290,occasional_returner,1034,fec46f11dd60,5803d756de07,2466a4620293,
CUST100291,normal,976,bd32295df7f0,4fb2d6657ddb,ba2aa244d4bf,
CUST100292,serial_abuser,598,e136e6255d0c,311e45405987,765ec511049e,
CUST100293,normal,1161,190b559dc32b,550cab05c457,14a84e3c24dd,
CUST100294,occasional_returner,1098,2c04a7d2c2a3,e19d2e9ceecc,5de589daa9e3,
CUST100295,serial_abuser,492,916e10575e14,7dd83fc3439b,d657af4cbcdc,
CUST100296,ring_member,1101,b1b7de0a8067,f73ac6b7b252,b6009da06041,RING21
CUST100297,occasional_returner,1378,8278407c0b24,746af433c2cf,88abb18f042d,
CUST100298,occasional_returner,1225,bffae0e83d03,a94416fd01c6,80c83fdfe603,
CUST100299,normal,1101,10318a017275,e722c943cd7d,6b75b746f0d8,
CUST100300,occasional_returner,1150,1201e53987eb,54a880cb8164,ab9111c6cc1f,
CUST100301,normal,1208,96b0b42e58b8,342ddd481174,7d098aa8bb72,
CUST100302,normal,437,df9eee42b303,109eeceee25e,843d1f4cc96a,
CUST100303,normal,1082,383bef6169cd,ed413e660ee2,852f69b42f55,
CUST100304,occasional_returner,303,b5ed5a5cd175,558160534810,201682965992,
CUST100305,normal,540,64383272a9a3,55689d89e014,70c33c7fd6f5,
CUST100306,normal,1402,ec3582f58f97,646f3bf59ee8,9dac08f66935,
CUST100307,normal,428,d710a4dadad6,05a90c94bb75,b41de842c3a9,
CUST100308,normal,1266,3852e616378b,58dc7a3a6cc1,6831efbe20ce,
CUST100309,normal,636,91bf0e4305ff,f730be1cb2c7,116d65ff5ff2,
CUST100310,normal,318,933d68cabb18,fb2ff4bc99ff,8fff1625a407,
CUST100311,normal,150,2af9a220c0ff,9bde06b34e00,d0da41c2e196,
CUST100312,normal,824,79b99db0722c,104f7395a489,6281d3e3a46d,
CUST100313,normal,679,7611ddadec5a,c9319eade3fb,e74c06798238,
CUST100314,normal,769,026a27385419,8ba119e978f8,219ace9ac510,
CUST100315,normal,69,ba64c00e5758,26541d5390f8,686dd358b4ef,
CUST100316,normal,405,14d3609fbd61,29d8b6aa08e7,910cf05cd085,
CUST100317,normal,10,f11c711dfc52,a4763f482895,1c29f1bb3436,
CUST100318,normal,457,d0ed28f17d3e,56f422189143,ade2d5cc1e8a,
CUST100319,serial_abuser,1397,f415ba699769,b89a0c80a1e2,73da37969d59,
CUST100320,serial_abuser,232,8c71b16d1ef6,21376348abab,b5ddce20017d,
CUST100321,normal,1035,8f0bddc45e98,197beeabbca9,a613c28277de,
CUST100322,normal,13,5d3040f63380,29e9e279f7ef,fa1941e78a36,
CUST100323,normal,844,457aa8d29919,315367100dbb,9d64571fc51b,
CUST100324,occasional_returner,1381,ddb89e3365c1,b27e96616603,c61b16783abf,
CUST100325,normal,514,1ffaffc075ea,ca6efba793bc,ac90b13c7015,
CUST100326,occasional_returner,299,2d8f2d141375,57337329a6b5,e88fb5256a49,
CUST100327,normal,857,4cee92cb68eb,c0b5edb1d71a,c247acc1559c,
CUST100328,normal,422,39b42caaa0a8,004a0a3022a4,0a6770c4ef65,
CUST100329,normal,1337,9c3c1b5d9349,3a26cae3aac5,4983157b9343,
CUST100330,occasional_returner,1274,d4cbf9ec3dd6,b765308575de,97cf4f557c7e,
CUST100331,normal,980,f3462fb28f9a,d5521ad61985,d26a3a16314b,
CUST100332,normal,960,b1436cb75e72,65dff3e1a36b,9f3755e12676,
CUST100333,occasional_returner,905,2cde6b30dc2f,5cf2cd1cf4a0,f4c0f74ccdac,
CUST100334,normal,1104,26c3f1e7bc2d,3b78326af912,2c64298c0b46,
CUST100335,normal,693,a2cdc4fe113d,d0b7e004d4b5,3783db339cfe,
CUST100336,normal,1454,8dc4df8282c2,0024d835e220,1b5cde6c1527,
CUST100337,occasional_returner,521,0deefe0418d2,fd911421cdde,1bd679ebd01e,
CUST100338,normal,18,c9c09ffc7fd8,c89e904518fa,4f8eabf48175,
CUST100339,serial_abuser,1049,f9b76816c2f7,5b3be6a8f823,98a6bdb99237,
CUST100340,normal,995,d9c20fbcc841,8e6d8a8c865a,56a1dd1ba18e,
CUST100341,ring_member,1471,f21e51bac25f,c4655a789d35,6a5d1384cbfe,RING0
CUST100342,occasional_returner,596,d1b874355957,54950e837a24,216fcefd05c4,
CUST100343,normal,640,ae2b0b621869,873cc631875d,866c4068edbe,
CUST100344,occasional_returner,845,b83e6b966721,4a5f7e776d73,460d91ef3af9,
CUST100345,occasional_returner,591,b7c3e6de3589,1f6a5f1a5d37,1659791588d3,
CUST100346,serial_abuser,1178,97b0b85028b2,58d8f95c916e,8b03876b74bb,
CUST100347,normal,645,cb0e6b4a1a05,87cb17907940,19246371822e,
CUST100348,normal,1176,2318e4d7c38c,78c523658daf,014dde745ad9,
CUST100349,normal,641,4bce31f37a40,6d1430bd9a30,a56fc01d68b7,
CUST100350,normal,341,d19128dc1588,d0a52f7e771e,53be9a6b6141,
CUST100351,normal,1485,f02b814babce,84749cffd215,4d091b7d8eb1,
CUST100352,normal,792,783f5a993c91,4cd8999691ce,20442ffff737,
CUST100353,normal,1061,1ce1929f5b41,5fa29f17e36a,1dbb765a9404,
CUST100354,normal,888,ea3ab6c3e4b4,f30b6af23679,5b48787b9cdc,
CUST100355,normal,541,a32b23e4c7fd,579a2bffefa1,f39df7bdf863,
CUST100356,occasional_returner,1458,b51512604946,48e0a710f04e,2868127a533c,
CUST100357,occasional_returner,560,08c7a5b90794,e56ee215a85e,84d4b226cf99,
CUST100358,normal,1489,03ef9022b10c,c562a25d697e,10c4e700ecc5,
CUST100359,normal,649,05c69ac129cd,afc06ac8c8cf,1be0a5a9a3e1,
CUST100360,serial_abuser,38,6cfda7f45a52,9a2dc0262570,e4a310ae651e,
CUST100361,normal,59,696169cc054d,4e5fb3f2cba2,460c5dd0233d,
CUST100362,normal,1460,c4152b9318df,1da4c46e3142,43d2d2d27a72,
CUST100363,normal,794,3ec93995f9c2,110c9fd969f4,b73905222d25,
CUST100364,normal,584,a9d4849b6746,fc79957f27d4,9678bd65062b,
CUST100365,normal,1218,c294835dbdf5,b5cfb5c28956,f6b2274023e0,
CUST100366,occasional_returner,927,902370641eac,ab6c5bc19f0e,8d459133b098,
CUST100367,normal,992,ea48b62ee37c,0f9f5de741b5,c4981f1d0c76,
CUST100368,normal,1029,3bc4e057b12b,f3f039bff67f,951ed3bbe430,
CUST100369,serial_abuser,301,cfd268ba5b8a,5609e48baf81,bedfe5150327,
CUST100370,occasional_returner,136,dc98eb026a9d,9dedf4f74f8a,ec879c66f212,
CUST100371,normal,1093,5d571a20f728,e661ec15e29e,1bd56f669b4b,
CUST100372,normal,37,fc1bf7cea76d,43f35b78cd9a,d4e6419108ed,
CUST100373,normal,1080,8df63d890bde,83f71a902aa9,a5aac9c86920,
CUST100374,normal,199,a0b8c787decc,2a67f954e89d,4b84752800b2,
CUST100375,normal,397,6735780848f3,1ccdd86e2ebc,32838d374c72,
CUST100376,serial_abuser,1063,487758f62979,bd6a808b16fd,ac0840b9a3ee,
CUST100377,normal,936,18abb1c96b1c,484f00caa127,96aab9fcac90,
CUST100378,normal,1173,5d23d88beab0,97e0b37551c6,3100469ac6b9,
CUST100379,occasional_returner,918,48cd86a03bcd,0f18fcc73d3d,97a4f5344003,
CUST100380,normal,76,910634d7dff2,ef2bc54835df,72b3fd9bcb81,
CUST100381,serial_abuser,1260,05a073549334,bb8079c3f86e,04bb784e551d,
CUST100382,occasional_returner,327,cfeb452e2aac,f445428d99de,c62b8328411e,
CUST100383,normal,208,cf9fde42be88,0d14df16a9f3,eaee19e15d89,
CUST100384,normal,1318,8d474f1a33fa,0bb049e1b5f1,a858262b5d55,
CUST100385,ring_member,296,f21e51bac25f,cfa26d6a8481,974cc5e6ac5a,RING0
CUST100386,occasional_returner,806,faa220b20589,83770bf7ff5a,5ef532778d3a,
CUST100387,ring_member,731,92856510fbb1,25e10331de0a,ccadb79562e7,RING42
CUST100388,normal,1155,f065a5810acc,864918ff1a49,5352231b1468,
CUST100389,occasional_returner,70,674ab8fbf294,1ca121831182,6fa65e77040c,
CUST100390,normal,164,cd9193d66e56,825ec2ace36a,81c1a1ac803f,
CUST100391,normal,626,777325e4d412,9ee50e5494eb,d8c672f57a91,
CUST100392,normal,712,e6088682935b,58a62b34bdcf,e67535e6f5ec,
CUST100393,normal,1183,6b7bf0bcdfdb,26bdc4ee8c31,731bc6a5ffcd,
CUST100394,normal,910,7a75a84a5887,a072d64aecfb,8c1dddd63167,
CUST100395,normal,227,aba3b4d8e03f,712e0ca29e87,19a392022d61,
CUST100396,occasional_returner,1468,9e9a4cbe8793,2b287bf7b41a,b96e1d6ed5f1,
CUST100397,normal,692,05239c8951d3,ea1b4094b3c8,725c55b1ad1d,
CUST100398,normal,1447,9e9c1843d397,6470a8fa8b08,c1153eda4b8d,
CUST100399,normal,1484,9b45508b6542,e5b7781f7d60,e9dcceb759c2,
CUST100400,normal,82,af5e6405ef10,eb807aa6d347,682ec7f89aef,
CUST100401,serial_abuser,761,be8ea99cd998,8d4df09ff90c,4d3cdd57fa2c,
CUST100402,occasional_returner,635,96175f8e4415,115b9ea87692,ca1e61539aae,
CUST100403,normal,749,24de6214bad8,bc797e8b30a7,a0482e9e5912,
CUST100404,ring_member,468,342d51672832,8f5cafe90da2,93a2bf17890f,RING7
CUST100405,occasional_returner,840,beaadd63cf6a,7fd3ab359dd0,67421fc1eec3,
CUST100406,normal,740,90104230ef7b,0eadd9dfb4e1,1f3db73355a0,
CUST100407,occasional_returner,283,7dfbc72ab9d8,05a503c0d6f6,f642156f9f63,
CUST100408,normal,436,a7ca96f6339a,6e6a61a3a1a7,d3a47296adb9,
CUST100409,ring_member,225,a3fe17aa8a28,9d428f65f98b,4e98e2d3fa9c,RING31
CUST100410,normal,1266,c4f38ddc7220,3b8f3453a006,2737f91f7973,
CUST100411,normal,1017,f451a34d328c,fbe17c8ca99e,7d20cfdcc99d,
CUST100412,normal,584,0eda0398752f,0c9f12f6b5eb,4b47dbdea083,
CUST100413,serial_abuser,596,92c19624dffc,6527021e5458,56a5aa60e3f6,
CUST100414,normal,123,69ddec81ac8f,5b0a765b2335,9facbe1acf16,
CUST100415,normal,438,463619e5a083,43454a0cc0e3,774d24417b16,
CUST100416,normal,1387,ff3575362322,cf337739c926,ff20c84bdcc8,
CUST100417,occasional_returner,51,483c74b2bb94,e2f7ea448cfc,8cf469d62469,
CUST100418,normal,223,d24cc0724177,ff530978ba80,e0cae80a1647,
CUST100419,serial_abuser,1269,62dd1ae7fa2a,3203205ce7a3,d89fad4eff60,
CUST100420,normal,782,f5400af06691,00f8121c3866,4a3b3c3bc663,
CUST100421,normal,53,1f559770f179,690f1b0de89d,dafd8f989ad9,
CUST100422,normal,737,bb681f7f022c,235e8d8197a7,1e2c7a8e6b51,
CUST100423,normal,1126,8527b4e75632,2fcae7577096,4d71bc0dfc41,
CUST100424,normal,520,5cd99d1e5d89,e25d61c19846,67bd0a83b88a,
CUST100425,occasional_returner,576,dc7c69f4996f,1fdce82736c9,1b4dfbbfd08c,
CUST100426,normal,948,bdd0f8449fed,9166d3d419c9,52b07baf5685,
CUST100427,occasional_returner,900,a37ba37e6df9,ce887543dbb9,8fbc9cca261e,
CUST100428,normal,1354,8d3c5192d066,954718bb2a64,c6bdc7754826,
CUST100429,occasional_returner,375,1ce7ab40dfc0,a86ab9942840,5f29ad626677,
CUST100430,serial_abuser,417,c8b1f0a6bab7,8abe6289e94e,7f2d74788b4a,
CUST100431,occasional_returner,237,a92dc4549fbd,8b45443e494a,2bdf89dce5e0,
CUST100432,normal,999,2ea521b576c1,075e36737e0e,0259e5ffeacf,
CUST100433,occasional_returner,802,f862f242e4f4,eaa846515d36,14ff10adaf48,
CUST100434,normal,523,649fa5317176,c75778526042,155d328736c2,
CUST100435,normal,1044,6c99c52b8dfd,62a87029187e,8c5276de2409,
CUST100436,normal,568,fe3334cdb36d,5ecbb4d74abc,969b0961e317,
CUST100437,normal,297,64dfa04fe1a1,d78f4e303b2e,80c397ef7afc,
CUST100438,occasional_returner,812,659deb80b01f,cd4e37de1b3c,3e6e05f2c69b,
CUST100439,normal,657,59d9226046cb,74fdc64b580c,73396309b64c,
CUST100440,occasional_returner,611,6edf767e9a46,9adf7a806f6e,56809afc8fe7,
CUST100441,normal,669,687edc4360d6,7facc52e5528,70b2d52ddd77,
CUST100442,occasional_returner,1371,d325779bf9bd,2325965a013e,df6f60b309ed,
CUST100443,normal,327,5c634063535c,710a963d7bba,f79aed6894fe,
CUST100444,normal,417,0930f154314d,fc46c4d0dfe8,d5edbdf19dd3,
CUST100445,occasional_returner,849,6d1fac9f31b3,95140c996b9b,703bfd538c2b,
CUST100446,ring_member,74,ef2a5ca81b4e,523dd14d1b9f,32faa15c2379,RING47
CUST100447,normal,223,187a56255617,b761c5b4f43a,fea0d805e53b,
CUST100448,normal,851,797f46ca2981,f2c64f9af0eb,57aadd59326b,
CUST100449,normal,767,db81e3529a82,d39e1e263c4f,b7ef3bfe3125,
CUST100450,normal,980,8241ead5cdd3,1e96bd17a655,d66543ba73be,
CUST100451,serial_abuser,174,ad0b79659376,7d6e94853217,ad51fdeb8b96,
CUST100452,occasional_returner,1281,c20b25f95d15,8784819bf718,357739a31658,
CUST100453,normal,730,680d83803deb,3d4ce7d98b67,388410f422dc,
CUST100454,normal,236,08036389791c,d1f559fe3bf0,b9e716636ace,
CUST100455,normal,470,49eefcfdb338,d1dc8e335917,9f3261d6d0aa,
CUST100456,ring_member,345,9b9ecb050cd2,fb44764201fa,91b75c4effd2,RING29
CUST100457,normal,681,b954b3dac642,fd7db392ce01,1dbce191e22d,
CUST100458,occasional_returner,706,e65060b544d4,1806d0fda8e9,1a7ddc5f426f,
CUST100459,normal,653,af1cb6dfaff3,eb41df0a07c6,8499b002a8bf,
CUST100460,normal,694,6075b9b8a4b2,b42ae41e90f6,59215f50d8fb,
CUST100461,normal,1362,f4533eea2fc2,b554977936a0,2564b7238034,
CUST100462,serial_abuser,1438,079224992214,33f8439fcc94,301f0fb0c3f6,
CUST100463,normal,737,76802c80c80b,27be58dafd6a,c623c00b115b,
CUST100464,normal,1444,6fd5fd9dc025,7c4a1c966ff9,b4cb60b64710,
CUST100465,normal,1228,e9bf2d255938,46f5d9d91f46,f4eab77eb8c1,
CUST100466,normal,1230,983d2bca169c,e3264c4d901b,b4553ea9fac3,
CUST100467,serial_abuser,342,74aa2972c9fc,727edb348c09,a6baa5b1a4cb,
CUST100468,normal,660,9344f9342630,0415792ba450,ad70086a5b56,
CUST100469,normal,531,06ce14fc9e01,7c0b84033498,b97e9fec8689,
CUST100470,normal,149,9694908b7cba,a01bea06f755,bbf74c934174,
CUST100471,normal,117,74da0af906d1,b6070d023d9a,f7c3cfa8c468,
CUST100472,normal,935,bbe9839db033,923a7cf361db,74d4766201cd,
CUST100473,normal,634,4aeb4c356fe0,8c5ef2e84d3a,046f2f465d5f,
CUST100474,normal,1239,18ffce60a4d1,68b8189a6345,8e16287670fc,
CUST100475,normal,1004,9102d59d61b3,dc253c364778,7f973d5d0e1c,
CUST100476,normal,132,a4ac3052c37c,2c2939ee4bd1,71279a1433a2,
CUST100477,normal,1258,375f5e6c8c81,46d41258c283,aa8fa78398e0,
CUST100478,normal,746,ba1f36ed4fb8,3ade98a912c8,2df707e2d2b7,
CUST100479,normal,851,d9fdd4ea5e25,684da16b5556,8aff394f4f18,
CUST100480,normal,1448,69b2cc0450dc,8d825822ca12,4ae69cc04792,
CUST100481,normal,961,5549e0dc7fdf,5077bfc386db,71f44c442322,
CUST100482,normal,38,5d176b2bbd4f,c9313a0acb4f,7ff88bb9098d,
CUST100483,normal,270,7c7ef0b22ac1,2394a134489e,f1ca5d6f310e,
CUST100484,normal,642,ee65a4a994de,67cf5feb841e,32ac351f44f2,
CUST100485,normal,60,74c160669cf0,adc29f9100b8,689a6feafa32,
CUST100486,normal,255,6afc1810d367,d94f863c5b8b,144a9af84036,
CUST100487,normal,1188,66777977e6c6,912ce424aa5a,70e5b347f996,
CUST100488,normal,218,6f51dea81d0b,2cdaad55d8d4,2be5e9dc9b38,
CUST100489,normal,254,8b7d380f1c6f,996175586ecd,6f6dd56d7629,
CUST100490,occasional_returner,759,42e49c0cbad0,cf3a2bce362c,26c704bd8397,
CUST100491,normal,141,e9ebd5b52e77,6286683db3d2,ea75c5d39d93,
CUST100492,normal,387,611c5ca8ecde,56447c999e63,6a9b0983c27e,
CUST100493,normal,1406,c76cc34a28cc,00231f76694b,7138c385915c,
CUST100494,occasional_returner,949,18531d67a019,acc606ac0cd1,d54145ee1e46,
CUST100495,normal,1445,4a55f67dcc59,36d57349bfc9,d5f588bb4fd6,
CUST100496,normal,534,31cc487c8e19,ddb793bb28b2,a5043eca97b5,
CUST100497,normal,926,70bfb1c673cc,509515665ead,58b4b528d7f6,
CUST100498,normal,361,07d4e2c88650,f817f1263c96,abb538f10ad3,
CUST100499,normal,571,3d677332488c,fdf63451ed74,a32d1ba66f37,
CUST100500,occasional_returner,266,9deeab82f214,3d5ffd259b1a,f2db90577fb0,
CUST100501,serial_abuser,1250,680974d2543a,0e07b7204056,a9569fb9b80a,
CUST100502,serial_abuser,280,f781e893c7de,aadb242e1a81,f9e7caf3d69a,
CUST100503,normal,311,050fb8e2e22f,ab9fb7f0212e,2d03e334bed0,
CUST100504,normal,698,34a6531a7a2c,a85f4b1e1ef1,00a9278469ce,
CUST100505,occasional_returner,646,e7dcd27f4678,078141ec5c2d,5ca24c31a91d,
CUST100506,normal,474,03b7ed906a7e,9b9bf120b59d,e26397b0d710,
CUST100507,occasional_returner,538,242f8afc00c9,8493025d990c,9ee374113631,
CUST100508,normal,446,a8c9a1d28e10,f1bb5c453639,cf38ca78c318,
CUST100509,normal,1369,bab09ff91d34,3b67e9b006d5,6ba104a109e1,
CUST100510,normal,872,b8a836894739,d66724ec263b,c6b3914dd0a3,
CUST100511,occasional_returner,1380,8428cfaa7760,ea237303527b,230b0b82d47f,
CUST100512,normal,1480,fd924b70343b,0d3002016a24,5be425fcee11,
CUST100513,normal,978,610a88c694af,74c708a63f66,66fff9ca0a0e,
CUST100514,normal,1239,92313ce14adc,085bf6192fd6,288358b0b922,
CUST100515,normal,170,4a90f2c3fd43,1b07f8d25f2f,162da723a43f,
CUST100516,normal,1424,733d45497e53,a1ae1bbd6f8e,074e5fa6e124,
CUST100517,occasional_returner,725,e3163f931d9b,4b5e8506227c,5501bc3a15ce,
CUST100518,normal,1071,97232b703044,adc7fa4e1868,5af1f8cdd2e9,
CUST100519,occasional_returner,371,592b784c0470,656de283bf38,510380dd6266,
CUST100520,occasional_returner,147,2db00132bc8e,6d0398395454,a892ba424775,
CUST100521,normal,1327,b943d0f2cec9,c20ef8fabb99,aa03c5474028,
CUST100522,normal,676,f9701ea1d2f3,232b4ffbcf9f,aac3102251da,
CUST100523,normal,211,c28590ce1161,86c3a7443b02,a8774d04d877,
CUST100524,normal,989,145447edf558,1f016c68835a,f96e4cd8e692,
CUST100525,normal,86,a8c98fc1de91,4144ed0e9018,3b4a396543fe,
CUST100526,ring_member,678,9ee6a9bb0c3b,6d838b764451,fd9fa97c6723,RING2
CUST100527,ring_member,1058,3cad6c2ba20d,b7527d21ddee,bb8fd306fdcc,RING17
CUST100528,occasional_returner,1082,f5753c4500ef,558b69769691,c5f06523c340,
CUST100529,normal,682,008cfd3c0c13,675bbbc08a39,073cfbd3dbb5,
CUST100530,normal,558,fce29d48d8e2,99c8af17f23b,b9ccef8497b8,
CUST100531,occasional_returner,1258,4e063bd1ef61,4f6fac0fec48,28c08739c8a7,
CUST100532,normal,281,4779c55a5da0,938ff379fbe9,7c8086e0ba34,
CUST100533,normal,116,ec8dcc6efe72,5565e03b2f26,0d2862cc36e5,
CUST100534,normal,239,235ceb22d988,b674b8133e2d,ac174f76e444,
CUST100535,normal,1202,3a9b6b25209d,fa3e96fea60d,42b2155d20a4,
CUST100536,normal,707,2d7bf8923c85,3f2264af7f0d,f6e8aabc50ed,
CUST100537,normal,60,280e90b324e4,c0171ad6a276,8e38311e4198,
CUST100538,normal,257,d26fd3dd48d2,b8bbc83a4132,5b9112553e00,
CUST100539,occasional_returner,46,7d1032573c2a,ab0faa42985e,9725eaa5b1e1,
CUST100540,ring_member,1222,9e510bbc881a,23619b3ed487,4d8ef8a39a1c,RING22
CUST100541,normal,694,ee4999886ad7,61501f94b58c,fd144dba1213,
CUST100542,occasional_returner,106,ee424db95af7,21c921714f00,4dbdb29d9ca3,
CUST100543,ring_member,335,4963f46349f7,44bfe5125bec,75fa3ae269ca,RING45
CUST100544,normal,926,ff523748b1d4,c94edd54d3d6,9492bd96669a,
CUST100545,normal,892,a0ae7de4bccf,54e4abcda69a,71c274913e69,
CUST100546,normal,1229,d0ec737f0386,3c27da53b593,0e27cec89ce6,
CUST100547,normal,43,40a2583611e2,5faf6221c19c,ec6a6e7bbd3e,
CUST100548,occasional_returner,108,428dd93ab635,906ac2aa4bdd,573cacf356ef,
CUST100549,normal,57,cc79c6643b31,b3c26bab5e7c,7c98667b1a66,
CUST100550,normal,594,3c43800dd892,7e416f0e980f,a4c31cca292e,
CUST100551,normal,1092,65a264356f54,c1639b2b7b6e,83a09c749599,
CUST100552,normal,996,46565f2cefcc,5e3ba280148c,50da11078f66,
CUST100553,serial_abuser,319,c363c3e6c0b7,77b70548165f,14137b088618,
CUST100554,normal,987,27af928d684b,e3ecf91bba45,d834d831120e,
CUST100555,normal,986,da06d025d4d3,393c318b2bd2,2aae0d2613f0,
CUST100556,normal,291,52c96ad8553d,ec9f958d8117,acd522f8e878,
CUST100557,normal,1126,040fb2437555,8c2bf357da2f,d4a6988388ba,
CUST100558,normal,636,2bd8686cb2a2,32342e90e405,6059ed975f53,
CUST100559,normal,93,b775b995c732,299ba0770fb0,288800f35449,
CUST100560,normal,588,1fff1c5392a7,888dcdff8a08,14b5b55639d4,
CUST100561,normal,1155,b3191939cfd7,d5ae97067657,c2ca906101cf,
CUST100562,occasional_returner,1045,03b1b7689a39,8358a9178efd,137d6a0e799d,
CUST100563,normal,406,9b9e4383bc79,7df9dd1e9059,7298fda1d96a,
CUST100564,normal,1136,f6169cd22a2f,7fa5a7392c40,7e594ed3c20e,
CUST100565,normal,587,116e8ecdfba9,ed3d55c47976,a5cb4db0e961,
CUST100566,occasional_returner,693,01b7132cb1d6,eb874c2d6e4d,4afec3bc7d37,
CUST100567,normal,134,caad137118ea,923a94b1f54c,15a25621ee10,
CUST100568,normal,1495,eb25b0ab68b3,45764dc7109d,86d50a4d982c,
CUST100569,normal,1258,ca2a6ace0323,118850f16b22,6e4e59d9bde3,
CUST100570,normal,296,34096adfc086,eeb62b8b30ca,88ea7cb78d2b,
CUST100571,occasional_returner,843,178df30327f7,cab1a31995a5,2b0513254313,
CUST100572,normal,1171,7cbe8d758d9e,4b136f11cc69,327ecb14f456,
CUST100573,occasional_returner,759,aa376412e51a,d5f91141ed34,4cc31166e77d,
CUST100574,occasional_returner,320,5b294d08c0c7,96939ebb7461,33fb3fd18d42,
CUST100575,normal,1452,3b2c123243a6,73afd6cffdfd,f673cb949dbd,
CUST100576,serial_abuser,406,9f37f3fb60ed,c5729eef80e4,f5de7ea4e091,
CUST100577,normal,505,8158fe104245,52a4c8fef73c,32ede8983199,
CUST100578,occasional_returner,560,359a43084711,4a0afea03400,c83dd9b74c71,
CUST100579,normal,1336,b2b45593e346,9d580668a8c0,ca2c29d27093,
CUST100580,normal,752,8c70b0b9c5f3,6f5a73a06c83,896f33fc44bf,
CUST100581,normal,1080,c379e27bbed2,ca0c201dc1ad,360bbf44e130,
CUST100582,normal,1352,a7caec0d0178,712008e92e93,b4f10cede03b,
CUST100583,normal,1393,adcd5a372bbe,6dc7ceb16c85,420022b653a5,
CUST100584,serial_abuser,1285,6e474edd91a6,ed2c84d98190,c5f463ae6704,
CUST100585,normal,1362,fb427354caec,36df2e3d592c,b7b09c625829,
CUST100586,normal,1422,3ee6e8fdb181,c64b1fe645ea,2252453ab1e7,
CUST100587,normal,1486,97a9e71a8e49,cf18b27d05d2,8a2ad9c1f25f,
CUST100588,normal,966,ac52fefab30d,718fd50a52e3,7ff656424fd5,
CUST100589,normal,201,198124ef3be8,5eea4ff2d68f,55d8d53cb8b0,
CUST100590,serial_abuser,174,a40597c93470,1707fddf16b2,6b2df015f35d,
CUST100591,normal,1195,19a31b103fad,56dc89d9c4db,7346b1b36e96,
CUST100592,normal,477,dfd82f285857,2cc007623e98,f53b1ebd3941,
CUST100593,normal,1207,4d117d8b4296,1e5cda37638a,037521d9c4fb,
CUST100594,normal,1402,d2da33e02d10,e0831e496339,0cd5b9054047,
CUST100595,normal,968,1036a6c19794,3392e6125c4e,9525bda8e48c,
CUST100596,occasional_returner,1147,611a88fa12a9,8899afe2ce86,f4775d001174,
CUST100597,normal,421,1e07de50e9b7,327ab30448cd,952a1704b010,
CUST100598,ring_member,654,6c1835a2b09e,c83d38b51c2c,1eb384fb9c80,RING39
CUST100599,normal,1447,fbfb043acd21,983e6648be26,33430de57743,
CUST100600,normal,1226,928a1351d062,94f8fabd97d4,fb9fdce18e77,
CUST100601,occasional_returner,310,000886e93c0b,0b958569f17b,3b6a096e1040,
CUST100602,serial_abuser,1404,9e4be0902dc2,f836a7586bd5,5a068da3a54c,
CUST100603,occasional_returner,751,823def4e5d97,7fec10a37a48,711e7b29eb59,
CUST100604,ring_member,1266,0cbadf646cf1,f478d631decf,710d1c5baebf,RING20
CUST100605,occasional_returner,784,d7f41f622e18,9f503ba6cb51,9479e5314bd9,
CUST100606,occasional_returner,907,a1ec21b8e1b3,93fee4e5413f,b8f5ad13a442,
CUST100607,normal,246,32c790aa5156,f8a6ba1e700a,c9a66ed5eda9,
CUST100608,occasional_returner,511,37e3776e8a78,31076d796a06,8a44826e506e,
CUST100609,normal,1085,31c2b6784d25,36350e7462b7,b486aff1061b,
CUST100610,normal,1264,74ae53640e12,7380be7f854b,ed7664b9b215,
CUST100611,normal,137,449fc0990319,3630c425d3b9,84f762558e48,
CUST100612,ring_member,119,741e5c598f50,07e755501d7d,5553cfcb463c,RING15
CUST100613,ring_member,1041,f03dd9c2d13f,fd2482dea2d0,d0388a77a545,RING41
CUST100614,normal,673,f727b949d18f,b74d262cfa7a,eda54d892064,
CUST100615,occasional_returner,1273,e833a477b0f0,9bce2960b1f5,604debc996ad,
CUST100616,occasional_returner,106,60e81cc53fa0,84362e47193e,4dd8b18898b5,
CUST100617,normal,527,e0595127d898,94f66e3e14d5,fc4699481968,
CUST100618,normal,57,f64fbc1d7f30,89c2df35b267,d06cac60777a,
CUST100619,normal,1065,bc6e2a9e73df,5aa2c407c0c3,7a02c0e3752d,
CUST100620,occasional_returner,1287,d3476de34c60,6c0762d5b5ae,aa1e49baf043,
CUST100621,normal,239,abd1eb9de15d,ffb2407d4d41,84a9c30ba329,
CUST100622,ring_member,489,88d6ced44696,46f5c8af0a12,12e9ebd3c3c5,RING37
CUST100623,normal,1269,f8d1cfe46881,e3431a2d52f6,3366957665b8,
CUST100624,ring_member,66,7f4b4544d0a7,2ae588b2dd02,4dd1442f4c1b,RING38
CUST100625,normal,1428,2d6e587174fb,232fe028b85a,c561325d331e,
CUST100626,occasional_returner,1331,c8b80fc6dc04,f450efba99e0,a408fa705215,
CUST100627,normal,233,bcaf9255b3f9,1170f1d7fc25,e1ad494358f3,
CUST100628,normal,212,6e8a04351819,200e531d5222,1bb6d7690f10,
CUST100629,occasional_returner,1039,4269cb1509b9,53e75c3805e0,74c8871b2613,
CUST100630,serial_abuser,20,6ca09c2a7f7c,fa19faf1303d,1d45f054ff41,
CUST100631,occasional_returner,761,5e0165ed302d,a49fbfce1b84,e8f9a1acce4d,
CUST100632,normal,103,876d56431a2b,15dcfb8d1372,8a77ecc6a190,
CUST100633,normal,799,b6ad703fd68d,b67431cfba06,8168c038b923,
CUST100634,normal,528,1a5cbeff88ea,8cbd4f3ce17b,8835534bfa24,
CUST100635,normal,1061,9c291a493d09,6d0f49911f00,92ebe3fd076d,
CUST100636,normal,1321,377451b20458,bbe38b128879,9c24f7b5f880,
CUST100637,occasional_returner,735,70ebe77cff3d,dd15b550a4ec,4c27555a7bc3,
CUST100638,occasional_returner,964,d6b57df9d843,a764c342c767,3b9a2ac12f59,
CUST100639,occasional_returner,902,eae9aa50e2f1,40d491d064c2,6fb151ed7207,
CUST100640,occasional_returner,1477,f692ffc3fcf1,a961780ebaf0,301638285817,
CUST100641,occasional_returner,350,1ba67cff3e86,410549e39f9c,8c4075f1aa58,
CUST100642,normal,362,dfbdf2c64844,6276f7ae1bc5,53940a17ea4f,
CUST100643,normal,570,e5faa93713ed,9283d26a9cfc,609e7e16f542,
CUST100644,normal,1106,2ffe4c7ee3dd,7ec81c91c6c2,30ac6a264ef5,
CUST100645,occasional_returner,1298,00f7cb4916b9,d8d39cc3415f,05fa8a7cbfaa,
CUST100646,normal,420,ef6ce741a857,3ce90e2a30bf,4e23f52e9cc0,
CUST100647,normal,169,27b6c9015fb2,861055c04525,554c2e25b542,
CUST100648,normal,914,662d60247ab1,27bcb0a17d19,28ca0f27e708,
CUST100649,normal,898,2d55a3b8e6d1,51490528a048,e9f9a804d466,
CUST100650,normal,565,52c373f24176,7ceabc812cc5,6e751d7cffa9,
CUST100651,serial_abuser,280,9896ea59ce8a,10e62609f794,5da12a8644e4,
CUST100652,normal,1275,d4e04c30cf3a,1d42ed8674e5,a07f1c1553c7,
CUST100653,normal,1270,cdc87b351ae2,7518bcc69d06,f82d8d6babad,
CUST100654,occasional_returner,1122,dd0c26188282,ab576f051c6f,29cea9f21ff6,
CUST100655,normal,870,850989b42ee4,009847847271,d6604046f43d,
CUST100656,occasional_returner,395,6013443f8e62,19239d36c57d,0ab8dc1294f5,
CUST100657,normal,607,f50e3aab6c0b,123a0ac7511b,5a89dffce421,
CUST100658,normal,107,3a36810905e3,ce065190b06b,f76ce3fe7a83,
CUST100659,normal,378,f1ff2b5a7271,e635f6999dd9,9444e252c9b2,
CUST100660,normal,678,b476fb3f7e05,31f44eb47ff4,ef7faea73ca8,
CUST100661,serial_abuser,658,e8967cc64172,1a4842d2139d,c3970785d2d3,
CUST100662,normal,125,c43aaea3e175,d9dbccb6cc23,c97616ec909c,
CUST100663,normal,1436,cf9525170804,205f404ee37f,7e420e0a0baa,
CUST100664,normal,406,b197256187bf,ae54e4096b59,35c106caab61,
CUST100665,occasional_returner,766,721036453594,cbe0623aee10,4d067d3ef050,
CUST100666,occasional_returner,700,7a7491a74206,4d3072022e5a,cb5254797235,
CUST100667,ring_member,706,1d38fc9d9075,10795cf7fc4e,7ccf49769e36,RING11
CUST100668,normal,1268,b2ee3914a6b5,acd5452fd5d4,9e8db1c7be2d,
CUST100669,normal,1120,54dc01e25fb9,07a213676c84,32c0764878e1,
CUST100670,normal,1302,ae8d9fca7c03,8ed75a1aced6,bdc977a5da34,
CUST100671,normal,571,108ef573673b,19702e9980aa,809d061e2c9f,
CUST100672,ring_member,401,3cad6c2ba20d,d96c22b11e3b,bb8fd306fdcc,RING17
CUST100673,occasional_returner,643,da4c0eb43e9b,72b781b87f7e,393d2d073276,
CUST100674,normal,844,96097c312111,0e79153bda94,1996ce7bcabd,
CUST100675,normal,508,c89a5fc00423,049941bc4e49,a34ae5adde98,
CUST100676,serial_abuser,692,ac7bd6766cb0,4775efee9bf9,f8df01f53b5c,
CUST100677,normal,230,c85f37131ac9,38e56bc91850,57cfe1a69307,
CUST100678,normal,877,c76994fe07a9,a06af7f0dffd,0473cf969686,
CUST100679,normal,1072,d152efa941c4,d75ced215f22,81022f12ee5f,
CUST100680,normal,793,d2d471cb21a8,3c5f4cdbc1f7,98d89ab6bc0f,
CUST100681,normal,1310,a09f188da99f,cbb5e9fdb529,1ee88e9c3960,
CUST100682,normal,1493,27fb17ad2605,5eb7ec7f6f8a,4f5a30463ef6,
CUST100683,normal,1358,0ab14e12b388,dbf3ff32fab2,f0c1561953d3,
CUST100684,normal,144,8bc2d214d04a,4d05575aecb9,1b07c52b7bab,
CUST100685,normal,1321,06e86ac51dcf,e371edbd0524,7052be9af6c9,
CUST100686,normal,503,2ff8adeef0b3,21eb8acb6a54,3b7a27972857,
CUST100687,ring_member,680,ea049018209b,336949666e62,12e9ebd3c3c5,RING37
CUST100688,occasional_returner,620,bbf14755c79a,9578664d360b,9cd4008772e8,
CUST100689,normal,429,a6af6fc3ecfa,f4114b722fe7,8a6719105cc6,
CUST100690,normal,1316,9120a2db5642,4a4794f9f5a5,43c46663d88d,
CUST100691,serial_abuser,958,51d92753db31,9a93fe90e47f,eaf88f95c344,
CUST100692,normal,1450,5000269d4feb,72cc2d7611df,1212e482d618,
CUST100693,normal,1432,705664cf983d,ee0b0a6ae627,6cb951120268,
CUST100694,serial_abuser,632,94287e714287,e5207270ae88,a0e1d1370539,
CUST100695,normal,1091,ee8b8682417a,6dfb8dc5225a,728959614f2e,
CUST100696,occasional_returner,756,ce98b04ee9ea,4824bff0fdf0,8465fee60b10,
CUST100697,normal,744,30c637374fe2,5b1dfd3e7831,0359589f968e,
CUST100698,normal,1110,45f257efa85a,7a243efb4ff1,aa4ee69d0261,
CUST100699,normal,1034,cbe219ca0d05,d84f9ec699db,551a2388dd07,
CUST100700,normal,1368,ad8a82217027,effc73440996,6e67db6e29ad,
CUST100701,normal,1159,b3f153b25800,63abaf352300,0ab31679993a,
CUST100702,normal,935,2256cef4b0d6,f02c4fec5d8c,7af2cfe61425,
CUST100703,occasional_returner,1379,a7e491c9524d,2fc6de9b146d,b2aae3fc4e45,
CUST100704,normal,158,36b040974da7,9b7f64ab7673,04ee5aa2ccc8,
CUST100705,normal,1146,9ccc86c82322,8e9975fcd986,eab5e843b3f4,
CUST100706,occasional_returner,591,34ef5420c780,834e27a6543c,f258360abf7e,
CUST100707,occasional_returner,652,73edf9d35bbc,e5bbef58f2ef,73f7c66d5cbd,
CUST100708,normal,1173,9332305e0e46,d02fd26832ad,fc8847a99a4e,
CUST100709,normal,414,eead309f0b9d,b00c84e81e0e,0845d303574a,
CUST100710,ring_member,1326,b1b7de0a8067,5daae2bcd0df,b6009da06041,RING21
CUST100711,normal,752,c1d8dda34006,4f399a5ff235,71232d1574be,
CUST100712,occasional_returner,526,e3b3d95ac460,1bc1b42af736,b67693d0e004,
CUST100713,serial_abuser,495,3952f6325226,bb7d8c552b25,39c8e9c06d4e,
CUST100714,occasional_returner,634,dd67837dec7f,0641c82fd55c,9b5d514c1a9b,
CUST100715,normal,1414,ae38fd393f60,a22a908ca4ed,02a5b210c45a,
CUST100716,normal,158,b8cbfdbd2183,550bf7f9a50e,9a709dab9ff3,
CUST100717,normal,764,b71a8a1815d7,ba486aea3607,93384a9e0427,
CUST100718,normal,1253,b1bf525b58a1,42c0cd97dc03,482cf8837d90,
CUST100719,ring_member,710,f2bf917ec553,bdbe98d223c9,0c5921f82149,RING23
CUST100720,normal,851,6369e978a98c,f82acdd3cb5f,5f87b713a7b2,
CUST100721,normal,525,1ffe16b6d588,6ebe8fc89e84,3a7b32f973d7,
CUST100722,normal,208,4a74f99d9e0b,f62d1c4f8cfe,b70678c71f0c,
CUST100723,ring_member,960,70563dd9c8c1,6873ce07944e,1c92bfecac16,RING26
CUST100724,normal,1380,2875f6ebe045,6f48851c13f0,0393549b756d,
CUST100725,normal,782,e9c7d22cf4dc,2a7d99d82d19,64f097bd07ed,
CUST100726,normal,650,bcf52d806e9b,939130b727a1,743fb5154970,
CUST100727,normal,197,19c43db2d99a,4ab531d6644c,cc448644574a,
CUST100728,normal,1417,bb2d5fe87342,262993c16ea2,ad7133f5609d,
CUST100729,normal,1304,2e92bde398d8,0c90dc4e47ad,28861aa225fb,
CUST100730,normal,1353,94e5bc3f549c,ae2fe379250a,23c728251c02,
CUST100731,normal,541,126c8361355d,4f29f75cb2fa,4ee6ea34ba07,
CUST100732,normal,939,afa15c246381,a99c81ea4f49,d3e2cd3151ab,
CUST100733,normal,651,207c593b20df,a301df052a9c,52abf0e604a7,
CUST100734,normal,355,68db7d5b8b6d,d724229acae8,230c3557774a,
CUST100735,normal,312,c8c1b5682f42,6a90083fb45e,d813872d6c04,
CUST100736,normal,578,ea6d6afe07d2,8c8c1d06de77,ba48b7fa0366,
CUST100737,normal,832,423fd74e634c,fdfe972dcccb,1adcb0816110,
CUST100738,normal,187,a8b807fe94c4,fdb767487880,f264c2f5b357,
CUST100739,normal,1054,0690ce7a2590,17a6587d7854,921285688a55,
CUST100740,normal,689,0d00b57366b8,f1da2673a0e7,3110fb6662cc,
CUST100741,normal,1322,60476c4b0e00,881af392b832,b737350eaf94,
CUST100742,occasional_returner,421,1d0dfb85adce,4398f72fa092,bda0d27d5706,
CUST100743,normal,82,35f2f5a54b5f,d47e64d381d7,084f2d2685ac,
CUST100744,normal,471,884c57ee2c99,6402b9ad073e,06e098c05f20,
CUST100745,normal,1460,b55972ebc9a2,6f5a73a06c83,323cc050e814,
CUST100746,normal,486,15db35a1721e,eb178ada28f9,bc0147968009,
CUST100747,normal,1057,58aa1321a9b8,ec82cc4e0c1d,7a244a7376b6,
CUST100748,occasional_returner,1265,0e8cb65414d4,b6fa05fc33b2,fceea8b78df4,
CUST100749,occasional_returner,430,e2a8be2b203f,c514f2f8b302,e8dc5185d97c,
CUST100750,normal,965,3f64c32f2e48,cbc027a18318,972da92eb4ec,
CUST100751,normal,310,32e8ef6ed44f,d3c0035a7338,5a340f942a2e,
CUST100752,normal,546,3c6bc82255f2,78838f2592f1,cd3845515303,
CUST100753,normal,447,bb91e2496f37,bd9bff3d6b8f,12df318a1b6a,
CUST100754,normal,1010,5729e1da8e6d,b0a2b116ff27,23ab16688ff8,
CUST100755,normal,1314,fcd5a1023a82,6ae3cc71999a,1e8d08fa5e11,
CUST100756,normal,382,cfc2edf1b4d8,53a976b859e2,26505f282ef9,
CUST100757,serial_abuser,440,5f635bc32481,439c8e0ec4de,bd3c57b0764c,
CUST100758,normal,1232,6fd397afa0fd,d079f6aa133e,8be9d51463b6,
CUST100759,normal,696,b742f28bcdac,30c9f25e0eaa,aa5283f3af04,
CUST100760,occasional_returner,772,975f6004e55d,4e492f6d54ca,94b683e5e119,
CUST100761,normal,1060,4c169a5983ce,a6ed9d86efd8,4218ae8777e8,
CUST100762,normal,210,67ce20b22dad,09d74dc86085,6048f5b723aa,
CUST100763,normal,1308,d46c914408d8,6d5e797e9b10,860e9bc9fa63,
CUST100764,serial_abuser,551,4e1591e80c4a,3775cb3b314e,7a18a7d60d0c,
CUST100765,normal,989,91452a2170c8,ed3cfa9232ee,165e3c8b2fc0,
CUST100766,normal,651,ab5835e8ab8a,2e2550d9a6ac,e8036e1461a5,
CUST100767,normal,1130,29b055da951f,5ed2e731a3aa,169d985f815d,
CUST100768,normal,919,bc773304e8d2,b19e5f6fba62,4d997d3bd809,
CUST100769,normal,264,d9d139fd9182,449adfb0ce40,5f3a7424c525,
CUST100770,normal,285,c072ea65c544,a7dd4a34a40d,06cfc51670f3,
CUST100771,normal,1316,169646664653,f7847e372659,c0f467ceedd0,
CUST100772,normal,781,c61dd1a88660,86b0190f66aa,aa682ac68814,
CUST100773,occasional_returner,417,39abb1b29346,c602384f9639,898bed04ff89,
CUST100774,normal,219,a872dcb312c8,37abcc9ba5c6,af1e6c7c8e83,
CUST100775,occasional_returner,196,5c1665a2744a,176358a554dd,f218e49e9cfb,
CUST100776,normal,1380,d96b9c372052,82b26df69b10,e3f53b89d234,
CUST100777,normal,1464,f5ec7870bd21,7fe25f4d5f8c,34c7280c0650,
CUST100778,occasional_returner,593,fff886c327fe,17720ffd9aee,402ca19ac723,
CUST100779,occasional_returner,306,7599215517f4,a8138abe1861,4cb81440abab,
CUST100780,normal,631,eee530d2dfb3,e30e50fc6942,2b05276ebdbd,
CUST100781,serial_abuser,209,79eea6793588,4f9ca32c974e,ab62c428694b,
CUST100782,normal,826,7f3c2c8240f6,92bbd21d0797,4832bf1c9afd,
CUST100783,normal,940,26e9beb6ce0a,78847a7e6724,98cbcb98a7a6,
CUST100784,ring_member,1478,f03dd9c2d13f,edaf9ff17180,d0388a77a545,RING41
CUST100785,normal,481,b49057d56512,56b7ac722b6b,8fba9d113600,
CUST100786,occasional_returner,300,cea8615b3bcc,c3aef56b1aa3,5e93ef640f84,
CUST100787,normal,204,a33f50f6ec9a,28613636b6e2,8fda97b4560c,
CUST100788,occasional_returner,568,6d1607251ff2,201fb6d5c47e,4722b33ebc1a,
CUST100789,normal,903,2996bb4cda02,23f45dfc69df,f215d1aa59c4,
CUST100790,normal,104,5fdf8f76c46f,0eef363998ef,5d0110b3126a,
CUST100791,normal,1139,2d59ea266d47,d18eef88e7e7,d9b9bf1e5db7,
CUST100792,normal,692,77f8eb68533c,5bec4ba1ed8a,05d50d7d4ab9,
CUST100793,normal,1190,a73eb3604a2c,987cedcbd711,8bf73c7a99f3,
CUST100794,normal,698,05fcdd5f5521,3d0c8426ea64,130e38e8a7e1,
CUST100795,normal,237,4779b6551782,d3ac33947e67,92da2c68ff68,
CUST100796,normal,37,029b30facbe4,0a09f9359163,8a741cb555cd,
CUST100797,normal,837,b0948ee88716,99211f8a53e6,6ae6f5c041ee,
CUST100798,occasional_returner,811,1e01109e9fa9,3f32afca9953,6e594ed3d1c4,
CUST100799,occasional_returner,1221,42f9d766f429,cb92ce0bbb95,90284c5094fd,
CUST100800,occasional_returner,1316,6d57bffaf5c0,4b481a406775,9587b6ec0020,
CUST100801,normal,245,ae6dbb109668,fb069c5dc708,ccda87c127db,
CUST100802,serial_abuser,475,789f1f9d01ab,83855a337b18,b3eaed01c7ec,
CUST100803,normal,315,75ba9843e851,2783cc0e515d,b5038e98d664,
CUST100804,normal,164,6b5a94942e9b,3ee61cfc58ae,a254e782008a,
CUST100805,normal,8,a11105ba334e,d9743df5848c,d9b9007812fb,
CUST100806,normal,128,828418bd3b14,771d987788c5,8bb5d8fc5b91,
CUST100807,normal,789,f2216c9c7195,09d5d91da125,4b04a40de5a0,
CUST100808,normal,232,16cd1f60ccfe,6bbb8ab27ff5,9731695efd19,
CUST100809,ring_member,296,3ededa89901f,d931b8d87fd9,2179cbe89520,RING19
CUST100810,normal,181,bb054e69ecf2,e33fbc18fff3,acc22b0bedca,
CUST100811,normal,1087,3a6029b2de8f,bf64e94d551f,f09f43b463b3,
CUST100812,ring_member,955,e443a0b0fce3,61671f10c7dd,5d78713356d4,RING43
CUST100813,normal,1443,02a46907d510,805b54207d88,2b7c5d9bcba8,
CUST100814,normal,171,d8f790aa6ecb,ea763a4952ee,007300aaa5f3,
CUST100815,serial_abuser,317,5d160f601b89,93b1619a83ff,3f8f34881349,
CUST100816,serial_abuser,686,8c4a54919002,8def9788dd4e,ed5da69b5fe4,
CUST100817,normal,975,be2e4c3d85d2,afc2e1a63228,f7c736e5863b,
CUST100818,normal,199,5a4aab96e2af,94ea7a7cd07d,5cc033aa9401,
CUST100819,normal,321,08fbc9b823a9,8bc54fb4520b,d34c8ec2632c,
CUST100820,normal,635,27a23950cb38,c0ef81dbcfca,890a6fedba32,
CUST100821,normal,31,323773780d7a,9b3e506c4a4f,c77d19ad83c6,
CUST100822,normal,595,5a9897997148,383edbde6486,9e6d19c96988,
CUST100823,normal,1139,be6cc945d0fb,ed1229b46397,0ebff66ab765,
CUST100824,occasional_returner,792,a0a62720e0da,081d8a59af54,4f6cf8dfcb31,
CUST100825,normal,653,c3b9c0a4a98e,061e9e73263c,b3928a2fa0de,
CUST100826,normal,734,b7269bb34ad0,d86f35ca0e3f,d0643b701fb0,
CUST100827,normal,1420,730bb7a6e745,0bf64637aef1,f0b49b45d281,
CUST100828,occasional_returner,783,6e35dfac7855,64c09bb956b8,3455989b59ac,
CUST100829,normal,803,e473f2c00613,0c772da12cbb,670c9ee65528,
CUST100830,normal,1396,ecfa70149890,51243aa66bca,b17e600bb488,
CUST100831,normal,240,c0e94751f85a,f3ef4f0ff53b,81073a60b118,
CUST100832,normal,148,e9fa05566439,d8e0d29a8d59,db662436ea30,
CUST100833,normal,677,fdae30662c16,27e84e42855b,3b829cd03788,
CUST100834,occasional_returner,481,6cd03107d1c9,bc57e77d0a49,b50504fea927,
CUST100835,normal,308,f6ab3f1b7850,a2bd4eea401f,33434c31cdec,
CUST100836,occasional_returner,183,391aa88b6202,d649434e82e1,ccde78ffa3f5,
CUST100837,ring_member,1317,fbe2946af676,c968cd07dce6,38abf8ef8fe1,RING12
CUST100838,normal,923,948cbc4297e9,f744f56a0ec2,1b1d3bf99956,
CUST100839,normal,1037,e8be44146812,4c21969411fa,fad74b1f4eb6,
CUST100840,normal,181,8865f0382971,f6d188ebb6e9,7347b624c9c7,
CUST100841,occasional_returner,515,8e2a7a6d086f,443fac08133b,3a1912a2951f,
CUST100842,normal,933,de3b23138dcb,75f48c2d36df,0f1015cf3e12,
CUST100843,normal,794,9fa2ccc39e09,89cebcf89491,2cb148067981,
CUST100844,normal,1043,989e9dbb4ffc,7e032fc8c896,109ba0e7df56,
CUST100845,serial_abuser,1005,f72dd467942d,32df2646bec8,2e98e203fd20,
CUST100846,normal,622,87d476ea545c,44a5db14e8fa,5cea1fa8d242,
CUST100847,normal,1175,6a44cab02466,5ffd46f3c3e5,1b990c8415e8,
CUST100848,normal,393,f7905f909c00,f951c8d45f16,c9fe0ae91929,
CUST100849,ring_member,124,0f41161b96a6,c988fcc3a845,0c6c05517ce5,RING35
CUST100850,normal,1370,c260b9ee8a09,75767bceee57,b5a5862c92b2,
CUST100851,normal,38,bfb93cbc5b83,bc3137f675a7,31764b11cadc,
CUST100852,occasional_returner,429,3adf3a0dacb9,e8d926f79229,1a03627ee410,
CUST100853,serial_abuser,176,22748d81a8b7,13f671132cbb,487f68338aad,
CUST100854,normal,351,2dfbec93b730,e68a6fbb0a1e,7ac6a563218b,
CUST100855,normal,595,46f53db9d538,396ee00f43cd,0fbc4e391d48,
CUST100856,occasional_returner,198,e5f8befa4577,38e5b87bed5a,3a2da9cc5944,
CUST100857,occasional_returner,702,94e618e06f34,75e61745af85,785d6fcef5b2,
CUST100858,normal,1391,32553ef36de1,5a5ca6497e3e,da6825cd0c86,
CUST100859,normal,209,36939ab7e3ee,30387e35f365,805daf8aa2db,
CUST100860,occasional_returner,1390,a1637a81cd48,57d91e0b649e,0ac11c6aaf77,
CUST100861,occasional_returner,619,6f97a54749f4,94b33b35e3d6,00bf6cc594bc,
CUST100862,occasional_returner,890,03c76d730d57,043ac45f5f41,4513aaf01ca0,
CUST100863,normal,665,978d9114fe6c,e287506020ad,9273d04e28dc,
CUST100864,normal,478,64d576d7af39,ab4857d87509,50d4e4ded8dd,
CUST100865,serial_abuser,168,4f76b97de3f6,043cebb17cf8,a27c4304d984,
CUST100866,occasional_returner,892,871a04c6e52f,9b70036f1404,0e1772e4486a,
CUST100867,occasional_returner,1375,ab538b43e9e9,f1c6b9daa666,0c10b190e46a,
CUST100868,normal,783,289659f46f96,c6c3f4081f4e,79b3dbe85280,
CUST100869,normal,900,e84ccbff9d51,1e311e6a1399,d5bbab1a0460,
CUST100870,occasional_returner,967,b16455ce3913,fb63bc1b74d2,eb8919b7abb3,
CUST100871,normal,585,c9b8341cded5,eaa846515d36,aba084db2582,
CUST100872,ring_member,185,570007f3cfb0,59cc00e9e300,26eb63c677ad,RING1
CUST100873,normal,762,a8b9c5164b6c,e8b468a0301a,8106657aa72d,
CUST100874,occasional_returner,1304,f116c8bc75b2,180c8df162e3,d8653d7ab300,
CUST100875,serial_abuser,474,4d221040b9ec,9c240344ff6b,a50f4f2ed64b,
CUST100876,normal,1307,40587ae0c849,9fe6f12e94bd,070c9ddb91db,
CUST100877,normal,1282,19e0c8d9f949,ab89a6baae38,2bb7c0a95f8c,
CUST100878,normal,370,6177ca8f04ed,36af715b68f8,3a7cc25c24fe,
CUST100879,normal,864,6fdb55e14640,fe8c3c0f3106,6237f2d6c5cc,
CUST100880,normal,1122,845f5ef7fdbb,bd64414be416,23356da561c0,
CUST100881,normal,744,296b4734529e,654718767a86,3ca5fe782c38,
CUST100882,serial_abuser,1050,03aed3d72337,72c558dd5d1f,406af4001552,
CUST100883,normal,1366,385c7767c79f,7d90b266f07e,fd5c095dd30f,
CUST100884,normal,942,bcf11fa2aea6,017dd2fcfd51,f972199fee33,
CUST100885,normal,1257,41560ba503c2,24cb0fd091d5,1ad22ce5981b,
CUST100886,normal,1202,a30c725cd3ed,c06d59891aa5,7d481ffdb0c0,
CUST100887,normal,1220,0c80ead38f1d,985b4c817de4,8ce2c2ddc53b,
CUST100888,normal,1279,a9417dd4a120,a38401b4652e,ef6253040142,
CUST100889,normal,342,695ad801b78b,dd585cdf07b7,fc4b6695ed35,
CUST100890,normal,32,8cb61db3e1d6,46d151b21c8a,df52a26293f1,
CUST100891,ring_member,233,738804a48a73,f16ea9a87f34,38abf8ef8fe1,RING12
CUST100892,normal,378,21ec0cbe2793,5e6fd2edef4d,68c5182625ba,
CUST100893,normal,1036,5ea478744aab,c8ad0c208116,8a911a56a1a3,
CUST100894,occasional_returner,767,b5ae8f054d38,4b515ce57cae,7d7ef26df15c,
CUST100895,serial_abuser,705,f8825570c623,05ed0837ac8b,995b5e40aec2,
CUST100896,normal,18,3f8e38150f91,c86733679269,32cdf50b6f1d,
CUST100897,normal,1027,7bd49d63c20c,8147244b963a,e0283deeee39,
CUST100898,normal,549,3c42055db8fb,4a75e9b5575a,441f993c6626,
CUST100899,normal,1142,d328169f03c0,ebcba859a100,b2b2a0b2ce07,
CUST100900,normal,173,5c15a4c77d6a,9004b3bf3d78,3f4265c4a01f,
CUST100901,normal,446,f91d59da0065,5a55909230f3,8b6ea55e09e2,
CUST100902,normal,86,657f40d4a7bd,466935f21deb,806838836a85,
CUST100903,normal,430,900c9829dbeb,b9063c5e4283,fe87bcea9f7b,
CUST100904,ring_member,1385,db0f399e51d3,1b1338bbef08,c118a6e50040,RING4
CUST100905,normal,738,da4ca5c35501,d6ed468fc7fc,7581e7ed44c1,
CUST100906,normal,662,ab036d4cac49,77ca8187a84c,711264dc8cb9,
CUST100907,normal,413,934c681a2f53,6eea84e60f63,8d11a10e63eb,
CUST100908,normal,400,2bfbd793feb0,bf3ad2f72d84,554cdd7208fa,
CUST100909,normal,1002,232a9d3ef88b,33b2ad83120d,583e3ff557c3,
CUST100910,occasional_returner,1477,1754c55ff10b,80d93786520f,0477bf9affa3,
CUST100911,occasional_returner,1121,9e7d932682e9,6fdc91b81565,a37f0b3d838b,
CUST100912,serial_abuser,1106,592a06a73251,6236373fca97,57dcc91521c9,
CUST100913,ring_member,710,92856510fbb1,8de7b8c86e1a,ccadb79562e7,RING42
CUST100914,ring_member,152,682446ad858e,b32b645157bc,7cfea19f0c69,RING30
CUST100915,ring_member,1087,0cbadf646cf1,91828e08b3de,710d1c5baebf,RING20
CUST100916,normal,1214,124bcd9afc4d,d48e70eaf655,a4b8bcaf8cf2,
CUST100917,normal,768,d8e8fec343e3,a9b1ee054848,75e723095580,
CUST100918,normal,141,7a3dbfb9b546,2c8dffe5df24,aa2273367d76,
CUST100919,normal,1070,7198a31d679f,046f99ca72c2,294a97adbada,
CUST100920,normal,1381,f5a317a18b6b,130c3db11e72,d30a3b53a23a,
CUST100921,occasional_returner,341,0aaa873b64fc,556cb9579c5c,92fcee6dba5f,
CUST100922,normal,243,15e157579651,ef3b7142afc5,3ac2666e146b,
CUST100923,normal,1109,9a75c8236823,4d3e54da0303,932f89ac4db5,
CUST100924,normal,501,63a13ac22873,13ae47c45dea,3592bd99cff3,
CUST100925,normal,1074,62c0ccc08de8,658b79e16ca0,a6e1971b0e2a,
CUST100926,normal,1056,c7163d9ca80c,0aa881839011,4caec756dd71,
CUST100927,occasional_returner,403,d2f7c37cc3b4,e521c9887b31,d2ad2bdd69b6,
CUST100928,normal,68,81e2fbe134f0,29b5a96b763d,782b4350a24f,
CUST100929,occasional_returner,836,2bdc599bc51f,807736357edf,6afe75e74aa5,
CUST100930,normal,614,927bf70a78f2,3d4555057b27,43e72b016dd1,
CUST100931,normal,1283,c25d36bd76e2,8c5ef2e84d3a,046f2f465d5f,
CUST100932,normal,540,ca19e98a6ede,8db220152dc6,85221904bb1b,
CUST100933,occasional_returner,378,af33bf0341cc,a5c19d25e406,fc5edf85eef3,
CUST100934,occasional_returner,1290,8c5245d2d577,e595315c6edd,92b7ee43150f,
CUST100935,normal,1105,b8d89d1872be,25e6a24468ba,cd7058e4d54f,
CUST100936,serial_abuser,929,a352718a9963,e5592b73d149,1bffba2b5ebd,
CUST100937,normal,1431,b50c15a44dc9,62b0169b6a0e,ac5595ca5e1b,
CUST100938,serial_abuser,1175,2e408edf5867,6bee0b3b2636,f0d6e9423c5a,
CUST100939,normal,1300,289a29fc8c6e,ac8ba634e273,d05edd0ac759,
CUST100940,normal,1199,e4520a25d770,11bc693132b5,cbe198592dbc,
CUST100941,occasional_returner,605,195dfa1e65c3,65ede5edf60b,20953d0143a2,
CUST100942,normal,98,b9909e0d56ea,63b322d2c60b,7fc789e0c70f,
CUST100943,normal,912,abe0e178cfb8,8674ab0dfe33,3526f90d46b4,
CUST100944,normal,1148,7b044663301b,f5dcfb54e59c,f93d8a6f436d,
CUST100945,normal,1487,5818a190f000,cd9be02ede30,b527ac80304b,
CUST100946,occasional_returner,1024,2e47e852d5c3,f4d0ed71c802,ec445131d88c,
CUST100947,occasional_returner,854,e959e352f7b0,e2f7560ed350,6e8cef5a85c5,
CUST100948,occasional_returner,865,a4ada1aa2b4c,ac22ac554f6f,3b03e593b1be,
CUST100949,normal,176,241a0101f9b7,d15955c52bc3,690033c9a7d5,
CUST100950,normal,16,2253c179ce4a,2293aa5c0aa5,7f23515ef0bf,
CUST100951,normal,72,20615ce73425,52744611e99b,9670a8d922a3,
CUST100952,normal,1357,8ed5152ecce2,b31bdc1551b4,55844961cb71,
CUST100953,normal,1186,d0281bb05b4b,90bc274422a8,66a688a8d319,
CUST100954,serial_abuser,393,81c99ff6c64c,2acae5f6449d,0652bed0f0db,
CUST100955,serial_abuser,638,5e1a295614e9,0ae0b0b7c33a,bc60042c6261,
CUST100956,occasional_returner,728,29d05e6d9d8b,1a6487c367a9,d30988b3ca6b,
CUST100957,normal,373,96a2796b3908,e5207270ae88,976f0f387834,
CUST100958,normal,636,c9dc8c76c77b,29b49133d244,d10bed5226ce,
CUST100959,normal,524,7b99a8c007eb,252452e6541f,f8600766385e,
CUST100960,normal,1043,0150e605dce0,2bd07b2dc696,2bd9e8b0b630,
CUST100961,normal,1137,3d0be3ddff28,ab5173c3366b,4419baeb917e,
CUST100962,normal,152,023ce9c92d05,fe8ab3ab14d8,ff2243ddb82c,
CUST100963,normal,700,00a365278c6e,c156437b6fdd,40a599ff275f,
CUST100964,ring_member,1486,4fdc96d27cfa,c30cedfc2550,a268db031673,RING33
CUST100965,normal,1303,de2ff8e98f65,3da85cc76011,180a69bec06c,
CUST100966,ring_member,1191,3cad6c2ba20d,6cf04efeddaf,bb8fd306fdcc,RING17
CUST100967,normal,1103,d8e2e73b8a1d,544af95f5817,435c76f2b7ac,
CUST100968,normal,11,142b1c6cdf9a,3654ce0af880,b3f27dd31361,
CUST100969,normal,1461,780cc11497aa,fafbd6a71463,5e93b3670af2,
CUST100970,normal,1104,bd034f981bc9,44220c85cc16,b6a6642fb0b1,
CUST100971,normal,1333,03b48bb23b90,d428cf0fbf4b,04681a9cdb03,
CUST100972,normal,1363,9526546bc30b,1de8d330f1ef,39d2fbd20b83,
CUST100973,serial_abuser,385,44599e891b66,568ed73f53f5,c06af4c5f778,
CUST100974,normal,25,83d2d04a352a,9006a888db68,4dda64553b2b,
CUST100975,normal,990,7946d5f770b6,09e5dabd797d,6fff205cc2b6,
CUST100976,normal,691,3d36995ac9d7,0c7a48181c5c,dafdb6d7c878,
CUST100977,normal,35,f68f33690440,a2a42bbfb638,4eb7d2f50a5e,
CUST100978,normal,409,23a40250a09c,ca6bdb9d0711,c2fa2c7e369b,
CUST100979,normal,1486,29454e2c50ae,7b6f6a6ab49d,5564c7668e5a,
CUST100980,ring_member,548,1d38fc9d9075,fcf5326572d8,419cebe6eeca,RING11
CUST100981,occasional_returner,395,68cd500907c2,be22fae862c3,ce0f8c1dd45a,
CUST100982,occasional_returner,983,5dda6fccf38e,42314cd76767,04c4071a40c1,
CUST100983,normal,998,dc1f1ae2fbd7,afa96693ce65,28b8d78fecb5,
CUST100984,normal,501,74d5f19003bb,8dc4c017c9b8,8a6ecc61c6a9,
CUST100985,serial_abuser,1274,8e5949a63aa7,f4288525f8b6,de8f92e51e07,
CUST100986,normal,872,d75b1ab880c9,a8b1420aca58,0279fae2a257,
CUST100987,normal,244,d749f720b891,17e4fa2482de,ff1ca724a527,
CUST100988,normal,490,e1c8464cae36,cc4253c88f40,e6d36c3eb367,
CUST100989,occasional_returner,1272,914c269acb86,684ea0f94f17,ecd94de0e33b,
CUST100990,normal,138,e84b07b68272,3980226efb54,bef85645e08d,
CUST100991,occasional_returner,23,5a475ee7479b,510fc8f225af,3dbc5f060983,
CUST100992,occasional_returner,986,2f2fc0498aea,2963fa7ed181,779a9bcc4cf1,
CUST100993,normal,665,12b50e13105c,a5d36dbfe802,7f82c3086a71,
CUST100994,serial_abuser,382,46734e4c3d07,3c5b0cc778ca,0238f77ab7f9,
CUST100995,normal,710,1ebe333febab,2195d4e6ff8a,ddf81fd4548f,
CUST100996,normal,279,4c4acf8fe957,9bda960dbc4a,46401eb2c93f,
CUST100997,normal,564,66f5705598fd,751b25b1e894,150f21383d99,
CUST100998,ring_member,354,a2e48a174327,f4fedb5304f8,52766c892ea8,RING10
CUST100999,normal,881,0114c0dbf8d3,6b10a8aae41c,32f02c83aa04,
CUST101000,normal,1012,a39186bdb4e2,1e6402527e28,1dbc48db4716,
CUST101001,normal,1372,35f6726b180d,bc4643180cbd,e411459466ac,
CUST101002,normal,106,98d69ffab4c0,4dc794b80a98,81894e130fb7,
CUST101003,normal,493,e9f5bed6d6d9,c3577ae72367,f028b3314731,
CUST101004,normal,400,93117598e13d,6dfdecd393e2,6f8b2320e62e,
CUST101005,normal,870,d0dc1385e768,5fc39b50f86e,86d017b97c17,
CUST101006,serial_abuser,802,701a2a5adbbc,26239f82ceee,41f22e15b9cf,
CUST101007,normal,1316,904f74216009,c764fb7f2b37,56eb30eb23af,
CUST101008,occasional_returner,1378,22d7632a13b6,96d70fb11663,02c5d35c6f3a,
CUST101009,normal,1160,cd3e4949d1fe,8a1381edc5c7,9efedf001d20,
CUST101010,normal,302,a38b66c88e03,61eadb0180b3,592c02892814,
CUST101011,normal,65,04df6df2514d,ec16342004ce,7cc474242a42,
CUST101012,normal,1349,b2e15e91673f,4ce3e76fc02c,caab9b45b9f5,
CUST101013,ring_member,1414,6193fd2f17d0,eb30412b6b41,12e9ebd3c3c5,RING37
CUST101014,normal,379,ea6cb10ae35f,0214611f3f9a,57d0f69b4b11,
CUST101015,normal,74,4a696ba3984b,64dc5ee10e64,91dc287a596e,
CUST101016,normal,1022,7ca0f582ce53,7b56da52edbb,dd5e54a37795,
CUST101017,occasional_returner,885,135f53c4eb8c,1a295036fba5,0dbb4600cdaf,
CUST101018,normal,1333,963aeb71ecd0,420440f6a74a,47a66ded9e07,
CUST101019,normal,865,a5c4e80b7a62,dd702821d9ea,29fc82ee8b9d,
CUST101020,serial_abuser,1141,b5cf98edcf65,1efc5568b99d,4ce8a33b1b5c,
CUST101021,occasional_returner,1180,2067fda01298,49e3eb1b66fe,62df31b0065a,
CUST101022,ring_member,19,f7528afc0c47,e722018436af,ee5354e78ab8,RING18
CUST101023,normal,226,4a22bfffbaaa,5a1b3ad6cece,fac3bea13e8b,
CUST101024,normal,1171,b5c6f18014a5,6b1316e53c29,e7063ede5f71,
CUST101025,normal,273,583de33539e3,5f0ea8c93ac4,4ad37a087703,
CUST101026,serial_abuser,313,f7ee657b566a,d49f3e76836a,de360bbe50da,
CUST101027,normal,1129,668ce146de6b,b30229c2b848,91bbdb84a5b6,
CUST101028,occasional_returner,310,7dfef474d28f,4fba13d2227d,38441f29b6b5,
CUST101029,normal,228,5731fa3db1d5,7308ef1df536,ef0dac8f829a,
CUST101030,normal,25,39dbb6225603,090517beaedc,1b20cb7202be,
CUST101031,occasional_returner,706,c476258fbc12,3dd084ba2a5c,6bbaa5eb6196,
CUST101032,normal,957,72b389342064,9c93e8db2fd3,cebde721bcb9,
CUST101033,serial_abuser,1098,668293566f9b,6aa8d3885be7,c4a93492c3c8,
CUST101034,normal,1358,875d233ede6b,0a6fe24d340d,0627002a2754,
CUST101035,normal,978,392477f36b15,c29e04ffcbd5,4e5a02e1ecf0,
CUST101036,normal,1135,1092b5f76c7f,fd6cb5b6fb05,3f22c813a315,
CUST101037,normal,319,692e8c8bafc4,b8299f238ec3,ea0d5ec925e8,
CUST101038,normal,513,bc73a08cd765,4c97ca81e85c,28aca76d8d7f,
CUST101039,normal,459,99c0b5376af4,f549d510b3a2,179d6b021493,
CUST101040,normal,102,fc403892d034,8420a3aded8d,aae52bdb8d22,
CUST101041,normal,1453,90186abe3add,dceb7e58947c,633d9284c2bb,
CUST101042,normal,365,3d656e95e05e,8fe82f9694b4,6aa718eb8dcd,
CUST101043,normal,675,2bff249df790,27a23c5c9f1e,306723e4677f,
CUST101044,normal,538,94024496f646,f8d24f328a64,25333ad11636,
CUST101045,normal,71,01354ff099a9,2d9efcb409c2,01c3e191ef4c,
CUST101046,normal,1355,7e4cfd1fb891,1cb0b24dd163,739cd20ae2af,
CUST101047,occasional_returner,333,83f870192d32,140609f976c8,05baed10e0b5,
CUST101048,occasional_returner,155,30e46de908f6,8f0488173267,63145e411660,
CUST101049,normal,516,a0987de552a6,5a9b725c5981,e670a907f8a1,
CUST101050,normal,219,a55ed1819ab8,fa94c6534654,f9b65d5395ce,
CUST101051,normal,1499,96ccd56aceaa,b8494be800b3,8771eb6fd15e,
CUST101052,normal,287,bbd0a95d58ed,1fca77235f20,7880af9e2bc0,
CUST101053,normal,457,455fc38b4eb7,0d6f2149ab5c,bbc9462e02e8,
CUST101054,normal,410,3faaf7e1af7c,9e669bcf289e,f9a08bc72d62,
CUST101055,normal,44,113cc019bf0c,6515740af7b2,e5327032e1b3,
CUST101056,serial_abuser,24,600e66846e62,0a0192a23900,ef16d937aedc,
CUST101057,normal,771,1957896f3aff,83bf4a4de70b,1b424ecf28a9,
CUST101058,normal,352,c3d49bc0dbeb,ecae77b62af5,036104896504,
CUST101059,occasional_returner,129,057ae3b8efeb,5f830deee988,835a219f0346,
CUST101060,ring_member,440,3cad6c2ba20d,30146ebacf82,bb8fd306fdcc,RING17
CUST101061,normal,414,f4805a870cb9,ce53e1efa802,866769be67ab,
CUST101062,normal,638,306fc3900e41,858e53b7a76b,91bf9a79022e,
CUST101063,normal,1488,647b3360b75f,d82ad281391e,e4d3a4497d66,
CUST101064,normal,463,f609feb3d487,cd4e37de1b3c,bf9f24afe233,
CUST101065,ring_member,1058,62bf2298a80b,3ea0bb710ca9,1508ccb0bc05,RING13
CUST101066,normal,1153,2d2f10e893b1,df39332b5681,a7b7ed662335,
CUST101067,normal,80,efbf3e2be0d1,c55cceb9595b,e697c4a459b6,
CUST101068,normal,754,65d1e98b1832,f0e83811127a,ebc03fb1c672,
CUST101069,normal,675,7c71b9a37679,10e4f0de2701,1d5519e4de69,
CUST101070,occasional_returner,764,651cfa4637a7,cf0412ec0f4d,9fc7f8796f9b,
CUST101071,normal,261,ce2d424fc3b4,b0b593e143cd,2baf1f6960d2,
CUST101072,normal,700,8e3f8d47da10,167adec76ba5,897fe7ddee0a,
CUST101073,serial_abuser,188,4c0c5878b1a6,543a77a8800c,6c1058dbe4bd,
CUST101074,occasional_returner,1419,af6fd8415ab7,9fbf3fe31a43,8d6c9cea9262,
CUST101075,normal,882,f26c6ff50ad5,a3c2b27f761a,877b66e403b3,
CUST101076,normal,56,1a1b87a3050f,aa32ba62adb7,e304f477f2ab,
CUST101077,normal,760,f35c569e3100,8a72d1741f23,9bd4d50f19b1,
CUST101078,normal,1389,d38711b44cc6,38f871d7f142,89703ac4e125,
CUST101079,normal,1115,2ae96c41aa83,92250ba37294,ba83b8e716ae,
CUST101080,normal,413,0e363f511a84,a79610422727,8187a17ca359,
CUST101081,serial_abuser,1338,77269e2fa4e8,ece1ef40b1b0,d257377e88d1,
CUST101082,serial_abuser,282,af0b790744d1,b059a5a34f87,2ce24566baf5,
CUST101083,occasional_returner,373,a882db17abc3,ad32c22c41a8,168be9b5528b,
CUST101084,ring_member,236,741e5c598f50,ae3a466575d6,5553cfcb463c,RING15
CUST101085,occasional_returner,1384,563b8f06bcda,d4c99fff227e,1cebd3221996,
CUST101086,occasional_returner,1076,09b6cfa033bf,cb11448ccf9e,5312519173cd,
CUST101087,occasional_returner,779,494c8be09cac,198828655923,b6e1b714c417,
CUST101088,normal,1003,4591cebf99d9,250feeefcb9f,cf03b40b1086,
CUST101089,normal,391,f294ac2a5622,30d4ed73ad8b,e2de8489815a,
CUST101090,normal,110,4a0914602ffb,e8552cdd7509,1674d32feb84,
CUST101091,normal,1269,3ed03b7d3983,76ed0aa4d107,eca415339603,
CUST101092,normal,1446,098d7532cf38,e7d2890ea601,aec1a4e9fda1,
CUST101093,normal,58,12cd0775e0a8,8aa30d9c0cb5,290dd26beace,
CUST101094,normal,82,6040ac41d6b2,bb9674cfaa80,ba2cd0c19910,
CUST101095,normal,841,1a15bfc0eac4,68c4933a83b2,a49fcc19107c,
CUST101096,normal,69,4ceca6615ecc,f621dd684825,e5fa0af8c2a9,
CUST101097,occasional_returner,1083,63c47ce5fcf5,54a1dab69cf6,996f52462ac4,
CUST101098,occasional_returner,1418,61f95722b4c7,bd06c8f21f7f,0a724c7556e7,
CUST101099,normal,423,8228e8a7a3c9,5784d994e80b,2cb2b6641575,
CUST101100,normal,445,a8238e86dff1,cb928364cc21,150a6c2ec30f,
CUST101101,normal,1295,f77018e423a5,9f13b537a25d,b32b63722ecb,
CUST101102,occasional_returner,537,819b47cd6222,038bb91b68a3,a952f88b8ca6,
CUST101103,occasional_returner,364,ffb942c255d4,5da1220b2c70,584879646dee,
CUST101104,normal,130,f818a3f408e2,b0f7c4f14097,4a7cbe96a53b,
CUST101105,occasional_returner,1260,5bbccb06f841,d9ba7a077d8b,18d6c47460d2,
CUST101106,normal,1389,516938ce829b,f6e5ce0f54f8,904ab8dd3068,
CUST101107,normal,122,9fb1c1fe3bf1,1db2625ca907,952f9381aac0,
CUST101108,ring_member,1205,b1b7de0a8067,828e2e445b03,b6009da06041,RING21
CUST101109,normal,244,ddf716275321,56161306663e,b986b12a2f1e,
CUST101110,normal,212,260cfe94f70d,95a07bd34fc2,9fc25cbf070f,
CUST101111,normal,574,ab885d00fc1c,fcdf92b91662,2b73a8747bdc,
CUST101112,normal,657,53a92e3c4b83,c30cb648236c,3ed700839540,
CUST101113,serial_abuser,1281,b80525d31536,5d4f073519ba,a7b00ea973ef,
CUST101114,ring_member,1051,ea466c4c15f8,76d2c262540d,6ecf81e3c9c3,RING27
CUST101115,normal,221,9bb26e71e719,643b931cc8b3,9fb51934233d,
CUST101116,normal,878,e49ae47ca443,69fb66cc58a8,5ad1e498e915,
CUST101117,occasional_returner,1313,86edbb988479,52a7c942955f,a57b79973cab,
CUST101118,normal,994,549d12ada315,9383f94657ac,9ed3c856c286,
CUST101119,serial_abuser,348,6feb68a85974,5a7fdd84ebfc,b37f3603e906,
CUST101120,normal,197,ff82fcbb7d5b,66cf6f61ff12,624e228f9bfe,
CUST101121,normal,681,f719f0922a76,12e5db12f5d1,ecb450c63155,
CUST101122,occasional_returner,710,6212f2666dbc,2ed5bf9503aa,916d5dc8ea83,
CUST101123,normal,532,947236a642f9,750a1b9d7e31,64da81b99286,
CUST101124,normal,168,522a75e33e83,7add99355ded,6474fc6aedc7,
CUST101125,normal,181,55f193e0c3a5,21cb7382315a,8119c88fe653,
CUST101126,normal,795,4691ed4329d2,605f03b8fb5c,a01b4b1a84ae,
CUST101127,normal,1416,1cf32982378f,817ff5613707,943a0d707366,
CUST101128,normal,898,258cd09ee4ee,7c941f2b7838,a6bb3449b040,
CUST101129,ring_member,660,92856510fbb1,a4b07def4203,ccadb79562e7,RING42
CUST101130,ring_member,1397,1d38fc9d9075,442522c1ebae,c137f41eb55e,RING11
CUST101131,normal,1037,e3130a936b5d,a6efd815b498,7dc7a960c1a9,
CUST101132,normal,1078,52ff18b485d5,b63dc937140a,53c2cf68a72c,
CUST101133,occasional_returner,865,343f186a97d6,394f3b5d760e,fafcceadb38d,
CUST101134,ring_member,1145,4fdc96d27cfa,47290949c815,a268db031673,RING33
CUST101135,normal,755,2151ad063395,1f598d06c8d1,3e143db7a3e3,
CUST101136,normal,934,f72621635d26,44a82d7a31bb,8ffe31092783,
CUST101137,normal,926,e8327c4c1ada,0dada817f024,7cee15e047de,
CUST101138,normal,1130,64a98ec5410c,7dae55f14cf3,db85696426ac,
CUST101139,normal,1348,806e14c7ff7d,861c917c7bfb,ef2a872bdf79,
CUST101140,normal,444,19ab01af4bea,8159c115d19f,5b4c89c4dd4b,
CUST101141,occasional_returner,1050,7d64915fff05,db76fb45b463,f8ec6ecbb194,
CUST101142,occasional_returner,52,f901fae17c65,02c7ced1081d,b6e76b28b624,
CUST101143,occasional_returner,801,0c1fb95e11cd,8ac36735695c,37b9a7165092,
CUST101144,normal,1348,1a838dff0a14,69f41949e9b0,6610bd05cf73,
CUST101145,normal,969,a364cc2edcb2,aa2bc8154c99,d14df881733d,
CUST101146,occasional_returner,405,c9106b048d92,d810417e1f47,2681c033eb9c,
CUST101147,occasional_returner,911,f876a7492146,e9176bc5ab5b,bdfc92d14fb0,
CUST101148,normal,539,81cd9a7d2890,4359846404d7,33cd402b8f60,
CUST101149,serial_abuser,652,e4e92b56e402,66330a06b4d4,4166054ef81c,
CUST101150,normal,346,4bab74e4ff77,922f6a64c1d5,82665d20ee0f,
CUST101151,occasional_returner,939,d616bb7da824,56ac91db99f6,0d302253b1b6,
CUST101152,normal,301,70aed13f146c,021b4822e1e1,82247fa314c0,
CUST101153,normal,668,b7c0a5ba6253,c1b11ffb48ce,18d2bc2eff5e,
CUST101154,normal,1409,738ab284d34f,3fac27569bc6,a4f07babea8d,
CUST101155,normal,1137,5539fd0ad810,f69d62c11903,f16d053e24c8,
CUST101156,normal,624,b2a1622620f4,0c01fedd4da7,8d537703736b,
CUST101157,normal,1453,6a5759204489,733f44c9a03b,e3a5e4666e22,
CUST101158,normal,25,b28dbb5ef082,a19b5e3ed014,13df4e1cb30f,
CUST101159,occasional_returner,1439,5fe0534d2bef,85f1b23a7f15,ca391bcb0254,
CUST101160,normal,531,934eb7a79bf3,b0af0e58d431,b3eee6048bb1,
CUST101161,normal,1232,67debd0352f0,da23d19e1b93,999cbed2d2d1,
CUST101162,occasional_returner,1421,55f19ad65dec,fd2c60794e1b,0c40ee607ad1,
CUST101163,normal,904,7785a4da4f72,3cdb4a374e82,e440c20a3723,
CUST101164,normal,917,93245776fe9a,ad3d1b5edd9d,ce74ba1b4cb9,
CUST101165,occasional_returner,1125,23c834cde3db,14b38069acf0,1cc4708faebb,
CUST101166,occasional_returner,363,d297469d9de1,898ebc408a79,71cee0cc26a0,
CUST101167,normal,271,e639d70affca,b992930809b5,c4072544a7c4,
CUST101168,occasional_returner,518,a5e881f30ac3,b7b521750b1f,8ed8741e0e1a,
CUST101169,normal,721,fab9148b3383,9a2f5493e891,82dd870b7026,
CUST101170,normal,1115,cacbc570cc94,7dc33f4b0155,f02747cd2c27,
CUST101171,occasional_returner,389,2e98f0ade47b,ce8dce405e9a,0afe187723cd,
CUST101172,normal,849,66b41f9b1530,e46de50a80cc,6b8e448955e0,
CUST101173,occasional_returner,10,abf75fb804b2,78c30b24509b,82879b2b6e82,
CUST101174,normal,51,a3704b13af86,981280c0db80,66e4a56c39b9,
CUST101175,occasional_returner,1450,675260eea8e1,0f878ce230eb,8f04582ee502,
CUST101176,normal,1276,a38de2022424,3270f5818330,8a6c76a17b5d,
CUST101177,normal,1296,2d6041b0370f,5f6f5945a262,541c57d14382,
CUST101178,normal,496,e0293f6240ba,fa4a1fc9e569,0e5c10a77722,
CUST101179,normal,772,d15dab2995c5,a0b5deef9bb7,7d821643f10e,
CUST101180,occasional_returner,1013,c34437aecead,4683a16e1bb1,0e2b3650da72,
CUST101181,normal,384,a5cb9d76a044,19c2a7b60081,536fcd918aa4,
CUST101182,normal,1117,670bffac423b,f67cd79e9b14,e3590b785e86,
CUST101183,normal,1040,4fa9f6e1383e,367802067303,db9b8adb47c0,
CUST101184,normal,613,9d4d4dbbdaa5,c86cc716d3ed,9673677a547d,
CUST101185,occasional_returner,655,27910e012968,cc0a985f3131,58031ad91c90,
CUST101186,normal,464,7772e6fb1520,8371a520ee50,4aa774177a9d,
CUST101187,ring_member,1206,4963f46349f7,8f665978229a,75fa3ae269ca,RING45
CUST101188,normal,1480,6aa6a2f4d99f,0147e4172c6e,fde36fc98b97,
CUST101189,normal,1499,54f3b54ef149,f1380fe10539,34086b876993,
CUST101190,normal,1158,1848a7254fc7,f8cab28e7063,13dd101af00b,
CUST101191,normal,526,cbbaa0c7ef10,4b0572e523aa,9570c1553dd9,
CUST101192,occasional_returner,1172,544fe82b6da0,10162e623765,bfeb90b56b23,
CUST101193,ring_member,370,c26c922b8179,e9af39a57b78,ec6b214e0a6a,RING16
CUST101194,occasional_returner,1345,5ccbcb02fa65,8a459f757436,c8a16d5edcd2,
CUST101195,normal,404,6c8c04ce342e,1935ecf31e45,2e50c8400847,
CUST101196,normal,607,71c02aa7a7ce,0513476b2d4e,0006a2090485,
CUST101197,normal,144,06053e1f3067,8744697b5a54,54b2bc5229a1,
CUST101198,normal,126,7b72ffa59f66,30da3f46ab85,bd75564ac4a8,
CUST101199,occasional_returner,594,8ddc7e0c4f37,4743db0af3ce,e80f9a5bc92e,
CUST101200,normal,827,3ce65f700abb,ab576aac82a0,4b02f48acd3c,
CUST101201,normal,31,071b767da12a,76869b540954,7d61463d99c2,
CUST101202,occasional_returner,1270,0b6d9a570868,8c80a6873342,864e322e9f02,
CUST101203,occasional_returner,176,1909f8a40321,4bb5ddd058db,d02222c789e0,
CUST101204,normal,1497,b10bd0371a5c,b1540f7469d1,f002eef3b42a,
CUST101205,normal,411,d6b4c7c6e4b5,e009713db6f1,f600bd671cd8,
CUST101206,normal,571,2b4e1e7fe3cb,71eb458a9f9a,cec62ade264c,
CUST101207,normal,243,2fd952bb709e,c0eb564f1d42,4a06c727a67c,
CUST101208,normal,1237,ad4cc4617c6a,94db2435adc0,1e63c14cd337,
CUST101209,normal,1099,a60c866a31ca,dc6374df88f1,1a4fd84ea792,
CUST101210,occasional_returner,122,5d7808905ba5,f4c0474f36d8,6410af5e8990,
CUST101211,occasional_returner,162,a95e1ebfc8ab,f4da9a46a277,eb83e4a8dbbe,
CUST101212,normal,915,f4572f8e9ad3,70a2da1cebe3,a7314a2d12f5,
CUST101213,normal,1299,d00cf508b4e1,e10d80e793eb,cd33679ff6f4,
CUST101214,normal,169,91cccb395fb0,d8b0ab546aef,dbe6e7634978,
CUST101215,normal,335,7d5e8185be09,bdb1bfddd132,721b20a0af07,
CUST101216,normal,820,ec8234102dff,53f1aaeb3f8b,f27af80dfc70,
CUST101217,normal,167,1ca2f678f204,42b509733f51,9656e730c988,
CUST101218,normal,460,f6cda6671064,4062d1ff3dac,92609e2f30c0,
CUST101219,normal,20,35a2a42f674f,1c833de4ab14,03a21d73842f,
CUST101220,normal,751,e17f7e5af415,71736d2b8a7f,6b709f8cbf1c,
CUST101221,normal,1074,1642ed16dff8,fe9c9d78c9b8,e9ae00be64e4,
CUST101222,serial_abuser,620,2ab2c6a13c6b,65b002a02443,e9d8e7b4fd15,
CUST101223,normal,388,1e699df31608,2b1129497671,a17b646036ea,
CUST101224,normal,639,d2dcf8c379f5,7103b9f91da8,7c721fc30a05,
CUST101225,serial_abuser,766,584f572e6f34,7b4ce05b083c,648e5b7a8369,
CUST101226,normal,252,0029e215c037,708afeb569f3,91dfe9ede010,
CUST101227,normal,171,423f13be6c59,d017a689f244,3964f6f911d9,
CUST101228,serial_abuser,276,cc9cb0419ac2,e974561db52d,d481996da23d,
CUST101229,normal,1478,c50568511396,18ae999fa74b,c1b31d6726a6,
CUST101230,normal,1085,d88de4c1c8a4,f4114b722fe7,8a6719105cc6,
CUST101231,normal,192,7096844b0c81,65c81d9a2639,a2533c628f09,
CUST101232,normal,455,0f4f6a0b5fa3,00f489de7799,75d1c2bc5acd,
CUST101233,normal,620,be25e72464c9,ea582abb16a8,1ccd1fd9e1d9,
CUST101234,normal,275,e8b0b87aba4e,8cdc626e52e7,31a8963c323b,
CUST101235,normal,1278,ab4388b7c0d1,0175eb712e67,814138287b64,
CUST101236,normal,1411,066163d2e8b1,d35f67db577d,8783965b895e,
CUST101237,normal,371,57c4946c7bc2,e3e41df40ab8,e26daf8ce07c,
CUST101238,normal,29,b3c69005b4a6,03648fda2fd8,3e47959df52f,
CUST101239,normal,404,42bf5b3231de,f60a27a37248,e9a2459b76e9,
CUST101240,occasional_returner,875,1e44913fa420,2a5e6a784bbb,cfe49b9a608a,
CUST101241,normal,1213,d736ef92d491,b1329f3a7e71,88f6868469bf,
CUST101242,normal,512,ace48142f837,ae85f38334be,8008b31127f9,
CUST101243,normal,413,afa5ce73cf52,4f8000fd474c,fa15c9fafee3,
CUST101244,normal,377,ccbb016f8e1e,84fbe0a4204e,0a615fca8dad,
CUST101245,normal,9,d23e110ddfd6,6771c8c16b4b,576a25464aed,
CUST101246,normal,25,77c596c4f3d5,a0fa5f3e1a2b,c24413f9af71,
CUST101247,normal,644,d588300fdad6,93b9614305b2,b3b400d21b50,
CUST101248,serial_abuser,928,3575d71ccfcf,0ce6cf85c11e,1006878babb3,
CUST101249,serial_abuser,23,5a641d5f8e93,c8f4420d4f75,aeac4ecc856a,
CUST101250,normal,304,c954295b613c,c2f2ce620a2c,169e3f299943,
CUST101251,normal,1365,4dfb8d6d0a2e,54dbfff2961a,b7a92034a871,
CUST101252,normal,1485,69944197efe6,c39c5015d5a1,33e28c66781a,
CUST101253,normal,964,0af6b51b7264,809412e94c70,81561bb8a4af,
CUST101254,normal,784,8705a7c24b9f,bc2c763342c3,f469ec51d103,
CUST101255,occasional_returner,876,e732de33193e,0a3864f484de,0d89b8a007f5,
CUST101256,occasional_returner,558,514a22e601b1,4c6631156a90,076e1296a209,
CUST101257,occasional_returner,306,0b5dac9f2e99,674608ffaa46,600711a8ca1f,
CUST101258,normal,567,bcbb1a6ed4e0,d10820df6a45,d66aa6277144,
CUST101259,ring_member,1051,e5bd4852981d,ab408745c1ee,a08d15bf0dc7,RING9
CUST101260,normal,995,d1c1731a9986,5ec66395ec93,c08effaf20b3,
CUST101261,normal,1017,a72e0277ed33,a5be6134d525,41d1a5aa5288,
CUST101262,normal,915,6e1bfe8b5682,23a00a7c8da0,bbe28812d662,
CUST101263,serial_abuser,95,848a07cc4d64,9588731915bc,a96b0fa00435,
CUST101264,normal,941,1293c688098d,776e29afcfa6,f3b4ec952c8d,
CUST101265,occasional_returner,1321,e85eb60caf5b,bd67d8be3224,ba63a5bfe93c,
CUST101266,normal,975,07dddf4e8ecf,72c384ff4abc,ad701e3f58a1,
CUST101267,ring_member,871,1644e5149253,2a7d88586fc0,081f3f8be4eb,RING25
CUST101268,normal,339,4632b82d4052,8b1403fb2410,5777d8710dba,
CUST101269,normal,1189,e8515f632332,4908ec983325,e9ec91c292a3,
CUST101270,ring_member,680,8895e40dfcf0,a73be90f679f,38f557b2fa69,RING24
CUST101271,normal,398,8a5e476c0133,41235f9a6317,7c8eb0841f75,
CUST101272,normal,737,83b1051084a6,a124f03d9d26,bf22339877b4,
CUST101273,normal,187,8897a13d4b35,238e03a585cc,f4c3f955e68a,
CUST101274,normal,1389,64906902723b,7e9f44252460,89fb8e44837c,
CUST101275,normal,1055,0520c60d1213,0431376a75d2,a65c6807b451,
CUST101276,normal,493,ad3ef7d2aafd,3f5562769c32,fc25a2f80bd6,
CUST101277,normal,1191,3a088a772f29,5abf292d801d,cb57df347bba,
CUST101278,occasional_returner,85,365c9c5849c7,f6d2d1981a0f,c59c6025ed8b,
CUST101279,normal,582,dd8f8b329c1e,c4c27f1767ed,4b63e829e3d2,
CUST101280,normal,978,331520e3f353,4cc9273b5fbf,bda7c6aa616a,
CUST101281,normal,40,fa698900eae8,d7feb1fc7a03,634fd06842f2,
CUST101282,normal,1064,a1c99cc504b3,b1654b9435df,3b489f0598e6,
CUST101283,normal,1228,e1be173013ae,f66cd9435ea4,1fa6f4b9f77e,
CUST101284,serial_abuser,893,415d5476df64,8c26ed0ecaad,cfdcc9d67a28,
CUST101285,serial_abuser,313,78d98d00f3d3,46d3a910db92,7e00151bfa4b,
CUST101286,normal,1124,6280854a1b0a,78915bfe8fdc,713f7e9f83a4,
CUST101287,normal,511,b26ebf42374d,997a59d998cf,7d1cb0f7d015,
CUST101288,normal,1105,cb3e952232b0,5a4f28db2747,33f1cd52e877,
CUST101289,normal,944,780f8d3343b9,bd6cd58e5e6c,e3a4562a34bb,
CUST101290,normal,144,4aa4e548aa84,e0e83fea6660,bbcfb3b93180,
CUST101291,normal,154,4ad9b48f3985,4ed8cacd098e,0e4d2be30d53,
CUST101292,normal,27,fc341990c21e,64939325074c,32b30d6577e3,
CUST101293,normal,112,f32b189d02a6,4cb4b9ef656e,bd58885ec5a2,
CUST101294,normal,452,6a3ddf016be5,b256d48ea60f,77abf6b9c643,
CUST101295,normal,43,fb8332834eb5,22a66a81c66f,c71099ce5ec5,
CUST101296,normal,1408,50feeb1acab1,9fb35b5648db,7aa98dbf24f7,
CUST101297,normal,1375,804abcde9dfd,b278011c21e2,7dd6edb96c11,
CUST101298,occasional_returner,263,434bd19c8102,49ab2b38ff47,1878a37a34d8,
CUST101299,normal,470,530de59456a4,742d8a880500,9154857afc59,
CUST101300,normal,1114,c132b597ae23,c6b70782e53c,97b701fe99cd,
CUST101301,normal,992,5af8dd542f62,4c69f3773ec6,6ae8ef6af5f9,
CUST101302,occasional_returner,874,a9fe63bb8cdc,ee8013693f2c,ab375a78b866,
CUST101303,normal,1483,3cc57d7dd598,5515a6378bde,591aacbde579,
CUST101304,occasional_returner,946,d2eb633d59af,392b75912268,5b637128a78e,
CUST101305,serial_abuser,1005,e64d9837efc5,6ebbef418601,21cb1590c699,
CUST101306,normal,755,19fab59c92d2,6a1387f8f94b,4e25ebdd25be,
CUST101307,normal,790,9c442223c51d,9da2cebaa477,56c7ae832132,
CUST101308,normal,440,6c97329d2f4a,f66a61037efb,6f1f26d3dece,
CUST101309,serial_abuser,783,5bf70241f26a,b0663c41a7dd,972db2e2275e,
CUST101310,normal,1377,9b2fbc557630,2d8328a24df4,1ffc185530ca,
CUST101311,serial_abuser,568,273638f26bf1,590084e7fd7f,ed7ebbbb327a,
CUST101312,normal,204,e3805f49d39d,b7e62626addf,435e7aad9575,
CUST101313,normal,901,b6c205e7b334,997ebcb36af1,fd5569002c6d,
CUST101314,normal,1178,4c29793f0574,e821a09c07c7,643843a498d2,
CUST101315,normal,1438,c737164b2e2d,d91e9bce0b19,d1cbfc6edab6,
CUST101316,normal,815,d39cd6016d6b,c29c9bf8400c,b87e8802887d,
CUST101317,normal,1183,9894cc6f89ce,8eb559b7f8e3,1a5ff7a73379,
CUST101318,occasional_returner,379,8879870248e1,34497da62855,9a636fe96917,
CUST101319,occasional_returner,639,3578a8f0b88f,c672a7632032,263376e8bc35,
CUST101320,normal,631,b39dd026f732,73e6dda4c9b6,a23aee87cdb6,
CUST101321,normal,502,2752a15238d2,f9969ee98136,50bd4c21222b,
CUST101322,normal,1075,160e77c63d99,2919de079692,6f09bbea2fa7,
CUST101323,occasional_returner,1325,60c20ca2eb26,8a69d2eaf7fc,33904a255f9f,
CUST101324,normal,493,d62b75f30b97,6578099044c4,09fd09f8fb44,
CUST101325,occasional_returner,207,35a6ef7173ca,126c40beed1d,194483c71de0,
CUST101326,normal,1239,79a3f52cef36,34c60e7c9bbb,7273d4cf0479,
CUST101327,normal,1275,2e506e81f28d,b3521c8eb9db,b651ffde490a,
CUST101328,normal,1402,ef3b207c2a0d,e8c106f28477,d415d89dbbac,
CUST101329,normal,386,f15b1a31f549,db544259ddda,d5f0257eb2f8,
CUST101330,occasional_returner,1079,1a2dacd240b9,424b036879f3,e2c558b8dcbb,
CUST101331,normal,1074,2ddb0f19a245,2e0f05f3f90a,4e192ace3e33,
CUST101332,normal,1186,6791e8dfb099,7d0982f64f6a,7576e9332542,
CUST101333,ring_member,1210,663f0610ad9f,8e481a7dd37e,081f3f8be4eb,RING25
CUST101334,ring_member,1429,29f7521a721b,149b7be0cecb,5a01c0325f38,RING48
CUST101335,occasional_returner,718,351465cdce51,28caf17989ec,1b20c0256221,
CUST101336,normal,118,5abff4e05378,54d91aad3044,7faba7b7df6f,
CUST101337,normal,292,31d3b1c0911d,5baa6e6cfbfe,9fb92da90196,
CUST101338,occasional_returner,1330,a33e49d9e470,a925eb179c66,45b791a9d074,
CUST101339,normal,1267,cad16586c7fd,0e385da17dd9,dacbb1f80c34,
CUST101340,normal,21,07c50fd3d079,dfb71ea3148f,73ca946f1218,
CUST101341,occasional_returner,554,1767aa8d9d41,bcb2b1eca249,2b674cf9db9c,
CUST101342,normal,371,b24ec96f5cba,06a41af4dd89,cefd40a8c517,
CUST101343,normal,484,a56facfb945e,8da815cc9bc6,386a38de9e4d,
CUST101344,ring_member,959,a803e237790f,80d54ded15f5,81540ae562e3,RING40
CUST101345,normal,767,c6f8bd97fb63,fae4ae5197b0,c86308b9b70d,
CUST101346,normal,723,cc8b342fd8f2,4fe0c54a058c,891a795038e9,
CUST101347,normal,655,461b1a5f9605,70ce304cfc7f,773bf5c67fd7,
CUST101348,normal,964,4fe9b84c4ef6,3c3dc2c4a14f,850597297f5b,
CUST101349,normal,1026,162a86dc1bc3,858d98de3603,ab05155f508c,
CUST101350,occasional_returner,69,9b559d255e85,b79f787efeca,2e37bed30cad,
CUST101351,occasional_returner,210,9970fe737710,ac6d62786d20,9642738368b0,
CUST101352,normal,515,de745e63f841,64aa680f100b,6feb38e815bb,
CUST101353,normal,656,82a877c46d95,4d8f8f144bd4,bd3f72051fb7,
CUST101354,occasional_returner,1494,90ddebddee45,834cf3ba09d8,e0abde2e2644,
CUST101355,normal,1338,aa5776f1f311,74b14b46721f,418be8098543,
CUST101356,normal,974,79dc6c0edc49,1e9b8848721c,8b3115fccbe5,
CUST101357,normal,58,33a85f4104f2,1f097237d3ef,627c0385a928,
CUST101358,normal,155,8de5ec4fdff7,4632ad6968ea,cf8877798d15,
CUST101359,normal,688,35ec4c744c1c,8afbb142af56,701756e44c73,
CUST101360,normal,882,bb280e298a07,0d1a8358f9e5,02155bd30a92,
CUST101361,normal,992,054a7d389ccf,0779284a703a,7539b0101057,
CUST101362,normal,217,24ba4a8cdf24,d8580d2e0594,2afbfb667da1,
CUST101363,normal,1332,fa93e27a2f2b,363216623bab,43bb72000281,
CUST101364,normal,742,cdbab6bc7eda,4cb7b8536b45,7d02579474b2,
CUST101365,normal,892,2a38f5748063,3f292204e730,4ce5ea95347f,
CUST101366,normal,63,a6ebf7cc9e88,fc4f77aa2fc7,cb7687b802b5,
CUST101367,normal,1237,78d1fe1f8ea0,6b1e063b567b,e69a4b09b9fd,
CUST101368,normal,816,5e120284e50b,f69ddeaca0aa,272669e427d8,
CUST101369,normal,337,3e8a113247bc,0c367d7650d6,5d1df370c436,
CUST101370,normal,481,8f96f0b77d80,a7f21e2884a2,9e5f5bf23634,
CUST101371,serial_abuser,532,6f5633c9adf3,d36e71eed4fb,e5cf4589e30e,
CUST101372,normal,45,6655a27e6b99,7c8b4b8506c0,b591cc949b4d,
CUST101373,occasional_returner,1413,0f4d7ab8962d,3630c425d3b9,84f762558e48,
CUST101374,ring_member,1205,f03dd9c2d13f,4c71f1c66d0e,d0388a77a545,RING41
CUST101375,normal,1329,78ec213e51ea,220b64e7102e,689c56955453,
CUST101376,normal,533,f80de27992f3,a69b964cb41c,ffb472cc355b,
CUST101377,occasional_returner,839,baa2ee772218,3b3e0810e48a,0d26a52e5433,
CUST101378,normal,690,eae648a7723c,3d10764f047b,619a1ab3446e,
CUST101379,normal,715,2a9e05357294,ff61cf942887,2a1047c86315,
CUST101380,normal,885,b5caed7f5639,4bc5e576e86d,e5dc90b9d496,
CUST101381,normal,679,f3ffa5f051a1,103f63b28095,af4826c2c319,
CUST101382,normal,1160,4e54b77cf1d9,a0a2a2c26557,20ea1591dbf6,
CUST101383,ring_member,92,f2bf917ec553,a0da1b12850d,0c5921f82149,RING23
CUST101384,ring_member,293,d6551ebb1b3f,8207e1cde150,9c4be22d89d3,RING3
CUST101385,normal,1339,8fa87f2af0b2,9fbf3fe31a43,7ab5acdc46dc,
CUST101386,occasional_returner,1324,181affdce2c3,1f287ae9a281,25d8ec699191,
CUST101387,normal,1228,ec8e62c069b4,505a4ce2d283,8db12664ae86,
CUST101388,serial_abuser,556,a4c4c4e8b9fa,a65040fb6c53,9e27cf7a1a7c,
CUST101389,normal,687,d5a959cbd820,bb883749fab4,a28e551cc62d,
CUST101390,serial_abuser,42,4512ee78aea9,e9b934e65de0,5987d3eb1533,
CUST101391,occasional_returner,422,9b5cb9373cf9,a051c6cfabaf,ad102acf6bd7,
CUST101392,normal,1091,e8f38ecbd66f,ebbabffd42d5,633a878d9645,
CUST101393,normal,517,4bfb97bb2132,51416723f667,1352c07a1d92,
CUST101394,occasional_returner,722,f4a52c2324c0,89f44b596123,2724ea2d8350,
CUST101395,normal,189,d3da7df1bb94,af4e15d58075,df22c41970f5,
CUST101396,normal,747,498030c531e0,16bd3acdae1a,f2cc12d40007,
CUST101397,serial_abuser,1084,4c3f2dabf0e2,5f8f7fe93b93,27c974ea6cab,
CUST101398,normal,860,4466c0853bb5,bd169919169d,2c822b2f4c4f,
CUST101399,normal,837,48c8e0298099,6872b7cfeb5e,d83328a829a0,
CUST101400,normal,1372,21f9aaff294b,f09c3088902e,c45a5f23e308,
CUST101401,normal,354,26d55aead17d,4c0e45b83737,71e613198f66,
CUST101402,ring_member,452,9b9ecb050cd2,2a7e781f3371,598b3d060792,RING29
CUST101403,normal,936,0161a05c93c3,d11e4b08ce61,03caff38f9b7,
CUST101404,normal,722,96462907f568,95162c001c18,e6563d380f28,
CUST101405,normal,1468,438177a079a4,b2e6cd58d6a4,5648a841dac6,
CUST101406,ring_member,94,62bf2298a80b,e0af0238e954,1508ccb0bc05,RING13
CUST101407,normal,187,c6d6b3cbf39c,3601d1251ac1,f5932d2be956,
CUST101408,occasional_returner,516,fbc660853538,1afada9957a2,73dcaa318e14,
CUST101409,occasional_returner,690,4808892f60e6,a7ae587958fc,683ba7f8ebc1,
CUST101410,occasional_returner,1336,6694d25db186,1ebf844f3cbb,42a876351c25,
CUST101411,ring_member,743,70563dd9c8c1,c6b97c8fb121,1c92bfecac16,RING26
CUST101412,occasional_returner,658,44e8426be1e9,0fde32bc3861,0f17c0b42772,
CUST101413,serial_abuser,254,01300871e295,dd778aa1ae5d,5d87704b4ce5,
CUST101414,normal,654,d69d165b1bb1,96fcd963753f,d4a145790756,
CUST101415,occasional_returner,799,5c4a7e52dd2d,b850cb5b03ee,b133eada8858,
CUST101416,normal,877,578b0f8f8688,38addeb42f6d,a0089d46c504,
CUST101417,normal,910,db9e16423d8b,a3085b1ffa50,c1098e68f6c5,
CUST101418,serial_abuser,647,ccf330549069,6a9ad66297a7,3719cda44f3c,
CUST101419,ring_member,240,9ee6a9bb0c3b,7deaf285e93a,fd9fa97c6723,RING2
CUST101420,occasional_returner,233,55c9ef941e8c,b5db594a0be9,8f02b80ead6e,
CUST101421,normal,236,64e9c73d445a,71e8f1b09c5e,cb554d1ce5ff,
CUST101422,normal,929,e6b178eeb89c,d22b02fb4978,aa8877caecf9,
CUST101423,normal,1285,73adbbdb2fdd,1247d9906895,fbe3b945cf3d,
CUST101424,normal,1325,5b2e59c46919,fdcaa23e6b10,9d9bc0200ba2,
CUST101425,normal,470,991d053cce1c,5e487a2f7b34,e73ef8ce4d0a,
CUST101426,normal,124,36818f358792,61ebbf6c7712,327326db0fed,
CUST101427,normal,947,bb17e1f3b309,cb61e5626f0c,31e057065e86,
CUST101428,occasional_returner,62,d8cf72b16d63,5f0af55bc7a2,9f18c11092e9,
CUST101429,normal,942,b8fe2fe0ebe1,07d19a6cc2b7,55fc034461a9,
CUST101430,serial_abuser,577,dcb7285ada5c,4422e3d44f8e,f54120aebc3d,
CUST101431,normal,1259,706dc4779bc7,62e084889079,2ad85d102328,
CUST101432,normal,939,f95f84fd06fc,913b8decb1a4,f2b4878f809d,
CUST101433,normal,1111,ce6bd393606c,f6c8d8089e31,36bbeef29fae,
CUST101434,normal,611,ec9448816ce6,6c438bffbd62,3ee42661a2b1,
CUST101435,ring_member,1261,4fdc96d27cfa,c4b27f385425,a268db031673,RING33
CUST101436,normal,790,abb8c6de95a0,681fce7bb195,bf4b366656b4,
CUST101437,normal,939,793266cb7e7c,d4260ca4abb5,da60d84adc60,
CUST101438,serial_abuser,544,3f2dc6e13df3,93cf2329a6e4,dd712d7423ac,
CUST101439,ring_member,676,4963f46349f7,7f26254161ca,75fa3ae269ca,RING45
CUST101440,normal,1261,a7a26b637f10,99b8a6c45232,5143b9293372,
CUST101441,normal,593,c2650b8bb6a2,6bd235c2a707,bd0fde1c0704,
CUST101442,normal,36,29a781f7307e,731b3a462316,d4843b89f89c,
CUST101443,normal,571,d6856d81ffd2,48e7186e0a0a,6e947a518ff0,
CUST101444,normal,590,d926fa3e900f,36a67a62e699,dc600bdf520e,
CUST101445,normal,630,0277b9186e8b,11ea24a5a717,cecf140be4eb,
CUST101446,serial_abuser,110,f825b6ed0112,fb1c4ec85bfd,209697d34cbf,
CUST101447,normal,198,c8836d4bb83c,09e68817e9c9,7f5b53620e18,
CUST101448,normal,489,2cddda68584c,ddc95db4b7ea,89dbd8614a98,
CUST101449,normal,638,78cff9070007,1293321f8af9,7391feb0a46d,
CUST101450,occasional_returner,48,f6368034124d,5013acf334da,469de49c1674,
CUST101451,normal,587,237311094363,0f6daa97c27b,ceda7b61838b,
CUST101452,occasional_returner,483,7d6e6f6cae76,1ba0f96b7d94,60ea889424da,
CUST101453,serial_abuser,56,b917ca0d4960,20623d7197be,5067f61771ae,
CUST101454,normal,379,2caacafc6c0d,ca5353343472,1a692b10b062,
CUST101455,normal,416,2683f19b99a2,7f273b359fa4,1261df127f1a,
CUST101456,normal,219,a62339a6b063,3bbaec550ed9,d33d3a0c9b77,
CUST101457,normal,1129,b6f5f34539a9,c5baf1de6bf0,462b1af99359,
CUST101458,serial_abuser,113,1f2a793640e4,39d1a36baae6,1ed9a116663c,
CUST101459,normal,869,1c8f8c01de9d,988dc6ec6abb,65b1d63107c8,
CUST101460,occasional_returner,999,32658caecf92,196be1ea3a93,6bc5dbf36e0c,
CUST101461,normal,1210,15cfa76efa21,756cea6bf07b,d811e66776cb,
CUST101462,normal,820,ebfc0a5781ca,8b83386322e2,447fdd4c5db9,
CUST101463,normal,816,c0cd3117d323,a2609274e4be,b73661644385,
CUST101464,normal,1142,56ee04b7e736,9ed91e07e5d9,cc366eeed5e6,
CUST101465,normal,1281,cd6109183b5c,ec3f6467fe61,a647c7474e19,
CUST101466,normal,320,9de742ad6a13,e86eeb656e29,36c097ac6636,
CUST101467,normal,1195,711cfa78ee32,9c40a214a902,98a30060396e,
CUST101468,occasional_returner,696,898890832899,1570a12f07e7,98c2477a11fd,
CUST101469,normal,151,f6640af96000,b760e4c1a5f9,7b26e1055d72,
CUST101470,serial_abuser,920,a68d6076deb2,722081901580,c0e45db235d0,
CUST101471,normal,1465,3f77d8dbb5c4,79e304aec517,d28da1fbb741,
CUST101472,normal,215,c225b7208fd7,cc9cf0884137,b68d70332096,
CUST101473,normal,27,b6e515bf4850,e76e4613437a,dc3af44b92ce,
CUST101474,normal,1375,c5146e7c6268,5124f5c623ce,98f759c5d8fc,
CUST101475,normal,897,05a05b10d140,f2c9544c666b,6d7f5dba4640,
CUST101476,normal,332,4a6483e74837,42f1825f50d3,1b1c6372f6b4,
CUST101477,ring_member,1189,14ddb06875b3,dbafdeb76ffb,3f4d223e4185,RING28
CUST101478,normal,593,5fd8cc4fa5a0,dae1547e4b3c,3be4e65252e1,
CUST101479,normal,501,68a50198e98d,1ab507599458,eed707d8c8d8,
CUST101480,normal,438,4293cf3fe43b,e608e135aed3,2eb0ec895536,
CUST101481,normal,899,f39fc7ce1efc,391c155d4edc,80522b8e316e,
CUST101482,normal,206,5cf723b5c034,abd15c720529,696f34bc6972,
CUST101483,normal,546,d858e9badca7,b0b74c97dfc6,20ef1bef0628,
CUST101484,normal,461,c216a7299176,c2f914fd4885,5eecc3035af0,
CUST101485,normal,95,fe7d24983891,95b32742dcbf,a40a9aa70c63,
CUST101486,ring_member,1145,741e5c598f50,f5ecc79ba944,5553cfcb463c,RING15
CUST101487,normal,17,1d63ac201435,a31f0b05eb03,353e7a46d425,
CUST101488,serial_abuser,1439,86c277d5a8d0,1c4d881881cf,a79e3e939470,
CUST101489,normal,146,65337655fc9d,9620ecbecb3a,2e4e0e9edc08,
CUST101490,normal,540,02bc5269b23b,2faad06eccc1,6a63f1905553,
CUST101491,occasional_returner,152,f84b00df21ca,be1c6acb5c9f,fe2059cc989b,
CUST101492,normal,553,9c497d0a0253,15180f2706b7,9d6012962fb4,
CUST101493,occasional_returner,918,2cdef1abc962,edf0ccab87d7,aa876d369efb,
CUST101494,normal,135,49bb82ee5840,edf3ac649a1b,c04bac15f701,
CUST101495,normal,791,b215d4f1b9dc,d4260ca4abb5,e95b560efbe7,
CUST101496,occasional_returner,1158,0ebd9f4383fd,4b775afd72ba,cbb36848a4e1,
CUST101497,normal,685,9687e9fad17f,b800766f5bc6,c65e1747eadd,
CUST101498,normal,173,b927065a87ea,33d782ed9f84,641d85776d55,
CUST101499,normal,1039,8dbec927b0cb,5c956c149a9e,a0e6ee4523e2,
CUST101500,normal,283,c01ba8259b19,aeee51036b64,28840f6b7bd5,
CUST101501,ring_member,30,b65cdd107e66,1fe35f756cae,4dc747b03d52,RING46
CUST101502,normal,657,641ecb0a959b,f9963cef5057,f171bf44e95b,
CUST101503,normal,410,aacd390e12a3,81d1a49c2c2b,ad40ad87bd02,
CUST101504,occasional_returner,47,8f0abbd9893c,042167146eee,104e9b07c1e2,
CUST101505,normal,1167,20da11b92b8b,1fc48dedc0f9,cab3f9eed461,
CUST101506,occasional_returner,901,d2eb4022981a,c6daff5111a1,5aafde35238f,
CUST101507,normal,1365,0b4b4a0c63b8,dd4138b738bf,062e4678c8db,
CUST101508,normal,723,47bd4b82c802,a1d5076e8767,e163a605b2d4,
CUST101509,occasional_returner,660,9c006bd71db0,ddc692c53e56,0d1f51dccb07,
CUST101510,normal,1264,5e26d1a07fd1,00216f49075b,29b166bec192,
CUST101511,normal,126,2883dbdbfe68,d60ef9e39c7f,dff501c5ea7e,
CUST101512,normal,545,4a7b5a53314a,f9f42ad858f4,c8580159f9ab,
CUST101513,occasional_returner,1199,a80ace897e9f,de45943ab669,ef017cc4dc07,
CUST101514,serial_abuser,442,f44642394419,be3b7498d76c,7d0aed68213e,
CUST101515,normal,1328,c03bb577a5bc,f62de3150d6c,80266fc6625b,
CUST101516,normal,429,342fc78dfeab,4ed71b6975b6,97891e85b1e0,
CUST101517,ring_member,623,92856510fbb1,0c5a3b25bb26,ccadb79562e7,RING42
CUST101518,normal,1346,adc5236d5e2b,008301fa81ce,6364ac34f90d,
CUST101519,normal,368,76619a3181ec,51289bd9a643,75737403df94,
CUST101520,normal,1452,4316c50d9284,2a6e76525e49,2c8dc1ed99b6,
CUST101521,normal,70,7a05ebc2aed4,cd2420c61b78,0fee21d6f0a8,
CUST101522,serial_abuser,402,21edd353e50b,c28c0d976806,badd3481568a,
CUST101523,occasional_returner,888,86c389899d91,d9d1f631978d,983ae57b7a7c,
CUST101524,occasional_returner,893,24a7ad523fad,89f9042a5b66,458f5f2dac93,
CUST101525,normal,1365,04f971d11770,6343f2ab5762,00ed8ffd8cd4,
CUST101526,normal,1439,a208d24dc362,f49b9fcdb644,cbeb4fd2a6b3,
CUST101527,normal,1018,a0cce910cdf1,08b723013019,89fce5f392f8,
CUST101528,normal,991,a60c232dcb23,aeecd6e31928,2b960d66f80d,
CUST101529,normal,479,9f7dadffa39f,22dac6c20a30,ecd11defa41e,
CUST101530,normal,1209,306c832e1154,f92e89b7cd4d,a5e62ef50c76,
CUST101531,normal,966,62e81ac1a9d5,435333d25c2c,45f09af71cd5,
CUST101532,normal,40,f8d5ae855db4,2dda4e346eee,a7ea18895983,
CUST101533,occasional_returner,1248,e909cf367e5c,f11a0ec20927,423aa4aa7c96,
CUST101534,normal,542,99119f4d4d17,10687f7c53e8,04b31c1fbeb9,
CUST101535,normal,716,bc1b6089f8b7,104982bcda62,e0693ff582f9,
CUST101536,occasional_returner,731,e26c4d350006,7bb1c5a2091a,b625617c819a,
CUST101537,occasional_returner,1230,ad52f3bee22a,6da610392399,3730c618872a,
CUST101538,occasional_returner,405,4de45a00cb03,713510377a9c,621ecaca64be,
CUST101539,normal,590,54295c97944f,d62f8c695e26,c9f7e1c1f314,
CUST101540,occasional_returner,63,3649a1cdba70,61bcc49a0846,57541932fbfa,
CUST101541,normal,526,74c729d64c32,bb3eb555a7e3,7cb75c27fb2f,
CUST101542,normal,137,efb77e74ab5e,13d0341d2c1d,6fe55516d876,
CUST101543,normal,876,60cedb8212af,5480f627b22f,722acc62b68d,
CUST101544,normal,1340,1668fe663753,14fa4239a8f3,837c559f941b,
CUST101545,normal,699,e757a5627ae3,1d95abee9b91,7a4a458bbde6,
CUST101546,normal,1368,dd8bf0aad40f,9325dd179da1,db92187a09d1,
CUST101547,occasional_returner,1465,67f058c7343f,89b5e034d3f4,797cafc07d11,
CUST101548,normal,85,395531e10118,a61eb72b02d7,77a2b5647698,
CUST101549,normal,777,d457796f4237,52a66dc933a1,b56e52881a9e,
CUST101550,normal,794,f8d33249454b,6462445b4a4a,46db188dfada,
CUST101551,normal,580,85610992aa03,134b0b9faec3,bf38f611fc75,
CUST101552,normal,1246,a181b18cd93d,25f43b24ff76,86795ae150b8,
CUST101553,normal,595,ea78e5f0985b,045bba5f446e,ef924ccb73b0,
CUST101554,normal,87,77d6e692b058,e44f6eacd124,5ccd6fafe127,
CUST101555,occasional_returner,824,3469bf7782fd,1a5504f17738,7ed73bc9920a,
CUST101556,serial_abuser,306,5c4e629bea9c,d6d4e2ab57f1,928060cdddef,
CUST101557,normal,535,a4f299b81403,55ff2676d9b5,7db89b732913,
CUST101558,normal,755,556541b35661,0f8bf5ef94fd,b2ef2bd68f4b,
CUST101559,occasional_returner,1085,8db2f739e6c2,fe00a6dfbc29,7280ebc0a2ac,
CUST101560,ring_member,420,70563dd9c8c1,7a7b60e70429,1c92bfecac16,RING26
CUST101561,normal,574,3f6ada7face8,69da107510f0,6540005d880e,
CUST101562,serial_abuser,106,3797c17ac698,ba4be4cdae8b,959d74e9baac,
CUST101563,serial_abuser,579,78f9adb2897d,bfd031c24bb2,7960217055b8,
CUST101564,occasional_returner,872,2cedefa1f983,2ea9e1307562,e27e9247eed0,
CUST101565,normal,927,9765679ec1aa,650f8ae6c54c,e6a268f6c471,
CUST101566,normal,443,e29fe09e82af,e2900ed53e14,d158ba3b6b25,
CUST101567,normal,95,71b3c68a1d63,dd1e05d237b6,920c8613fa81,
CUST101568,normal,868,893b1b89fad0,3db5fd7c6613,fa4821f747c3,
CUST101569,normal,984,86627b619279,d7fb75ef65bf,98d7a4650253,
CUST101570,normal,132,977ee40ac579,1b191f83e2c3,cab57d97f6df,
CUST101571,normal,759,8df2feb0c3b3,73755feca1a5,38fe21a99f15,
CUST101572,normal,147,0643b0538a35,4a338e8faa5d,a5c28a513f86,
CUST101573,occasional_returner,682,4d4750165402,e326e1ca8466,f47568ca496f,
CUST101574,normal,963,f78175c874b7,6eb1c4d1b55a,21ca39e55a28,
CUST101575,normal,1080,43697549b88c,c29624da274a,661a3c8b1539,
CUST101576,occasional_returner,1072,ae0050c1f85f,a0b94046e637,31607bf966d8,
CUST101577,occasional_returner,1138,d89f09dc6ee0,29e4465fe9a9,a1f21a7957ad,
CUST101578,ring_member,365,7f4b4544d0a7,9675bd0d2b17,4dd1442f4c1b,RING38
CUST101579,occasional_returner,1270,078fc0abbb7b,8bb616d96f48,0c153ec35c62,
CUST101580,serial_abuser,527,86459f82e425,da165b36587a,108519a5c576,
CUST101581,normal,565,a7f54e8662bd,46b54c111f38,0ecb16678b9e,
CUST101582,normal,1182,4045f4aac35c,376654bda680,8c856cdd5804,
CUST101583,normal,493,40cb69b1e658,ec47b4f1e003,d7006dd3c52e,
CUST101584,normal,116,ded15c550a55,37ef12c71b7f,38d4995c2822,
CUST101585,serial_abuser,1072,7c9f6412253b,9330ff35ef71,e002ce22b0b8,
CUST101586,normal,994,bb0560a9950c,24a2929cb322,1ffc357bfddc,
CUST101587,normal,874,480b4ba82fd1,053e9ce118ca,2a0d0b1bf448,
CUST101588,normal,219,e6b1af691aab,4ad4e001f9a8,bd1e6a54d554,
CUST101589,normal,949,1ef15e459926,ea320d1a6e7a,e51b71737bc8,
CUST101590,normal,301,45ae790aeaf5,c94d77c8b98d,ad4c25c61046,
CUST101591,normal,835,1b106b7ef3a7,129f56dc5914,0b3f99087009,
CUST101592,serial_abuser,764,50e9d5143c0a,fd0b9b063ecb,979d87490338,
CUST101593,normal,1160,5fc090905fd9,83ed35cde5fe,91160f3b10eb,
CUST101594,occasional_returner,1464,9283ac9a2516,982207aaa932,12b718d506ad,
CUST101595,normal,289,a99883802493,11506e137691,5ab9f8b30eda,
CUST101596,normal,176,935f07d61898,1f42890addbd,6e178c7f73d8,
CUST101597,normal,835,597b02c4da61,9248ed953716,084f34c02b98,
CUST101598,occasional_returner,1428,77ea3c494c72,26b7ec639fca,9eec9aef0b4a,
CUST101599,normal,241,06928e348130,fb3d5dfc8a48,f6202a6e824b,
CUST101600,serial_abuser,733,147632829120,321ad0a708d4,16423cdbef6d,
CUST101601,normal,613,6e9a25dd9873,f4183244796b,14e6f3f00b18,
CUST101602,normal,480,e5f34d1cd8a3,8dd12d409fd3,56a939eb8127,
CUST101603,occasional_returner,997,3b6eaa23e765,6af14edbae97,ad474c13cd19,
CUST101604,normal,446,c04900b8e05f,c4d106bb8f50,41ab9b6173f2,
CUST101605,normal,742,077e58af80ff,62efa48bce8b,f6b06579d502,
CUST101606,ring_member,1268,89acec896d25,16c3bba036df,0c6c05517ce5,RING35
CUST101607,normal,572,36fa990c5a6a,ce072a743dd8,082432f3a357,
CUST101608,normal,36,3ef086d0149f,6a7b6054b932,c84210886788,
CUST101609,normal,1328,9cf84b42114a,c1f3ab9865aa,9c54871fb36b,
CUST101610,normal,415,ab204bd83471,93dc6a84099d,8e7e4d30e69f,
CUST101611,occasional_returner,1160,43c5015418ec,c2faf8744d25,f8eb9862174d,
CUST101612,occasional_returner,1145,a2a9534f9aec,324aa06cb6ed,05634845c4d2,
CUST101613,normal,791,fd2546fe3051,24a1695905e2,c976193695a7,
CUST101614,occasional_returner,136,42bae2cd1ca0,c6dce09435ec,50607c2d437f,
CUST101615,normal,1425,78de539a2ab1,71f75f528a1a,22da5c517e35,
CUST101616,normal,1022,6183a2358031,e0c3e580b70c,ae5aa779033e,
CUST101617,normal,639,7804f2115547,780ed61c9585,b5a3506f3576,
CUST101618,ring_member,1281,e4eb89a07f6c,a0e8af7c5344,6f6b52c9ce03,RING44
CUST101619,normal,1183,1211b1460288,c259567c105f,501b1631f9eb,
CUST101620,normal,1141,20ebab9b8f00,54855f3e595b,b05ff04143d6,
CUST101621,normal,256,237b0d6ff40f,95162c001c18,3849965284a2,
CUST101622,occasional_returner,951,949fc5c373f2,b78449c9f81c,8aa2a1c6a862,
CUST101623,normal,432,6cf1c3fbc3b8,70d584b7308f,0927755ff6cf,
CUST101624,normal,122,47ffcf01210d,f656661de027,facd3924131c,
CUST101625,occasional_returner,510,1823a702f202,a819b06ce830,37551d6a09a7,
CUST101626,normal,160,1566930fc1a5,932ddf302f3c,4f927977e3f2,
CUST101627,normal,163,3123ac481d68,84893b9fa07d,c57d3e1c67bc,
CUST101628,normal,1091,9bd5590dd1a8,9d34d29f0350,433d73af1dac,
CUST101629,normal,755,47a7c84457f9,cbc4e67c9914,70002d11e743,
CUST101630,normal,599,08f38f9c370a,6c429b7d41fc,8042bc66b5ee,
CUST101631,occasional_returner,292,4cae6ff23aae,502e4a04b91f,a9ec1e3490d0,
CUST101632,normal,1157,d1a9cee19f68,d2bbd6296c33,28d9f2629908,
CUST101633,normal,953,9976d877f321,47877b612834,2f4b3a1cb957,
CUST101634,ring_member,880,f7528afc0c47,539aad440bc0,ee5354e78ab8,RING18
CUST101635,normal,289,359a00377295,bda570176969,04af6b86228b,
CUST101636,normal,189,efc503b67747,316406cf2f76,4bf26fa81045,
CUST101637,serial_abuser,189,e3fb1e77b154,8196655d8139,0124bad578f8,
CUST101638,normal,42,55ac21138476,39a13702d392,69afa6cd2dae,
CUST101639,occasional_returner,1453,cc3681d686e1,8da5767cf183,fa1d9018832a,
CUST101640,occasional_returner,554,80f4247eda57,be88be5ee860,a826f32d541b,
CUST101641,normal,989,ad9cdec2bdce,44310662dbc4,fb11e976f155,
CUST101642,normal,1473,06d4c43d759a,d37fc4e6b535,fd71eb41a336,
CUST101643,normal,1404,cd87088ef0f4,a73e8e0034c7,ea95902b460e,
CUST101644,normal,484,8b2157a99d4a,7c48d2e00d40,472cd3db82e8,
CUST101645,normal,737,bf4135e1e959,8895a53e54e5,257c36e362e0,
CUST101646,normal,697,668a068ecbf9,cb056a248973,b28b18265b92,
CUST101647,occasional_returner,54,3b33774a7d39,6f765c595e66,e5a4af481f5d,
CUST101648,serial_abuser,1153,31c4da8873e4,e30f245925bb,6d83a3d99c0f,
CUST101649,occasional_returner,863,8a37238e99fc,ece3df3ad430,bacac6d8ff46,
CUST101650,normal,560,889549b3e5bd,d892349306b8,ffd8ed082f2d,
CUST101651,normal,839,64341617f968,d7a1edebb2c1,813949f2e856,
CUST101652,normal,1104,74c4796a5b5e,25ecdd831cf2,f239d1a686c8,
CUST101653,normal,27,d532e8e182fc,8b7a117768dd,ac0e6a03afad,
CUST101654,serial_abuser,970,b98cf4e1e5af,03492099e68f,5b45491e0db0,
CUST101655,normal,1292,66a039fb27bb,139a0b21fb4d,2c54c94f9b2a,
CUST101656,normal,1090,5421510b2c13,3ff8f34de9dd,a74779df9c4d,
CUST101657,occasional_returner,931,344e9c019186,702ea7aea1b3,525a4463c091,
CUST101658,normal,140,dfae1e160d4f,75c187d3d379,fb6249dbba8e,
CUST101659,normal,1118,57dd76d1389d,b2c5f5dc2043,b792b71b2a1f,
CUST101660,normal,1127,c435483573dd,0c7a48181c5c,151dc415daec,
CUST101661,normal,743,cbe119251894,e6b339f67974,00817aa2226e,
CUST101662,occasional_returner,876,86673c57aed0,9df5fa02a642,75554c4388f7,
CUST101663,normal,929,f4bbaf05a829,29d94afe34e5,d8cb57f789d4,
CUST101664,serial_abuser,186,fd71b98d54cd,0cb8a6d6243b,374f9ad844b5,
CUST101665,occasional_returner,389,3d80fcdaa775,521559388eea,13851b5680b2,
CUST101666,occasional_returner,1189,d41b7a057871,550630bb28b9,167050019309,
CUST101667,normal,1460,33605436347a,31e5fc58c85d,81daabf21b64,
CUST101668,normal,408,5352be0b151d,80c68f5033fd,cbec110cd96d,
CUST101669,occasional_returner,604,4230a1db25fd,4d348ce5060e,c3d18ad610d2,
CUST101670,normal,1373,c57b4ac7cc92,268582dd2987,2ba6f192c164,
CUST101671,normal,247,fd86cc0b0a67,93c2787bf806,c7f429330b05,
CUST101672,occasional_returner,395,f1ce181594b2,66655388af3b,82d26811b196,
CUST101673,normal,88,212e1603e541,0c8021c6708a,db41c8659539,
CUST101674,occasional_returner,355,5b50d9c6e772,a1d04e55b840,73d05c798506,
CUST101675,serial_abuser,956,a53443eb64c9,d21b1e8d33ca,f24619e96bcb,
CUST101676,occasional_returner,525,d826ac78c5ce,f504f557ac5a,edff68b92eae,
CUST101677,normal,1475,1a4467294dd2,6d2655d949d1,1d816af0634e,
CUST101678,occasional_returner,1337,fbf1079b18b2,beaa23b94d01,531ed311c221,
CUST101679,normal,1344,f1e640724f07,b40963fbfdfd,6df755035ff8,
CUST101680,occasional_returner,1090,11ec5596b84e,2af7aae45fe9,de4f721a95f4,
CUST101681,occasional_returner,1054,44df399255a4,b34cd1b54868,499e2ddd85d6,
CUST101682,occasional_returner,766,f7a6f4908b7f,d61b60957c99,16ceab4b5114,
CUST101683,normal,1485,6e183a248d3b,644997a839be,ee73957e231e,
CUST101684,normal,147,baa830a5407a,228d7505d538,ee54ab01ff89,
CUST101685,normal,1085,14d8a3cf76c6,33d84d7d9535,776d93486ce4,
CUST101686,normal,214,c05f605c5a90,af86c65b44ae,1df42497eea1,
CUST101687,normal,512,bfb630334d39,6fddccedcc69,5fa06fa5f660,
CUST101688,normal,387,a7a54b467c15,3d0609a7dde3,32e4450133db,
CUST101689,normal,903,7d49e64c844e,a33445079ebf,c8caa3e52a62,
CUST101690,occasional_returner,1181,0e59876ed3e2,4536dd0fb702,171a57812b8e,
CUST101691,serial_abuser,124,7cd13cb33713,010f24366c0b,b650b43568cc,
CUST101692,normal,904,9d56af49c804,7d2ec05ea3c8,a289ba79f46f,
CUST101693,occasional_returner,336,f8cb1e911999,3209c18b3209,0ba91a71dfd7,
CUST101694,normal,120,25ea42d6788b,d4ead01c83a9,710fa8d2ac79,
CUST101695,normal,629,bcac41732324,ca5e5e2698d5,d55fd8b57ed5,
CUST101696,normal,873,9514ad785cea,a03bd67c2a1b,30af3802fc24,
CUST101697,occasional_returner,306,1691196ba070,49ae3aa577d3,8748349fdfa1,
CUST101698,ring_member,587,1d38fc9d9075,99e0ecb5d4cd,4d2c28c905d6,RING11
CUST101699,occasional_returner,1430,3054448d64d6,4b725ce58f61,d4499e014f9d,
CUST101700,serial_abuser,523,d94b95e30dd4,b099e376fea1,b9d0a40ea6c1,
CUST101701,ring_member,1493,570007f3cfb0,91e6b1cb3deb,26eb63c677ad,RING1
CUST101702,normal,1252,f33c5ae90090,844e0ebf9084,a28c39501e61,
CUST101703,normal,559,e0d2e4d00b50,1ed9fe24a31d,5265f3506c99,
CUST101704,normal,867,4d4c7cdf7c8e,54623a0cac92,a9b51fb186ce,
CUST101705,ring_member,1065,ef2a5ca81b4e,40a045666dab,b211982e50e0,RING47
CUST101706,normal,699,a19af1ddb209,62d8d72de628,828b0e8172df,
CUST101707,normal,614,4836b88bc051,43bce63d9340,f036958757bc,
CUST101708,occasional_returner,497,b1c10ed6df0b,40c3d344d9ed,d99993fb30e4,
CUST101709,normal,213,1c6853aceab8,ca92544951cc,d82bdf9a2bde,
CUST101710,occasional_returner,42,a8277ddff4d5,c2da8430e03e,a9d85edd1e96,
CUST101711,normal,508,6f08572c729d,77f4199a50cd,6a88b75c2b5c,
CUST101712,ring_member,1194,4963f46349f7,330710fce407,75fa3ae269ca,RING45
CUST101713,serial_abuser,353,6d7ab8f8b66f,0ef85690c4c6,8041e8dfc239,
CUST101714,normal,273,a1b40d14affe,fdd7d6bab22b,ad90ece606fe,
CUST101715,occasional_returner,495,7e54e368b1fd,7a0aa8aaa66b,634da3e1f6c2,
CUST101716,normal,900,c9fb2a3e7998,7d630b59ea1e,b91355d43912,
CUST101717,normal,326,10ff2e12c1e1,8c83dcec2b31,39b9ac1521d1,
CUST101718,normal,334,b85340c7fe37,2235e25026c9,e648dfe12370,
CUST101719,occasional_returner,172,762526ccffc5,19985d6ee2c1,278c6d847aa6,
CUST101720,normal,501,44bd1f429f2d,ae987b00e9cd,9cd59195b1a8,
CUST101721,normal,330,a1fe0148d4d6,65b95d8b073c,c35aa69e505d,
CUST101722,occasional_returner,1247,22edc9a6f484,f7034bece456,7d684d35be20,
CUST101723,normal,1359,ed908459d891,453a89fd7bd2,3bb42e279f90,
CUST101724,normal,558,5b9903a382c2,b22bb249af4a,803392e6a180,
CUST101725,normal,132,3749efc7d73a,3f3fb4d5b51e,f8f7f926d8d1,
CUST101726,normal,135,86efabccd4e7,41401b3a3567,b859aa243cb9,
CUST101727,occasional_returner,490,7e820f321e4a,adb0bbfa6ee0,aa2e1b177fff,
CUST101728,normal,697,e8d2bdf0b870,c5de2fcb17c3,5b517e38b7e1,
CUST101729,normal,795,9d5046fb4406,fa94c6534654,d18c24f4f7a2,
CUST101730,serial_abuser,459,d3b7dd633c0c,4e94afddd4f2,d3421d0aed79,
CUST101731,normal,534,46f197337277,eb8047c8d8c1,61ab96e4b43f,
CUST101732,occasional_returner,429,f253bdb31fec,d491bcb3b5f0,787b97adc827,
CUST101733,normal,778,94175f13c634,e49242e7d7b5,599bbc14e479,
CUST101734,occasional_returner,1046,5bb31a393f34,89c8b4ac41ea,883ee80fd38f,
CUST101735,occasional_returner,69,2d7b51aac07d,13d499085933,83cc0b369e00,
CUST101736,serial_abuser,720,e3ca3498d504,daec61b74687,665f547809c7,
CUST101737,normal,974,d112475d5675,00d9da434cf4,bf7fe3c48c15,
CUST101738,normal,1010,0184b6006b53,9423cdc6fcd2,778fdeea7b93,
CUST101739,occasional_returner,847,30f4896c167a,2996cbe4e720,6aff355a8b8b,
CUST101740,normal,790,f185aa3a86f6,fd6b7d2d5d22,8bba8b9c2c10,
CUST101741,normal,1023,29cb8115d9e8,82f197b1bffc,66b7f6371246,
CUST101742,normal,570,b0708b218994,54addb10aab5,4df6e73dd374,
CUST101743,ring_member,853,62bf2298a80b,343776714096,1508ccb0bc05,RING13
CUST101744,occasional_returner,482,42855d790664,6f87ddabdd68,8570a0d17c5a,
CUST101745,normal,659,f36cea605d1c,ab9fb7f0212e,6d764c059d8a,
CUST101746,occasional_returner,190,f49d4a92c91c,b013eaf039ac,3f876d90bcb2,
CUST101747,normal,528,c3f2e6959d26,5b072df18afe,a20861224b02,
CUST101748,normal,217,0351876e3676,d763a6cf409b,637b029a6120,
CUST101749,normal,343,dff6fed3c738,a6cd6dd89d64,986a284314bf,
CUST101750,normal,632,72bdbd58901b,cff80c8e0c65,742032b74ccc,
CUST101751,normal,752,0c9b123ea945,2738e13c0afe,ed4cc265c1e9,
CUST101752,serial_abuser,1413,a4a97d2cbfc9,54e690d2b6c8,da40d642a8d7,
CUST101753,occasional_returner,43,2171cb47478f,841dc3b8ad48,e3f86beb9143,
CUST101754,normal,1348,1e6d11e22951,6eebb0329da5,fdd0e1973f9a,
CUST101755,normal,495,95c2d819f138,0a8d0995d059,08d3b7927059,
CUST101756,normal,1087,b321f08dffb1,368ce97dca6e,4c5468e91d6a,
CUST101757,ring_member,1018,0cbadf646cf1,25f9bf4dd52d,710d1c5baebf,RING20
CUST101758,serial_abuser,1456,8cbe087a4f35,393c318b2bd2,2aae0d2613f0,
CUST101759,serial_abuser,167,64c6f0042a2d,258f9892683a,1e3c018b60b7,
CUST101760,normal,1450,da67f7132aad,9a7ac5dcb303,c69201018d71,
CUST101761,normal,99,646b309d3d17,a99a67dec68f,83a6021ab8d2,
CUST101762,normal,1316,3d2dd18676e8,7329c5cb2ba1,b49f6b363a18,
CUST101763,normal,980,08775269d26c,bdd6f3201f28,51b8c1532a4d,
CUST101764,normal,725,fb17599b4e62,3b0fb2e27571,d896e38f390e,
CUST101765,normal,599,25a5ea831e74,e78af234da90,4e3f5caee50e,
CUST101766,ring_member,144,c26c922b8179,fdb6a9b9d4cc,ec6b214e0a6a,RING16
CUST101767,normal,1203,3c7fe51454d5,c28c4ef742ca,739daf9f1a87,
CUST101768,normal,1093,ca5421d12a7b,962cf9eca079,ef070ff1c52d,
CUST101769,occasional_returner,1406,c0a6d94b593f,9d44f6e2a981,70f884dfd844,
CUST101770,normal,1096,792f45f9d3c6,668997ffd701,42e8713bd9b7,
CUST101771,occasional_returner,1435,14ed3166e2e6,7fe64d4ce640,b72ebb87bd8d,
CUST101772,normal,1330,6d550a31704b,a8987acba45d,26577725c7e3,
CUST101773,serial_abuser,641,4ae58c3abdd3,61e9334b74ca,6f1a9817e0dd,
CUST101774,normal,1057,02c35f462410,5ede10af5944,d989493b77f4,
CUST101775,normal,400,01bfc253b028,b0f94b88c266,a364c3bae300,
CUST101776,occasional_returner,1193,ff3ea379a289,8c9fb950623e,4578b66b777d,
CUST101777,normal,914,4448ba1f3e89,a8655697b837,2ab950e1dbd1,
CUST101778,normal,663,f1cb988a1e17,0c05b6431f87,75269fc7f621,
CUST101779,normal,944,28fff2c5b859,8d48ba88bbe7,ea71bfdba906,
CUST101780,normal,419,2e512c55e12e,62ad22d418da,ad07aa441972,
CUST101781,occasional_returner,935,6b49d0e3c6d4,96af8d8cb257,2b427bd5c128,
CUST101782,normal,714,1ecdb67437ad,26010f98b988,80ef20d02913,
CUST101783,normal,486,d3e2188b9cfc,47a6f01c03eb,ccef41c5edd2,
CUST101784,normal,1463,a5b1525d9dc6,8e21114a204e,4b4f13d4584b,
CUST101785,occasional_returner,100,4b586cdd6173,b3e88afaa1ad,86d0caaef71c,
CUST101786,normal,1137,58e5f0c2d777,0f21a049393a,d222823888bd,
CUST101787,normal,318,55ec39358969,689cb0195586,3cba1b6fc292,
CUST101788,occasional_returner,337,ab1ce0074f4f,9479f04ac98e,1d607341c4d6,
CUST101789,normal,235,8999424a4f8b,6604591a5bfd,041595d77ed4,
CUST101790,occasional_returner,158,fb6d55fc0d4a,622afb584d78,4d5110746a95,
CUST101791,normal,190,d80f7e39a2d6,bd6cd58e5e6c,f3c40fc4b923,
CUST101792,normal,1249,477f6aa5c929,cfe89fadd576,b91908a2794d,
CUST101793,normal,1389,703845cd7345,47e66d43438a,9d9e09f6002f,
CUST101794,serial_abuser,879,6b6729d0cc9e,c71466dbb026,614557bcdeac,
CUST101795,normal,25,bb390605e3c2,75f31cee0da6,e49cf3911496,
CUST101796,normal,1297,0fd01542957f,6f90b31214ac,cf3f85cb7eb2,
CUST101797,normal,904,abec1ba4c80e,88506e87bf16,072766789671,
CUST101798,normal,783,12eed4890563,5e9892bbb6ff,73a08a3dfd3b,
CUST101799,normal,1421,1052f5b638c1,26c15e81c3b7,b699813b9e59,
CUST101800,normal,617,1ef9ac6df706,cb3e857c3e95,e49f76fcc77a,
CUST101801,normal,543,35bc9b904f16,fcebca6e7753,b4b5285903f6,
CUST101802,normal,1170,822aec4dbc79,691121f6881f,bf4223e4f240,
CUST101803,normal,793,24763f5b409c,4f232f08d85a,9899080a5b53,
CUST101804,normal,1076,1d0f5ba3a174,de634280e300,17e569c67de8,
CUST101805,normal,1045,b3f93645e143,179f04ef7b13,1c143334f540,
CUST101806,normal,1259,5a19c2a9a7a7,e3867b7aed38,88627ac3d65d,
CUST101807,normal,479,d306a4383586,083cb67d9ca5,3591578d8690,
CUST101808,normal,112,1301d67104ff,301a6fcdede0,866e3a7282b1,
CUST101809,normal,719,c3bc074b5e88,a895ffd2bb5a,e3748945ee91,
CUST101810,normal,973,714d3236d921,2a59c8b79dc1,f2d95e09bc36,
CUST101811,normal,1226,918618d30e33,47b6345c96ae,d73271a88066,
CUST101812,occasional_returner,404,48d92c761ad8,b469cb73e583,7c4e0913619e,
CUST101813,normal,1119,84b3f3eeef64,a275325e73a5,1578199df9f0,
CUST101814,occasional_returner,1249,6d681e56c2e7,455777ce1857,31ef75039b17,
CUST101815,normal,1213,4e374304307b,b0e92a0b0580,ad41e939d3cf,
CUST101816,occasional_returner,1213,228d61db30ed,afbd9e117ecc,8d8784044865,
CUST101817,normal,1481,ee1c88240c2e,117d4123d7cb,1fbfa9f287e6,
CUST101818,normal,993,8beb6d08fec8,abee4ae301f0,441b719c8c05,
CUST101819,normal,558,8cbc52bf38be,969c4c5ee1c9,0899774012a0,
CUST101820,serial_abuser,657,e20931e74550,8c04a335c225,d16e39e57962,
CUST101821,normal,1121,a30322b3dae5,9cf571bedd79,f70c614a17e2,
CUST101822,normal,358,b5f59faa7b50,e9ff46da692b,33a1dba297e6,
CUST101823,normal,906,f43598b44fde,7ad345436b60,c92ffb18e6ef,
CUST101824,occasional_returner,861,26ecd680901e,2cd205a135d4,47ab1aa2293b,
CUST101825,normal,1001,4eb01ffd5adb,f6fddc39d546,3c7d490c59be,
CUST101826,normal,634,d431e6a27038,6fd8703f80e7,d15399569418,
CUST101827,normal,1111,04408b7c1a92,835db7400eb4,94e7c29f0fac,
CUST101828,serial_abuser,111,e082e0ad869c,54e4abcda69a,4e04f1c3c26f,
CUST101829,normal,1125,1a45b391c0a9,0830114cb66c,d86286ec1511,
CUST101830,normal,1218,45fb0a6f529e,832d00fb8632,e2dcf2abd919,
CUST101831,ring_member,1329,c26c922b8179,2ee00617c985,ec6b214e0a6a,RING16
CUST101832,normal,1384,4b4fe9b39377,837f33f3b629,03ff92c4b73e,
CUST101833,normal,527,27a4b44e09af,f4d203c5f765,e1e28d815b99,
CUST101834,normal,74,073eac4f9ae8,3003d6c6f364,02321477077f,
CUST101835,normal,981,01547621d75a,89702b8ded05,85311fdb476a,
CUST101836,normal,139,fc926916a6ea,92b7868a31e0,481afb47b47e,
CUST101837,normal,424,4520ed7a3310,d1e25259408a,3e9f886f03b6,
CUST101838,occasional_returner,1055,9782948beb73,8337fd9ba8a2,b1e56f2a8056,
CUST101839,occasional_returner,893,e55bd2513c9d,f47ff1559af8,c701f9539819,
CUST101840,normal,911,f6e4e7daa421,d5f91141ed34,2808c954b280,
CUST101841,normal,1128,1de5c273897b,9342704fb453,3bf3c91a42a2,
CUST101842,normal,251,88c7b2d7ee2e,25d92bd7eb74,a7bb2ac30de8,
CUST101843,serial_abuser,1187,5fc5f098782b,26d0b4340487,6e4ca8334768,
CUST101844,normal,881,f04879d60de0,125d28832a0a,f6eb6dcef16c,
CUST101845,normal,633,0a5a806c5c8d,dd6d36762e43,c2e59157158c,
CUST101846,normal,698,d273c9d13f6a,878ba53f1fbf,b010717128f2,
CUST101847,normal,765,b06671d7d8e7,73719ca369d7,1cf324ff4a2d,
CUST101848,normal,827,c4fc0d009f43,957ff18472b7,fe0f899edd3f,
CUST101849,occasional_returner,504,fa0a7407cc3a,2c36389648b6,d8700d2104ce,
CUST101850,normal,338,8330381e7932,5730e376604f,c7c2f949c1dd,
CUST101851,serial_abuser,257,f04194aac93c,69f807833515,db42c2dfbe8c,
CUST101852,normal,514,98c38adacb1c,dad029c4a17e,3805ff5ce4e9,
CUST101853,occasional_returner,394,9f68e1484bbb,fa33b8ac0cf1,e935a5ce814e,
CUST101854,occasional_returner,776,9c92603e39d6,5823cc9237ed,cba5ee7a32e0,
CUST101855,ring_member,1368,419dc08172b4,02c76dfcf18a,52766c892ea8,RING10
CUST101856,normal,166,4653b7807c08,5638c0408bdc,bb8a97e9e600,
CUST101857,normal,466,267fc58abec2,b3bd085fc79a,cf29bb0e0b2c,
CUST101858,normal,78,8601fd6779bc,6fb1eaedbec2,20d490bb38d1,
CUST101859,normal,1462,f83353a1ab14,2af3c386dff4,39ba086e417d,
CUST101860,normal,1052,9e228f07ef73,26787ce16d3b,a21fbe26bb89,
CUST101861,ring_member,366,98097186f6d0,95ee06f16d76,1eb384fb9c80,RING39
CUST101862,ring_member,624,ca74bb1beb14,4e4a1c48b42d,74bcd4b52bfe,RING36
CUST101863,normal,1085,f229530c6064,82fa5b39f6f0,4b890cee2571,
CUST101864,normal,1436,3a04e5591180,b3c2447132fe,dd1822403fab,
CUST101865,occasional_returner,862,20b9a36d6f48,503d9b76c590,2feadfeceb21,
CUST101866,serial_abuser,410,6b6b5a222c7c,8b8c2bd7bc10,fb134caea8c0,
CUST101867,normal,1046,cb5bc2d1e116,f17c16a408f1,1922e13c5057,
CUST101868,normal,1030,b202b2fece8a,b2e3181d60cd,edc35460a1f0,
CUST101869,occasional_returner,967,fad7e21b068f,edd6289940db,01b0d59f7b21,
CUST101870,normal,73,4db3c1d2d578,1ab48b6480cb,a71b1fdf6b48,
CUST101871,normal,1061,caa0ecb29e5e,a127566f60c7,712472e5c249,
CUST101872,ring_member,34,bdb506085825,b5307a24ba31,89b6ccf0bfec,RING5
CUST101873,ring_member,1358,d6551ebb1b3f,072af3a1d3f7,9c4be22d89d3,RING3
CUST101874,serial_abuser,1323,9caf7f394909,8d304741acdd,d4359baca5d7,
CUST101875,occasional_returner,847,79a8ab7f9ef9,00434c5a9fb1,555b130996f3,
CUST101876,normal,970,e524b815e906,b56166828b9b,ac01ab554b6f,
CUST101877,normal,106,7edfa34ea2de,e4dd115ca3dd,3f6f228df0d8,
CUST101878,normal,1312,f20259dcefcb,f9f0c99e86a8,40c2f9fa4415,
CUST101879,normal,409,ecb5abe9b640,361bd379af58,a967bd74c9f3,
CUST101880,normal,396,69068ae0c15b,68b5743ae4b5,52ce81851801,
CUST101881,normal,1063,02e9b2ed669b,d46d679a0f20,cc72ee9b9cbe,
CUST101882,normal,1408,b5de169a27ac,835b1816f65a,620f241e38da,
CUST101883,occasional_returner,743,38f9da1c2667,01a58fb5429d,9182629d2604,
CUST101884,normal,763,54c06f7cb8be,916c8e32cb13,7e30d5b123b4,
CUST101885,normal,825,966dce1c8eac,9b0cef654999,ef5cb8c3b629,
CUST101886,normal,440,ea8a2c62d874,e4b79e545e5d,6dfe8dea0bb6,
CUST101887,normal,896,97864c7cb306,f1647bdd45ff,1bd8f4666d7f,
CUST101888,occasional_returner,1441,1e6b6d68336a,24c751844b8f,ecec5b088f83,
CUST101889,normal,577,12b04f84d06b,ee5bea55b2db,8eb9f3e78f33,
CUST101890,normal,1160,a5ee0c8dd7ad,c83ba74a2ffd,28f033bcb5d5,
CUST101891,occasional_returner,1161,284d5dd454c9,d639a04ffa7f,2177d9e83e92,
CUST101892,normal,1276,5b8312b60ee6,3630c425d3b9,84f762558e48,
CUST101893,normal,1086,9d73e6e75ba7,2a39fad0d297,4b4cd121aed2,
CUST101894,normal,1382,66a634b3d23a,e774b0b5549e,64d9ed2ae6cb,
CUST101895,normal,1072,3c842092a0df,7204ff9fd4a5,2db8b899d30c,
CUST101896,normal,1464,08f1a0aaf15d,82ac81b78e18,2a7783c1a893,
CUST101897,normal,1074,cc14327e7b94,d3f8ea76658a,9b85ab714546,
CUST101898,normal,1256,135cdc0db1ee,dace86490b91,15121a0610d0,
CUST101899,normal,1336,39fd740df8c2,51e0d2ac8f60,a5431c1755b3,
CUST101900,normal,1475,2eb62187efc4,8ed09a27a60b,9fcf0019c4f1,
CUST101901,normal,895,5c35b7d4bcd6,0315717f3210,58a21ddef5d6,
CUST101902,occasional_returner,1066,ae8b17bba4a1,c1595a52a5ee,cd6fc07509b7,
CUST101903,normal,1450,b3f0d4601853,0bd5a5f6ad2f,796b65acf8dd,
CUST101904,normal,573,0826fabf4236,3f91b82df3b0,f117f399be23,
CUST101905,normal,183,d53edb0b5102,db65901a931c,3748e964f2f0,
CUST101906,normal,1326,30595c5d652a,9ad6c10a02cc,b1dcf0dedc5b,
CUST101907,normal,949,1ab3d48156f0,5ab58c96e169,08d45555ff80,
CUST101908,occasional_returner,645,f8ed8d8d582d,e8f3d4126c99,1227a8cc107f,
CUST101909,serial_abuser,1076,dd02040f35cd,e70072d283b7,500b17970493,
CUST101910,normal,53,25902028248a,e8d37fdb6820,1f9dc68d2e98,
CUST101911,normal,718,585ac4e04017,b7a78b38a14b,cee4c5988d6e,
CUST101912,serial_abuser,401,6cce480140bf,30e5ddb682c0,7a0e898099a5,
CUST101913,normal,435,84bec635eb1b,a564d88d1e80,5f2efab6841d,
CUST101914,normal,1454,c058507e82f2,cff74a5c3f3d,973556e90657,
CUST101915,normal,827,52a401288cc2,6531789aea9d,26d474f39aa6,
CUST101916,normal,214,2c43ea0615c8,a83a951d5180,0da03da0c722,
CUST101917,occasional_returner,550,da3d3c6ed577,09afeb6120ac,a322cd60313b,
CUST101918,normal,367,8d53bab74bfd,396d0d597d61,bebcdcbe4d53,
CUST101919,ring_member,1364,0cbadf646cf1,a0def0cd5232,710d1c5baebf,RING20
CUST101920,normal,440,71f0e6027868,340d9323e494,6cd3b53c64e2,
CUST101921,normal,538,b78bacf0d8f1,8deedf54d80f,a24a40078400,
CUST101922,normal,504,453b4eb665d2,d9dbccb6cc23,c97616ec909c,
CUST101923,normal,267,28ff7002b6f1,d1f0be78e6e2,ba2177752a81,
CUST101924,normal,1171,7085cfcaf3d1,f35da1921cd2,21a7636608ef,
CUST101925,normal,866,b12453f04235,79108b80f6fc,16189f233eb1,
CUST101926,normal,658,b26636986e23,df7641b045b0,f7ad26a63a35,
CUST101927,occasional_returner,597,4f0cd5957780,8da14046d016,c9bc0e3eea47,
CUST101928,normal,1001,7b8b68ea4a24,24acaa4981f2,ffb469d4d02a,
CUST101929,normal,148,396ff2e52738,6804b8ed3859,63829dff8fee,
CUST101930,normal,1397,1e79fd3daf54,b908b47cc8fd,73ba1948bfc3,
CUST101931,normal,849,dbf40ef0979e,d962c1c51d12,095d6d9ef5f0,
CUST101932,occasional_returner,345,d5f54d650b15,ee167123d705,2b6076bb62e0,
CUST101933,occasional_returner,809,b0ff9422b07a,b9a485bd98fe,48c561af11fc,
CUST101934,occasional_returner,1278,89a70c53db94,1ecaf0873ac0,dd47a8d571af,
CUST101935,normal,263,0fddcbe626ce,22bf62106d68,bb9c6e63f027,
CUST101936,normal,788,5d416815977f,b303cdb8a0ab,af7ada70d737,
CUST101937,normal,898,468bb8d5ae18,71a221888cae,2807dd5cd18d,
CUST101938,normal,1216,6998d6d7c857,89f44b596123,ba29d7ce71e6,
CUST101939,normal,853,e4f80ee40d62,e9f7985ed4f0,dc15b216d670,
CUST101940,normal,1105,deede4cf4a29,e5f9165f5b6f,41621bd8ebab,
CUST101941,normal,1161,3698939d07bf,22ec6fd41efc,a095af87b48d,
CUST101942,normal,1337,cdc76cb8bfa9,bac894e7c7e6,936fe2e409ee,
CUST101943,normal,545,9b4066c61db4,0d4bab72924b,ec0f404809a8,
CUST101944,occasional_returner,1057,c6ddaeb73734,6d23ee7b2f3f,e8833bf4dddf,
CUST101945,serial_abuser,376,524ee362420e,dbd045ef67f3,4873169c9536,
CUST101946,normal,1267,f07f8358d44f,5604a6f116b9,faa43aa85df1,
CUST101947,serial_abuser,1427,ae0e81454a5c,0bf23919c804,937ea6a4f58f,
CUST101948,normal,444,1db1b2358639,5fdd2364715d,c0aa0c90a125,
CUST101949,serial_abuser,844,fb13c8770ed1,e50ee162cde7,e7dd3bba41ed,
CUST101950,ring_member,1234,843f0624a3a5,86cd5b5dc063,f1b1d70a5ab4,RING32
CUST101951,normal,45,ac13d5070fac,8faa36fbdee1,0cf9629d30c7,
CUST101952,occasional_returner,1059,dcad24026239,4261ab4e6cee,96a8762ed84c,
CUST101953,ring_member,1231,f03dd9c2d13f,5ee5a0a09cd1,d0388a77a545,RING41
CUST101954,serial_abuser,1307,ae15c6d0f69b,b3e3a69d21a4,f23b7c85853a,
CUST101955,ring_member,299,c26c922b8179,129ba1d1c409,ec6b214e0a6a,RING16
CUST101956,normal,1136,4701f294a44f,df4b94a8f772,68c336da324d,
CUST101957,normal,1180,b9c886d0f11b,3c9602212382,4e8c51a8f3e8,
CUST101958,occasional_returner,9,b8f635cf9571,8b3409eff23f,529aad05d1a1,
CUST101959,normal,1059,54e6ee112937,935ccbdb69cb,ad7179b038b2,
CUST101960,normal,941,a94c016e0b38,29bded1bf99f,aef2855f14e7,
CUST101961,normal,1453,44697be90658,63191f95ff27,aadea405f815,
CUST101962,normal,69,1f2c9813f3f1,49844382c2e4,830a6e0cac32,
CUST101963,normal,1448,1bdc5d0bf557,741f45246c5f,741351c63353,
CUST101964,occasional_returner,859,ff9b290a311c,78efecbca59f,2dc352b763d2,
CUST101965,normal,415,dfa627c3681c,7ebc7cfd4aa2,436c3d1c052a,
CUST101966,occasional_returner,584,74698c609baa,3066e53f6f20,1f8c7746120e,
CUST101967,occasional_returner,1150,41be41553af5,199c9ad9c1cc,0770e6011e45,
CUST101968,normal,1494,73f044c473db,9db90fc77f65,3509b9977b1b,
CUST101969,normal,478,c1280d2d9a46,0b4c7e803f8d,a4ae03832ee3,
CUST101970,normal,1475,5e4860b064ea,2b47e01a83c8,428f5c869cc8,
CUST101971,ring_member,945,9ee6a9bb0c3b,7cb85f2809a8,fd9fa97c6723,RING2
CUST101972,occasional_returner,292,132d2a4e1f7b,0415670a36d0,e77c4a75c93a,
CUST101973,normal,898,c8c7310b9d9a,1234c9513451,673f99cf9770,
CUST101974,normal,1203,0f387983ceaf,3fc9ed62cca9,2742b40f4640,
CUST101975,normal,86,a08be9a0bc28,2ec8c1dd671a,01399114fe4b,
CUST101976,normal,122,2da517332f4c,ad9ee3471a5b,16d4cbf70b83,
CUST101977,serial_abuser,12,a76e5c942861,187b27468945,ff43798a402b,
CUST101978,occasional_returner,857,2a89cef8874d,4c05bd82ba9d,499b0d0c631c,
CUST101979,normal,91,c515492590f5,07a68f5531c0,9404486fb32d,
CUST101980,occasional_returner,1398,77c3fa5f399a,bbe85124b47d,d753d6150c34,
CUST101981,normal,196,6cc532216bda,9b7e384f4551,0fee61a4688c,
CUST101982,occasional_returner,112,4a6e333e38d6,5b9fa4164adf,1de99999b605,
CUST101983,normal,390,282dc7ba35ef,37d8d87c362a,1906703c3822,
CUST101984,normal,1145,311fb15d7207,99025d4728ba,311d5f8726db,
CUST101985,serial_abuser,1360,4917b8b57109,ed1fce33d3ae,4f41fa85fdc5,
CUST101986,normal,380,7ab76e6f1989,df44532ec17e,2e1f08928652,
CUST101987,normal,780,b4b27e58e0c3,5396ff0b4640,e836b7ffc590,
CUST101988,ring_member,1161,8895e40dfcf0,f919f6ad9dd7,df347676a760,RING24
CUST101989,normal,1196,ac966787ec3f,88df52c284a8,4390f9bf8d89,
CUST101990,normal,233,ba4268d118a0,294dc308ebd7,dcdb60020230,
CUST101991,normal,1258,99edd2609dff,849e54496986,cfc74c31d473,
CUST101992,normal,1301,5ee19999caeb,12276589490b,7d0cbb4d87e8,
CUST101993,normal,1103,4153348a2ab6,a0b5deef9bb7,991dec24a851,
CUST101994,normal,793,bc242946b05a,53261a6f96ab,cfa7bb8d32de,
CUST101995,occasional_returner,590,a416dcbe7f0f,c77f6d2d6cef,b28ba6b03f9c,
CUST101996,normal,1334,314722dfb093,0c94e64fa0ce,778f9f759e83,
CUST101997,normal,1296,5a3b68c8612e,08ce3a8fbe39,8cd4ec65e19d,
CUST101998,occasional_returner,779,a6d637c1a0a4,589dcb1b706d,1ba6bcbf022f,
CUST101999,normal,1114,4220fbb1664a,029d9c03a3ad,520a999249d8,
CUST102000,occasional_returner,602,a11f71f2f2f1,6187d72c9655,736b7a3670f5,
CUST102001,normal,1116,c16c75597e4a,29dcec65bac8,ed39881f10f9,
CUST102002,ring_member,138,d4cf56095c5b,d5232f770cae,2d9178d31b09,RING8
CUST102003,normal,1352,be197c45a841,eb7ed952548f,f70e050e876a,
CUST102004,normal,775,9ca6fe2c7687,3fa874dde598,4c49edf25b06,
CUST102005,serial_abuser,900,a35cb397a8e6,03e1a16624bc,4aec41c1776a,
CUST102006,normal,288,b8b9a9b04768,671020ecf3df,3f8f328cdd4b,
CUST102007,normal,795,6071b35b50bc,fab7e4648b17,6fae0c53c6e0,
CUST102008,normal,9,1fbcc1cdd8d5,4a7898f0f913,3e9ebb750b80,
CUST102009,normal,1335,aea5cd301205,4cf55cc07aac,6f4d2a5784d5,
CUST102010,normal,1124,d827af588500,d1bea1504204,095cfbc1e645,
CUST102011,normal,684,52c24da6b739,0acf768972fc,bf52bd4b1c5b,
CUST102012,normal,1254,6fdef9c4289f,2e5d53eb8218,b35ad6088cea,
CUST102013,normal,1218,8bb19761abbf,f5de9df61a7b,b056e41f84ee,
CUST102014,normal,183,d964ebf70505,9e09a93a4512,1fabeb4802e4,
CUST102015,normal,85,45523d38eebd,725f8ff8a822,7213ab4a434f,
CUST102016,normal,384,3f3712e16d6d,a73fe72f2acf,7631297bb202,
CUST102017,normal,6,4416024a97c6,786da5cf30d7,72122e5ae220,
CUST102018,normal,861,a8d2ca3a5c05,56d528c1dd54,7561248e3eb2,
CUST102019,normal,794,150d4efcd5da,567ce136a24c,cafd79cb4588,
CUST102020,normal,809,228987c7008b,a1196a6c61ac,79b700a423c9,
CUST102021,normal,115,17b21d631d3c,cd7114039393,5d47423a8fb1,
CUST102022,normal,1377,2375f1c94053,5e540d3f4247,b933cfb8c9e8,
CUST102023,normal,1464,a9fd1f023804,8e7c03e387c2,abdc9cbaf94e,
CUST102024,normal,887,89d9dec9440d,4844a0b40aef,b7c69b15acc5,
CUST102025,normal,13,15d2b96d2f71,56fc89e0a0a4,2e6ab3bde14b,
CUST102026,occasional_returner,596,e3260fd631d0,3af25c834524,5ee15c020f2e,
CUST102027,normal,1078,c9564c34acd2,bbfb9d26d581,4d0f3d12e99b,
CUST102028,normal,1124,2227d83c5515,731fea0d8b22,1aeebcdd9a7b,
CUST102029,normal,368,d19fdb9c0558,e4d0f2e7723a,57f2ee5f83f7,
CUST102030,normal,1234,e529502c2a7f,f63a323fea7b,6d6305d7acec,
CUST102031,normal,1451,8f433e0f98a9,ebcba859a100,b2b2a0b2ce07,
CUST102032,normal,765,e388e2895552,ce70d0a5842c,b1e5d10f185a,
CUST102033,normal,575,1f3e98754b0f,c1b5b23ee6e4,5ed52003ddfa,
CUST102034,normal,791,7e730be83e9c,db47ca2d66d0,3bfab56a3430,
CUST102035,occasional_returner,45,79627362223c,42792f270139,ddd710a0d2de,
CUST102036,serial_abuser,787,0af1655c1eaa,96b08b3a569e,3d22f36279c7,
CUST102037,normal,45,85e41677839e,b2474e5edadd,bb2a69ed96c1,
CUST102038,normal,57,40123d3031d2,b4fcc73e2ebb,75b8ee858665,
CUST102039,occasional_returner,832,822086974c26,61b820bf7494,864bb478f596,
CUST102040,normal,768,c5e227dd3e68,f4b60f127551,b54aefa8432f,
CUST102041,occasional_returner,1480,cebae4badf84,cd52cff37fb0,7b148f42edcc,
CUST102042,normal,763,f7838254ea12,c69674689e5d,da5c1376d171,
CUST102043,serial_abuser,1469,2af4ee8e48c4,3330ee40120d,1278442073f6,
CUST102044,ring_member,1211,7f4b4544d0a7,c9ee9bd8bde4,4dd1442f4c1b,RING38
CUST102045,normal,509,553cbca7fb7f,24c93f4fce37,cf03ee606e09,
CUST102046,normal,1389,3c9aa02fda57,34cdd68e9979,a557f9eeb52d,
CUST102047,normal,726,83d980bf52a3,9e9a2739e6ae,24ba5a2bb9dc,
CUST102048,normal,894,fe78f7a17690,354d89cfcf1a,e2bcc5f3008d,
CUST102049,normal,155,20032e48064f,d6eb9eb8d3a6,17094e892750,
CUST102050,ring_member,322,70563dd9c8c1,3646dc1a3eec,1c92bfecac16,RING26
CUST102051,normal,785,979d5f44ca05,6199c71d8c5b,d641ac537d6b,
CUST102052,normal,410,fd1eee73320b,f640f2d50624,cba7f42004c3,
CUST102053,occasional_returner,901,46b4daeb67c9,f14e21a3896c,23bffcf43d24,
CUST102054,normal,124,ae6ebc3b9574,782c077ef704,bba50637ad01,
CUST102055,normal,380,2b99553a39fd,f2f2de32d8e6,e972c5c14d55,
CUST102056,ring_member,999,bdb506085825,8bbd6d9b81eb,89b6ccf0bfec,RING5
CUST102057,normal,920,54fcba602813,64d70a8891bf,c68f68b379be,
CUST102058,normal,1475,3b57e177af22,824033387c04,b18d37e9d7e7,
CUST102059,normal,1350,615b30d9bb8c,6d2f6d5aae17,3c0ba2c9e8cd,
CUST102060,serial_abuser,1216,25acd554f6ec,42499fa538b2,12769cf2c222,
CUST102061,normal,6,eff4156e5fd2,236e777b0b62,b3629fd8e2be,
CUST102062,normal,905,38bb3cce7881,9c7e5e44be87,4c3a4fdb6311,
CUST102063,normal,347,783bd2f27f47,bd251632c207,a8080af50a1c,
CUST102064,normal,404,5b8cf436a50a,938a17d063a6,4fffe47abd38,
CUST102065,serial_abuser,318,b7a8ace31994,9648296b709e,8be656e459b8,
CUST102066,normal,686,f4f1b76fcf57,782ace1c0aa5,efbf4579cf84,
CUST102067,ring_member,190,642d826444f6,0c6b14027ebe,0c6c05517ce5,RING35
CUST102068,normal,800,d871539c5ba8,6ec7dcf946ed,276d2456381a,
CUST102069,normal,253,f114451f8d54,9282a9a662a5,0486fadee389,
CUST102070,occasional_returner,753,699186783cb1,4aec7f145108,0e730415442a,
CUST102071,normal,940,165394d65a52,1ea3511c871f,7a27f00b9702,
CUST102072,normal,273,eeffb4101ebf,71ae8364dece,43eda178a402,
CUST102073,occasional_returner,158,0cf9c33cc2cd,cb129abacf42,bbf2d3984297,
CUST102074,normal,1210,29505266eead,17438add6882,116e1eb26c65,
CUST102075,normal,1109,e42ec395e180,f980f42ea118,f8667c15b532,
CUST102076,ring_member,395,3ededa89901f,a892a3e9bc5a,8c57b37a3038,RING19
CUST102077,normal,1331,156bb8652cbe,1a601a94451c,7cecc168e673,
CUST102078,normal,335,e03f8f907dac,95c5a35a9b61,c12777a93765,
CUST102079,normal,1390,654ad9f59baa,b65ed3b40f9a,5a3aa981a1d3,
CUST102080,normal,174,45568032d4bf,6f3975f6492c,db8b56483f3c,
CUST102081,normal,991,b8ccf9d0f9c3,21a9cf68df55,47203ffa7c11,
CUST102082,normal,33,48312e33f0eb,616f7c653fcb,4c779259cd0d,
CUST102083,normal,300,64070183ee61,dff808a3b0ab,542eb1d35cfd,
CUST102084,normal,610,46a57dbbd01d,dc2ee1d74395,84bf5d0c24e7,
CUST102085,normal,132,13107fcb978b,7cbb1940604c,8a2138e09837,
CUST102086,normal,688,5f74f358a73c,bec766259d49,8589913376a8,
CUST102087,normal,351,63fb3b0d313a,5a7851c4b54a,9e46fd8cb250,
CUST102088,occasional_returner,152,e21e1f78ead1,9d8bdf7b815f,b49906f9bc36,
CUST102089,normal,1443,f421027cd40e,622afb584d78,3aec43ad49a9,
CUST102090,normal,1472,ba737716b781,3dd6139ea2b8,3ec964fc4fa8,
CUST102091,occasional_returner,1443,45dd33c91c9b,0abf7f5ec1c0,71ef99d60533,
CUST102092,normal,235,d53a21dc9969,94b75df63a5a,193cb35f1831,
CUST102093,normal,575,cfcb284480c9,02488ed4aee9,0e059e8ce72c,
CUST102094,serial_abuser,494,c0d3177eeb3d,951a3db63905,8826f064eb7a,
CUST102095,normal,492,95a694e2d3d9,fbdf0393483d,6b8e13d725f9,
CUST102096,normal,627,7ce69cb2570a,91259953c67e,8a9cc05d89c6,
CUST102097,normal,767,8734e64e993a,a798ead059ff,f8f121899e11,
CUST102098,normal,730,9d9e30cdb841,2ed5bf9503aa,916d5dc8ea83,
CUST102099,normal,441,3055e96d68fc,99fadb2c1800,27346a56c0d8,
CUST102100,occasional_returner,1469,a421390c2e9d,9462e8b40424,6c7c5c8fd669,
CUST102101,normal,1469,f75155579ebd,00754c17a495,078f5d769cb3,
CUST102102,occasional_returner,500,574287d1001f,1d02f4d0bfd4,448a6e6e88b9,
CUST102103,serial_abuser,335,cf459b630964,af9f7ff9ab99,fb45a89c0175,
CUST102104,normal,801,6bd502839c18,57e935636ace,c2d8c89e3752,
CUST102105,occasional_returner,556,3e17b28a668b,fb3884153fdb,4f21dc82da24,
CUST102106,occasional_returner,1480,ed63c92100a2,434c0b698b9c,1207fd7edf1d,
CUST102107,ring_member,646,a803e237790f,7a2f34773c13,81540ae562e3,RING40
CUST102108,normal,64,8d1e203f9314,70ef8b9ce933,4887debd8cf3,
CUST102109,normal,191,8bb0b7c8648d,4351da93844d,95ee5a5a04bb,
CUST102110,normal,116,3e6d600c931c,84f1e06edfd6,d85cc6549351,
CUST102111,normal,577,0bf136ef063a,5e5f52120020,12413859f53b,
CUST102112,normal,478,45cf6a2efef5,459c1742ab02,ca498b7a71a4,
CUST102113,normal,1285,8be25e8ca799,791a86b668d2,1e1c49ed5f61,
CUST102114,normal,1336,97f933e3e426,67cdbfe26d84,5b8953cd8396,
CUST102115,serial_abuser,214,ed09ba611035,fccf8ba092b9,bf35eb37891b,
CUST102116,normal,1417,a14972e4044a,b757708b017f,c5358a23027d,
CUST102117,normal,878,b68362ac2188,4fcb70610b0d,76b62bab295c,
CUST102118,normal,463,1fcdb5aca1f7,19fc2d3c41f8,278cd90ee475,
CUST102119,normal,612,ba5a473b925b,d4f948801d49,c3ccdd1601ab,
CUST102120,normal,664,ce7b536436e3,ae0ea99601d9,03cf27d02fb1,
CUST102121,normal,259,00b71b5e5e8f,d8af0996aec7,abcfae640b3c,
CUST102122,normal,1301,03a0895ac845,fb668b049e8e,252b3b309f31,
CUST102123,normal,23,e1123752850d,4d7bb4253151,dfccdb9ece08,
CUST102124,normal,109,5f4e8691029c,9f436af623f7,63fb83030ed5,
CUST102125,normal,413,e282707d845e,0aa93f3fcd44,473accb3b7d5,
CUST102126,normal,219,181105ae7963,f8cfc5d86337,820504ec9b5a,
CUST102127,normal,97,21782fd37b66,d7a7ccd10234,71382b049b3b,
CUST102128,normal,578,386b5f4c6cc0,e3b21566e80c,db26c0d922cc,
CUST102129,normal,568,b5e15abd96ec,c3da0d493ae6,0b20d0ae2bb0,
CUST102130,normal,192,4f517c82e39b,64139573c37a,07c7b976e859,
CUST102131,occasional_returner,1216,ce63a09e48c6,596dfe216d11,cd9cf675f6d8,
CUST102132,ring_member,1324,d45a84f229a3,ee18b51e7357,6ecf81e3c9c3,RING27
CUST102133,serial_abuser,1080,bbac98862b37,147917589098,335e523219ee,
CUST102134,normal,785,6a3e31f42b23,47dc90ae488d,94abc0224f68,
CUST102135,normal,1421,9d67ee363150,ff63f185db65,8cae4499a64e,
CUST102136,normal,529,f022ab78dbed,df4a739cd48e,4ca8a2633a7a,
CUST102137,occasional_returner,643,649d698a632b,2c5e135e4f3e,cce592670915,
CUST102138,occasional_returner,27,739d940c2f18,455b54737db6,80c1319d8d9c,
CUST102139,occasional_returner,1063,10964070bfd6,042b7143e8b5,7a330a03335f,
CUST102140,serial_abuser,143,d6227551b53b,376d4aa503fc,a08409806531,
CUST102141,normal,999,abb63ed0499d,281c43523d46,6794dd478a0c,
CUST102142,occasional_returner,1174,8a8189ca6c44,eb528c7aea44,48f915bd7ab5,
CUST102143,occasional_returner,329,8f90e3b2f4d0,90ee059988be,bf3e126ad7eb,
CUST102144,normal,919,fd5fe3d202ee,8d2a4fc0a8ac,194a9f8618a1,
CUST102145,serial_abuser,458,7af81583b452,48ef663afe1b,a1fedae33509,
CUST102146,normal,600,7ec011d27e95,40e310287bff,4a74d93e75b0,
CUST102147,ring_member,797,bec25273a196,05ed0837ac8b,17b799d67b54,RING6
CUST102148,occasional_returner,377,e182c4e1202c,d1b0327ff221,3958aef3abb1,
CUST102149,normal,1196,0cbe41075fa5,32467b2e4005,2929a1e06f32,
CUST102150,normal,594,1bf391658b7e,b16b20c80559,9f167af0f965,
CUST102151,normal,695,0afd573b7dca,eda787b51c93,10ed7fa2cd46,
CUST102152,occasional_returner,1222,ae0cfecf6b01,8879ef7e5e3f,24136691363c,
CUST102153,occasional_returner,345,3dc7a08c605d,7b90982f2559,cfc9982b5a76,
CUST102154,normal,681,b58af567657c,8aa13fc6d9bc,34e65fd5c8d4,
CUST102155,occasional_returner,1490,d34a74d37720,f0710b6a336a,8a13a5981c03,
CUST102156,normal,602,f89423d24d11,01bbbf65ed25,5fd7605a58b0,
CUST102157,normal,177,bbf9c75702d0,32bce12698ee,d119529dde7a,
CUST102158,normal,430,97a7a301ce29,c1d6a8a19881,c47f2f117efb,
CUST102159,normal,1434,f022e2e4f1b9,7e49a858cbb0,69fe56205601,
CUST102160,normal,1139,4e18a41d778e,7b0b1cd155db,0f38b9ce57a6,
CUST102161,normal,1214,e9204343511e,49499ea5a8c5,a2fa5ae9181a,
CUST102162,normal,384,d2cb72820612,fae7e6df989c,d25546237812,
CUST102163,normal,1259,73c6e5c034a4,45915db89b91,fc05183c53df,
CUST102164,occasional_returner,593,60787a30dd34,c4979ff675f2,65e6b2413dd4,
CUST102165,normal,1193,f024151b00ba,f98f46dcf721,4c73a6fa861a,
CUST102166,serial_abuser,1321,6805f9b298b6,79aa1b615d74,ad0cd022ab2f,
CUST102167,normal,316,33580879063d,3a0d4d63fb2f,de962239f1c8,
CUST102168,normal,1408,3145141141ce,1fba5112c980,6469c1c87acf,
CUST102169,normal,950,5af44a10f497,7375ba5d8612,562e34340c9a,
CUST102170,normal,1097,61414e152054,f07422f57560,744d5eb5fd58,
CUST102171,normal,1136,c9af32cf9b94,f09b7116bde4,62ccf729ff56,
CUST102172,normal,256,4f6a1ab35d03,65d732fa1079,195e84059e05,
CUST102173,normal,1119,284f44123760,f5f34f137db6,56dda0d22ea4,
CUST102174,normal,323,279abb843699,6414b6364bbf,b334032223cd,
CUST102175,normal,410,d5addc3db783,0ad9ccb3c9c4,e30565dbe93e,
CUST102176,normal,179,934bf703652e,da317bd6d298,6c18231a56e3,
CUST102177,occasional_returner,275,bb15d505eca8,a9bb35e943cd,37de5e495d08,
CUST102178,normal,1468,6981f1543fa1,7fc198465255,2de5d432099f,
CUST102179,ring_member,495,570007f3cfb0,f16a4042a1e4,26eb63c677ad,RING1
CUST102180,occasional_returner,583,ec302bd1f051,7c2e6972ac55,1b80b4a931bc,
CUST102181,ring_member,722,bec25273a196,c62f24c85088,17b799d67b54,RING6
CUST102182,occasional_returner,1070,22cc03d21bd4,3d4158e63015,4cdcddebfb30,
CUST102183,normal,862,26477d9ef734,ba55c485dd6e,1df2623312cb,
CUST102184,normal,806,706a0e47d4b4,959352a2713c,af2576d50cdb,
CUST102185,normal,1256,6317f3d26d6e,91e2e9dd9bc5,b4dd8a72bbca,
CUST102186,occasional_returner,746,02b3af152020,d0a45b3b928e,3ed95adc93e2,
CUST102187,normal,1154,2b89756e559e,b37e8dabf098,1851ab5e80b7,
CUST102188,normal,1366,fc893c28cbaf,ebf09728e94a,c1dc62b58ade,
CUST102189,serial_abuser,1015,697a5a24f954,1dc4f11c9259,04665a642705,
CUST102190,normal,57,88c5924f3f6b,4f1c5a504994,9f395cb4d5a9,
CUST102191,normal,398,de8889999ffd,3cd99bc7fcd3,2d3f6d3372f2,
CUST102192,occasional_returner,928,63f90b327bea,46553f0910b1,e7b7d9d4ce7a,
CUST102193,normal,720,22120209c6bd,951ab68710b5,4354ee1adb63,
CUST102194,normal,430,9b7727bec617,6a9cd49b879e,b4a8004faa91,
CUST102195,occasional_returner,506,4877186c913f,cda2745a856a,8b0a12453384,
CUST102196,normal,122,2fd30353a044,85708e38c37b,16b3140990e4,
CUST102197,normal,356,26c6db02e402,60b3e696707c,89b6ca0ad1e0,
CUST102198,normal,1175,1eecce5445b1,72311b9e4b08,c9885658a456,
CUST102199,normal,20,26ede857564a,1f72c6b2e34a,aaabe751d4ad,
CUST102200,normal,1256,c661431be5b9,4d8fa32ba1fe,cabca8ae91a3,
CUST102201,serial_abuser,512,b12280f471b2,51fc42bf07a7,af3b060ae4d3,
CUST102202,serial_abuser,1212,5f16f02fe6a3,477e4648e972,de4b239338d7,
CUST102203,normal,387,2bfd6d7afadd,d3b4545af51b,2560685da3ce,
CUST102204,normal,1244,20f3b2fc347e,21c08ebce82f,97c07171c940,
CUST102205,normal,859,d3fef8a02873,bcc9be8176a8,9d398622af04,
CUST102206,occasional_returner,1277,cefac37d6c9f,744d41d1043d,d794f707b8a4,
CUST102207,normal,98,cc77b8b0d868,e35bafff926d,edf92d5e8697,
CUST102208,normal,1197,1d2cad3bcf99,1ba7064fed7f,24db3443c02b,
CUST102209,normal,409,7e6697ec7926,66e62b0c83ae,1993084706b4,
CUST102210,ring_member,541,bec25273a196,aa7e2eadd012,17b799d67b54,RING6
CUST102211,normal,71,cf513e3a2eba,d25790f735ad,73f79acb30e7,
CUST102212,occasional_returner,1431,2a243561fa21,0618f329dba0,263412513e73,
CUST102213,normal,963,e01c9a42c09c,1cc0a5dff797,694065a73aad,
CUST102214,serial_abuser,1471,b44cfc80c811,40a8b6930ec2,7727c480a212,
CUST102215,normal,854,ebf7d34c7d71,d6e46bf158c7,e82f9ec9e1da,
CUST102216,normal,241,eb6361cb6d58,844860940e41,b97f3660768b,
CUST102217,serial_abuser,509,51ed06b75bb9,ec112779b6d7,24ad9650fe69,
CUST102218,serial_abuser,662,c62dc47b30ce,59e33f5744fd,448ea18bfbe8,
CUST102219,normal,225,9f9891b35d78,889d5139c976,bdc5d2fcc346,
CUST102220,normal,1397,f63196ff4fb2,bb3970f33c7e,29fbc0d38560,
CUST102221,normal,1437,483d17ebd4e8,59fe67c50855,a83f244dd2ab,
CUST102222,normal,847,b16076b41cb9,6e02347d8ba4,d65a48c8ae54,
CUST102223,normal,878,7f9d4d2e67e0,f3b0ea422967,a5cd3d4d7ea6,
CUST102224,serial_abuser,1056,6ad771a3eb02,2da6fa45b54c,d262b9912fc9,
CUST102225,normal,1020,84ca686d5823,ff56eb957d24,d01574ab1596,
CUST102226,occasional_returner,98,39cb9a4d803f,dcc48db2d4b1,a8459c74c029,
CUST102227,normal,799,f435d7343efb,f44cc9420930,3a371e4fa78e,
CUST102228,normal,1166,af814b99e318,aa9929bf99ca,8ef639e9d6b4,
CUST102229,normal,1210,c343c2d87530,7e82ba5a0092,cf6008a27076,
CUST102230,normal,896,68555e49c21f,d95f50a811dd,0133c6c34039,
CUST102231,normal,1345,b0bd0333da4a,a59a0739680c,92afe76852af,
CUST102232,normal,881,faaecbda7738,afb7644b417c,9dfe30c28158,
CUST102233,serial_abuser,577,eefaca44191b,c10bc8cbca0e,8043bf1f42ef,
CUST102234,occasional_returner,666,ca16be15aeaa,59dfa8d6c0f6,fb51523c1e00,
CUST102235,occasional_returner,1036,66afd5c23609,a22a0eac4582,7720759bc77f,
CUST102236,normal,1330,6e59578bc36e,7029c912c01a,f0caba49a99d,
CUST102237,normal,348,786e99c650aa,31e852d9e0cc,164603bd93aa,
CUST102238,normal,443,bc0e53e6d3a7,f2057a3bb199,d0067703db65,
CUST102239,normal,979,e8af0eef9666,ef8ca9029703,0295ef96d143,
CUST102240,normal,1146,5c0a2469b0c5,2c5d4d71bb84,e92da87819b3,
CUST102241,normal,601,fc3f0a76f09b,2d563c107a36,65325b7fe893,
CUST102242,normal,966,8a222a8694c9,448c14224354,56c1b7101615,
CUST102243,normal,15,a11875b363f2,8e6901836793,45e03ef2f9de,
CUST102244,normal,441,ede7bbbfd348,a98357a8a461,fc1d88a1f520,
CUST102245,normal,1433,52ce9a08e350,5a91b192a997,c65290459c64,
CUST102246,normal,866,faf494fd6767,9d0d7383ef82,6c83503f940c,
CUST102247,normal,1303,33c2ce55ab02,cd82d1d7c8a4,ff4a8a87e285,
CUST102248,normal,330,ae533d7238e2,c21cac6e437d,4781a65ed7d5,
CUST102249,normal,439,9b505b75b9ee,beee9200b955,0bc7304099b0,
CUST102250,normal,1462,ff371debd35e,1a32d93c8107,a23a274ac3bd,
CUST102251,occasional_returner,1496,c95a2781fc23,20556cb6756a,7e0e65f51ab5,
CUST102252,normal,1315,0fc4820492d0,8e00c48b5c50,63461464f35b,
CUST102253,normal,479,be654fac983e,51957db7ebc8,361e926dcf75,
CUST102254,ring_member,1203,c26c922b8179,97f3436d00c0,ec6b214e0a6a,RING16
CUST102255,normal,690,2e785775ef38,58406c045c1a,c63eb8da2f46,
CUST102256,serial_abuser,1266,b70c7a4d8e0b,6ebd8aa123c1,56754be80ff6,
CUST102257,occasional_returner,1277,2210708dc2a6,88f2080d9cd8,e1f449401985,
CUST102258,normal,655,4cd20f1eb691,60c4fba8eb18,3c559493b8a2,
CUST102259,normal,460,68b8bc5c6785,0aea244221dc,8b1da590087a,
CUST102260,normal,1462,eb328cc0cc72,f39f0aa04018,ce0503a9b1d5,
CUST102261,ring_member,678,bdb506085825,a01f48e02438,89b6ccf0bfec,RING5
CUST102262,normal,650,eacf0f419be9,ed7f5429aa97,3a8e82571cd9,
CUST102263,normal,1000,1d8467370444,2f19f99f866c,5aab34f352c1,
CUST102264,normal,1405,8eab4f420585,81ecff5c6560,765c828a1b80,
CUST102265,normal,200,24a2c651e051,c45b031faae3,9772381f4e04,
CUST102266,occasional_returner,1476,e73554e01be5,8c1b940c0fda,9f8fa5a8cfe3,
CUST102267,normal,636,c32b1b7d2fbb,e7aea48f9dd9,d61cdf44b700,
CUST102268,occasional_returner,43,a4cdd076be4c,af9ba3564582,e47cb9526c56,
CUST102269,occasional_returner,467,f6b290161fa1,044ba5d10673,f987995fc0de,
CUST102270,normal,696,51231c575676,1d52b388a9ed,2e2eaca15e8b,
CUST102271,normal,1016,a99dc5630852,634e025dd36f,9683fb6155df,
CUST102272,occasional_returner,851,979e21313b22,f4ae5d229dc0,5f8121cda4d1,
CUST102273,occasional_returner,208,956f303fd27c,282587c68ed7,8ce95dd591c3,
CUST102274,occasional_returner,734,a82890af9114,13f99a0d2fff,9f943deb63dc,
CUST102275,normal,352,4f9af926fb93,056af8a5894d,8e0bb22adbe2,
CUST102276,normal,407,426b6a0fd24f,b406986aeede,3bb549cb3c9f,
CUST102277,normal,1068,e3a87f37cfe3,cfd706dffd2f,c3d14425e66f,
CUST102278,occasional_returner,1205,413e3e280415,5014ad5b1702,e870f06d6a8c,
CUST102279,normal,238,28e632513ec6,d83dcb9c51a8,80aec39f64a7,
CUST102280,normal,905,bd1fa9543847,5cd893468130,f90abb6180bc,
CUST102281,normal,635,9861694a5107,a16dd8e154f9,a9ab871f3139,
CUST102282,normal,508,76a9332cd5b5,eb6ab01f8b04,6004b228cad9,
CUST102283,occasional_returner,1070,0de203831abf,0461efa49022,598e3c3f9ed5,
CUST102284,normal,376,02b6ad2ca519,66f4a183ab33,156d8718d573,
CUST102285,normal,1149,c6bdceebc0c8,63c4fba44d38,3682cd4b4b93,
CUST102286,serial_abuser,604,f256fb4cc19f,c90827a2e72b,8e738ca9e9b1,
CUST102287,occasional_returner,146,ec35819cec44,08ced1da2d68,650190f4fccb,
CUST102288,normal,1189,da7a0b2c8d6e,82590e29f447,6d44ea73a4f4,
CUST102289,normal,1278,fce0f00b9e52,f3404295a6a3,558d77a7bb4e,
CUST102290,ring_member,846,0cbadf646cf1,4f4c8efaccfa,710d1c5baebf,RING20
CUST102291,occasional_returner,1087,fea5c1689532,83b7647e309f,d28b5cd2dca7,
CUST102292,normal,225,8506b1dc3c06,dfb1354e8783,33a98d87bf88,
CUST102293,normal,512,4169f6eb9f69,e35a5bffefa4,b3458529bdec,
CUST102294,normal,528,28207442fee9,31af3e81c89b,0b7cc0e58759,
CUST102295,normal,1146,c9b1fb251cde,2a34cd165668,a97aea29103a,
CUST102296,occasional_returner,531,3ef453d9a853,0bdce60ab044,1d22fb1cab8e,
CUST102297,normal,1093,53a84f4da854,73f0fa921f5f,8c7c53c759ec,
CUST102298,normal,463,1c224e8b8d7f,420240b049fc,1699f3663817,
CUST102299,occasional_returner,903,10e130e6d47c,00cb3d4e2b85,179213ae0e64,
CUST102300,serial_abuser,318,edd765c60449,8c688c6aabd7,f5f63c88229d,
CUST102301,occasional_returner,839,6d2dd798bbb2,7cdedf4bd068,0e9bc22edba7,
CUST102302,normal,125,1f5ddccddc7f,4fbf1a3cdafe,4771374bbb59,
CUST102303,normal,1103,99d07c4ee1d9,45e2cb31b3b2,b59cd9d2b647,
CUST102304,normal,48,d2ee77662c43,a7938a538585,eca89044fceb,
CUST102305,normal,1498,547fd111c403,bc9b011b141c,e0b806d28671,
CUST102306,normal,1259,bb5b8a18ef80,8113f4533159,0ed09a638e15,
CUST102307,normal,869,1424c12f6c6f,ff5a3be9800b,eae6cc0055bb,
CUST102308,normal,1364,5a3c68c86ca1,1c72f44f629e,7b9f19fe5cad,
CUST102309,serial_abuser,1214,c794e295160c,c9d26f56bd8d,973b65d224f6,
CUST102310,ring_member,218,682446ad858e,caff73284d8e,7cfea19f0c69,RING30
CUST102311,normal,1117,d05b9025b3e4,7f9960d03e65,9fd9650451f0,
CUST102312,normal,569,1ce74f7bacb8,ef9fdfedad4a,833d7232caec,
CUST102313,normal,1284,818a36ddac3c,9298d5ad5860,03a14df03ed7,
CUST102314,normal,1296,b0c399fbb510,487d4decc788,90abaa030975,
CUST102315,normal,1432,8a8c9db67805,5a1830cd1cc9,41e34293e425,
CUST102316,normal,679,6f8f55bfbefe,fdba7e244dea,290ca4e9f525,
CUST102317,occasional_returner,293,cb7660786982,852008956c34,8e8deb95a5bb,
CUST102318,normal,191,1ee4682d3400,531cce49b7b6,5a5b41c36f1c,
CUST102319,serial_abuser,252,0876d536fe6f,f69d62c11903,f16d053e24c8,
CUST102320,normal,1487,a1d459c01219,754700d9ddad,019c02654617,
CUST102321,normal,881,e4e69b6fe138,b6bd2affca33,03d44c50d823,
CUST102322,normal,530,f6afadea8813,1cc56fa9af70,3729ee9d7efc,
CUST102323,normal,676,b106cdf91f88,f9eb700efcf0,fcc2c67cef61,
CUST102324,normal,263,32f3f3726e0d,8e366eead9bb,d70d2c3cff67,
CUST102325,ring_member,858,f2bf917ec553,7eae1bff3e4d,0c5921f82149,RING23
CUST102326,normal,641,77cccd6826e0,4d7c57c5b468,d90bc95ef4d3,
CUST102327,normal,1198,668b518f7624,e9ca3b7c8303,e5a01a707d0d,
CUST102328,normal,36,46907e5cb916,25a6dff098e3,2087852f8946,
CUST102329,normal,1397,f4959183e30f,45206b1c554e,bbe0fd2518f2,
CUST102330,normal,95,25b55b4b88ec,9bd27e57992d,358d1ce4eab4,
CUST102331,normal,629,a17233d33c37,c5d1229bf576,e121307740b3,
CUST102332,occasional_returner,514,ba43ca57809c,835b1816f65a,9b8dc0cc17ac,
CUST102333,normal,1078,0bafad9565f3,56de81b6bd8d,a8c3263289c5,
CUST102334,normal,989,5243a840749e,95ea11e82e65,2ec094f6e8d9,
CUST102335,normal,299,a88b9e8479f2,8b9cee8f8db1,1898e5c2881f,
CUST102336,occasional_returner,738,9c7bfe8eaf58,1f089b9d402f,cbe9270a4473,
CUST102337,normal,804,416d2c46f92a,c60245f4941d,1d363abfd231,
CUST102338,normal,698,41c11ec5c627,742bb8278b58,ec9d25bf15a6,
CUST102339,normal,37,91ee5b9cf22c,0e4e76fabb55,d2157c585149,
CUST102340,normal,271,85d91b848ef8,9ac469b95fe4,92656b36f84c,
CUST102341,normal,758,855db657064f,9ef1072ddc34,bc9a4a41ad41,
CUST102342,occasional_returner,394,2361e9f2d745,9680588a3f7b,80dcf389c6ec,
CUST102343,normal,820,e3a39d7ae690,d9d92735ebaa,29f3d340f60b,
CUST102344,occasional_returner,249,aabee0dd02f7,28f9500f4876,651b2cd05e09,
CUST102345,normal,1104,a9fe8c16b3f7,278a147013f0,a8ceb21d415a,
CUST102346,occasional_returner,286,7d3a601c594e,c45cef2382b8,f512283d0c81,
CUST102347,occasional_returner,975,dd75faa4f645,fc4966da982b,eeeda8624cf3,
CUST102348,normal,1255,29028a5f80e9,0e2927019641,02f24e944c39,
CUST102349,normal,540,69238e529a78,874cce7a58e4,9fa519ce48d5,
CUST102350,normal,213,c7a3c823f0b6,8518ed26b0ee,bd672dabcec3,
CUST102351,occasional_returner,13,f975e7c444e6,2ec598a62857,5c8c66d308b2,
CUST102352,normal,544,494eb21e9f09,6c421e3affe1,898869ed507b,
CUST102353,normal,177,4ff1d1d83e67,778ee38fe499,9bfee05a53ac,
CUST102354,normal,1323,29d7a93cae10,3c23cf77bdb2,faf9f809cdda,
CUST102355,occasional_returner,1459,74d8064ceefe,8b0eced8ac8b,4d6b7953e863,
CUST102356,normal,1471,8fd34b390940,93ce8d0344a2,6d6d3b96c411,
CUST102357,normal,1383,e896427ff106,56a7aab88a66,7edc8e42f5ef,
CUST102358,ring_member,882,92856510fbb1,6a867a5cc53f,ccadb79562e7,RING42
CUST102359,normal,491,df6d33917e11,c12104a642c2,84580b4e53a3,
CUST102360,occasional_returner,672,8843452dde30,64e5da767a7b,7f4809c2e1e3,
CUST102361,normal,391,cf498368ff5d,06be72930130,951abfbaf0a8,
CUST102362,normal,1261,f3dea7ac9935,a32d64454321,3a3e47ad0227,
CUST102363,serial_abuser,657,17db77486773,0b6c987177d2,84c88e307ba3,
CUST102364,normal,580,c422e719a70d,1fda87180480,0f54b0b77edd,
CUST102365,normal,1036,5c9836d2cfef,2f8f32a79211,32856808ee29,
CUST102366,normal,563,04a76a447d76,914b5d1ad866,e25753aeb868,
CUST102367,normal,538,582cafb84e15,5309f598198b,dda6107702ee,
CUST102368,normal,344,500d9846fe00,964e22c5f082,acebbb5c5c7c,
CUST102369,normal,105,e8d7cc569d22,886f03296151,556088d26760,
CUST102370,normal,61,dc29c4eadb73,c7ce4770dd16,c95917293f29,
CUST102371,normal,607,f37b84a3caa7,038b97b92a1c,9761847b633d,
CUST102372,normal,1492,41254269e3f2,74398a6c20b1,5b11434a0db5,
CUST102373,normal,394,07586830bd3c,5072140414d3,8728076a2563,
CUST102374,normal,963,303785bd7dca,d4f45a8ca290,727d76f39399,
CUST102375,normal,490,1efc7cc22751,6f747bdb9e24,f3cb23fd0fb2,
CUST102376,occasional_returner,457,899dd534c58d,9f715098ca9c,db23724c36be,
CUST102377,normal,248,1bcf7f0040dc,29db012057c4,133345b3c62f,
CUST102378,normal,847,f304683f1265,6e27e347b7e5,c59d257fd08a,
CUST102379,normal,989,1e9e6e9f4ab5,925b2fccc245,a6877e0e7647,
CUST102380,occasional_returner,528,ff53369415a8,e1d3db81dac1,ca6fefaa621c,
CUST102381,normal,792,63b016eb5696,2e76f0c570f4,99eb8c20fb3b,
CUST102382,normal,716,235834c63775,e12cf20e9f93,c549052ea6b7,
CUST102383,normal,409,6d24cb408de2,55dd7cf96c2a,cc8b48967726,
CUST102384,normal,1039,92630c5cd8c7,19a13aba860f,e436028487ca,
CUST102385,occasional_returner,833,e7fc1e975cc9,ec81c9fbb67e,bb5d8ccf95e3,
CUST102386,ring_member,103,d2bdbda69dac,1660deb5f9e4,4d8ef8a39a1c,RING22
CUST102387,normal,741,a86ad6287ae0,d49cf3018e89,25616486459c,
CUST102388,occasional_returner,587,806d080e0724,ec309f134c93,5f20074ec4a6,
CUST102389,normal,1194,8cb711ab2d20,f30b6af23679,47d10a9d82ae,
CUST102390,normal,463,20b415b7b3ef,74b83bdda39d,d44df63fae73,
CUST102391,occasional_returner,1434,a4d7fe14afce,94563d14e77a,301abe301af9,
CUST102392,normal,924,6469a7d18f22,0d70053ed116,643838568a33,
CUST102393,normal,200,03ac6c68a8af,1a3e684e40ff,e22cf66a801b,
CUST102394,normal,608,c2c8d184789d,9d5e7339ed48,f33259b76337,
CUST102395,ring_member,1326,3ededa89901f,a46b7e4ab868,2c601a9f6b2b,RING19
CUST102396,normal,385,187ab193aa8e,2c2deea550f6,a670c54675d1,
CUST102397,normal,1058,b10846038f00,8b1d14c6a7a6,f1e251030ad0,
CUST102398,normal,1176,a5a985daaf0b,b3e28d3c4de4,4683fe2c51cb,
CUST102399,normal,1040,9a83872e0133,207275f2c400,45d171a32309,
CUST102400,normal,140,0d5e4eaaa4e2,78a976936eaf,991eeee5ac56,
CUST102401,occasional_returner,564,b6e975e47a77,eba458a6e7fb,ad5f7b1406c6,
CUST102402,occasional_returner,525,ac670431bff5,d3290beed2bc,e45051187982,
CUST102403,serial_abuser,519,ada477b67a8e,c0ef81dbcfca,d94680efa147,
CUST102404,occasional_returner,1319,1d952abaecd4,913ff4f4e579,0e9f8832d5d8,
CUST102405,normal,13,dc98c7779f34,c7f1d0e4b77e,30c391685dda,
CUST102406,normal,810,209d56d9f911,40adea5f1c0e,82756add91fc,
CUST102407,normal,1473,ffe887b394d5,42eb4875dc32,205c0d7b3d6f,
CUST102408,normal,1313,f7432c3a82da,12a418bb5759,5ab3e7bc1dd9,
CUST102409,serial_abuser,911,3177cf328952,98635993604b,03b3954fcdb2,
CUST102410,normal,1496,82609423a1c7,df59e250cd03,434135c6f041,
CUST102411,ring_member,606,62bf2298a80b,944f50a30485,1508ccb0bc05,RING13
CUST102412,normal,918,fc7bcaa0bbeb,184b322bc90d,d322c38985cb,
CUST102413,normal,817,abc5ce967475,b62f6ca64bf7,39a4cd763e96,
CUST102414,normal,75,2f232b5814ae,a7b619ba968d,45914b8ab572,
CUST102415,normal,65,131be2595a92,2a2928fd903c,ec281b315c81,
CUST102416,normal,1345,0dd299818d61,0aa4c2533e2f,a62e664178b9,
CUST102417,normal,264,d7094fe87054,e5d4370bb910,af6d79eca121,
CUST102418,normal,535,a7269eaa1f07,8b6cf00b83e5,2833cbe5cad8,
CUST102419,serial_abuser,936,f6f70989dd71,6168f1ed1905,7237b4fc7a8a,
CUST102420,normal,865,ee5df3dafac8,f4fe07c3bb6a,47d51292e5ea,
CUST102421,normal,773,ae663189279f,9ace43bf3870,32cf37f08850,
CUST102422,occasional_returner,1468,010fe0e36d13,c25fc59b3d57,db1c1384704c,
CUST102423,normal,1181,373caa3fcdce,950436fc45e6,16dab58f0574,
CUST102424,serial_abuser,1412,60d2602173aa,3401297c22b1,130a9149755d,
CUST102425,occasional_returner,989,adb2eba54d5f,d4d79d0c5659,1e9e5178ebac,
CUST102426,normal,1468,f0d7585c6fb9,48391d7662d5,1a2e0d6f3f31,
CUST102427,normal,904,c345ead52a55,639e457535dd,3e483494f686,
CUST102428,normal,814,69307cbe2d1d,4e8579cef713,d969d1c54635,
CUST102429,occasional_returner,1223,15027799bc9b,9a239c8ac8e3,f729ceadb4e6,
CUST102430,occasional_returner,1303,42c05a01300c,35cc08c6dda5,21e5e0f67338,
CUST102431,occasional_returner,107,eb81f5aaf050,1cee8d5964bd,c179947239a7,
CUST102432,normal,1366,aaeaa7976e5e,01a4d44c2427,511502c0d460,
CUST102433,normal,1037,4afcf73ded92,165605a9b62f,744b499772ab,
CUST102434,normal,1346,1b9716aa2180,7098349f29d0,3d34afd47225,
CUST102435,ring_member,1074,e5bd4852981d,71e8073c53fd,a08d15bf0dc7,RING9
CUST102436,normal,1390,7989a43d8643,cec4d3d357bb,2fb49102d228,
CUST102437,normal,416,90b18d7fc0c6,336ab50d0cce,2c3fbf513d93,
CUST102438,normal,285,d4c399a1e384,7b956dc73b05,5dd5cd779d8a,
CUST102439,occasional_returner,297,da0dc09c0a7e,8c5c96bf67f7,7b4e246b8287,
CUST102440,ring_member,381,b1b7de0a8067,101b0f7a7e87,b6009da06041,RING21
CUST102441,normal,324,bdad5165b2a1,af754a6e03a6,c2c0de4cfa48,
CUST102442,normal,665,40f68cdce509,1cb52d7472c1,11d60bb8c15f,
CUST102443,normal,301,a98e56a94391,5688a18bf9ec,6858e0631b1d,
CUST102444,normal,241,ec6042b79591,8ca7a3159423,024377342646,
CUST102445,normal,788,eb1e7958ab25,aac00cd0731e,701f7818a9ce,
CUST102446,normal,1191,2826c1b5a78e,8d00d78bd5f0,e6c96befdc77,
CUST102447,normal,207,2c6e8cb0e445,8eaf4b794163,76da0f39b1bf,
CUST102448,normal,769,64dd47fc7b38,43a950380402,e7e1adf0cdcc,
CUST102449,normal,990,55d7722a89ce,6e601cabc191,e2996e695322,
CUST102450,normal,1059,ce81c6823f5e,b606b025a7fe,44da727d4844,
CUST102451,occasional_returner,162,a6f4fd7f7b77,ce6c403e98df,29ca5ff41d12,
CUST102452,normal,1101,a4498c01fc6b,aaa1e6513db4,82fe39bfaa84,
CUST102453,occasional_returner,45,4b6b5718cef2,e1b615a328a1,a35305daefd5,
CUST102454,normal,359,e58403f0b740,62b384374eff,0d5f90f5f719,
CUST102455,normal,482,f2afe1d8beb3,1d7144ea05ce,fcc053d381bf,
CUST102456,normal,1280,04162036ffc0,cea5d6f6bde1,46d357aae18f,
CUST102457,normal,291,ccef707f7fae,d157df16e7a0,6053bb61b592,
CUST102458,normal,1174,141974c6aa58,7d4d9407a0e3,c3f641d3c6bd,
CUST102459,normal,1483,b0a3770379ea,58a5a6f9d62f,7a2c4adf3ee2,
CUST102460,occasional_returner,1440,1b5c88a2fb21,68e16e618118,b0a7136bc9c5,
CUST102461,normal,457,23d1247cfeb6,2c1cc8e4d9ac,c08e169f8d41,
CUST102462,normal,148,9bd5d21ee741,bc54a3cf77d3,93d218547d93,
CUST102463,normal,336,8cb9cd7a8d81,c73bfb3c48ee,68bf40525feb,
CUST102464,normal,1154,b678e563ef4c,ce4780cf9240,94f4eca6b72d,
CUST102465,occasional_returner,299,db0525c3acf2,61551640f6d7,856b792b0555,
CUST102466,occasional_returner,970,103cba56f322,776c9a4089f8,039131ce97a4,
CUST102467,normal,563,e8bdc7480800,a0421ead6d59,917bd28c9482,
CUST102468,normal,1151,520a4b0528f2,d593af24e6d2,b44ee44ebf1b,
CUST102469,normal,910,1c23be8f09a3,3a1f0a38c16c,0ca7d7205e31,
CUST102470,normal,880,d21cf47d9b00,6c7d3781fad1,7469e2edd188,
CUST102471,occasional_returner,1174,543bdc401472,b14cabcb11e2,db442c51f8aa,
CUST102472,occasional_returner,1432,16e41a6e60c9,4b6422c86ded,46a36f99716c,
CUST102473,normal,550,873ff2500d65,e326e1ca8466,e2794c2a8b06,
CUST102474,normal,795,4396659edb77,bae0e1292b6f,0ba4fc85dd18,
CUST102475,normal,940,59e8f6592b66,bc5d52bd4082,ed9fc3917cb4,
CUST102476,normal,1235,4a258be9d4cb,a677219ee7ab,31b6df3e8942,
CUST102477,normal,725,2afaa183f962,5cf227a809d6,6987cbdbec69,
CUST102478,normal,564,14329141575e,603cfd78128a,a2126649901d,
CUST102479,serial_abuser,1270,1079363ebe38,6a6636cbfa74,ddd6d6594fc5,
CUST102480,normal,1430,b3434432a973,c215560c527e,7d4d53772631,
CUST102481,normal,855,60aa51e739b8,a80f5b5c2e6c,feba5610ae6c,
CUST102482,normal,159,2c24b500e177,78a97df7c353,446154f5ba93,
CUST102483,normal,438,09e2c3003a50,783bde251403,7365ee4e1686,
CUST102484,occasional_returner,697,3d01c7963a57,aa87ffc784cd,910240574ce6,
CUST102485,normal,1056,cfd151ab3ed7,72146e54d4f9,81c71d0d2bf8,
CUST102486,occasional_returner,1006,75eb9db3cbe1,2faead037d8e,b395b8d65d79,
CUST102487,occasional_returner,1230,3f1ea3e3a217,03f271cae9b8,818ba401358f,
CUST102488,normal,49,c52c18c57267,b132fd108903,98344765d52d,
CUST102489,normal,700,468c248bea10,d0797e6dabb5,9e5caee29598,
CUST102490,ring_member,1053,70563dd9c8c1,1fc9d19f43c8,1c92bfecac16,RING26
CUST102491,normal,1480,6a758cd18026,c8e14eea2526,4d50fe7caf1b,
CUST102492,normal,217,59e8b6a4319d,d6d14e463a46,f2ef133f405d,
CUST102493,serial_abuser,1319,7a22e7f165f3,0c69fda11692,5bfc14eb9036,
CUST102494,serial_abuser,16,7f897ca133c4,2ffc4a17d6a5,55aea2458a37,
CUST102495,normal,299,024383668cd3,8e2bf036743e,90c48744c349,
CUST102496,normal,1271,269ccfa1f0dd,c41a7b3db7b3,2a95ffcf556a,
CUST102497,normal,1181,de81cc61bb44,ace007ba393c,ec3106f9e274,
CUST102498,occasional_returner,1459,12f3bb719de0,fd3a2b5a6457,a576e67f31c1,
CUST102499,normal,903,9323997b8162,c5792c79f82b,c0ccc4a91a23,
CUST102500,normal,925,27a8b38cdd11,951e0aa1d676,479d98cd19ec,
CUST102501,normal,804,09821091ebab,cef454fa9366,8914dfcdda80,
CUST102502,ring_member,770,3ededa89901f,d85ac40629c1,9cd3d307f09b,RING19
CUST102503,occasional_returner,773,bd2f43c1c2b2,db6bcd272c48,94cc6305c655,
CUST102504,normal,442,c513becb2682,ca80aa2a3374,a2c37a0d6640,
CUST102505,normal,1280,72d1963fe0e5,21af898dd045,8bf3e3b8e83b,
CUST102506,serial_abuser,538,090211661350,3061ab4536f0,f675e21946a3,
CUST102507,serial_abuser,918,6ce2724146f7,813d823ef93d,dd3a4630ff8e,
CUST102508,normal,1005,b9694b1b98b5,f3b1a57dadf3,a2bbed763ab2,
CUST102509,normal,808,f2ca767c26fe,55287026ca0b,f2d7f59ff927,
CUST102510,normal,919,1c774ae1a5d1,8c8cba11615e,0a3b83e255f9,
CUST102511,normal,78,cd44144b0bb9,1bca613beeae,a91c1012cb81,
CUST102512,normal,477,9cdd0ccfd08e,e872dd0a157d,f063e7ccaffe,
CUST102513,normal,675,d0db96ad5615,e1f178177bce,ec8359110ec7,
CUST102514,normal,594,86914aa54472,5db8fb815588,7094a252786a,
CUST102515,occasional_returner,1362,f7960f69d000,ffc4cfa0c8db,eb9ef0fd2d3e,
CUST102516,normal,1346,b06a77599a3c,6d8f606a5428,4cfd066b0183,
CUST102517,normal,1069,bacfa57f77a0,4e3d0d846858,587997234f51,
CUST102518,normal,531,30544b8fb0f0,3329bf098e59,438ab59dbd10,
CUST102519,normal,81,5b7d19edb2a1,344c009a913e,50905f6a913b,
CUST102520,normal,1133,690fb7e40274,2a5e6a784bbb,cfe49b9a608a,
CUST102521,normal,1326,225db42ea1c3,32d31458c4f8,ec594ec86ad3,
CUST102522,normal,737,6c83003992b4,0035a416dc7a,efbbf3e9598c,
CUST102523,normal,1240,c990baddb869,4bf50124f672,46b23e0d5e5d,
CUST102524,serial_abuser,1396,b9ad83ae79b9,6198c60907ac,07522b64a72b,
CUST102525,normal,822,8154f05638a4,77ee22fbdcf3,09edbc3cac20,
CUST102526,serial_abuser,318,b3967f94a22d,242dd14a9405,9183286f6521,
CUST102527,serial_abuser,38,0d61bf24bb75,6b1c80486b34,adc7d66c8367,
CUST102528,occasional_returner,1136,2f215470433e,25c666f7a95b,6de87ecf5600,
CUST102529,normal,845,ccc0a95c925c,7fc7aeb868c1,a3a8fb8f83a0,
CUST102530,normal,234,67fac728b507,a0c644bb1ea8,67d9fa151ea1,
CUST102531,normal,86,00b727fcb80f,a58f4f95c7f9,6682cb49b496,
CUST102532,normal,1454,bdb2f631a993,d3c832f9f70d,f965b75d9dee,
CUST102533,normal,483,3b6872043533,a37ad668492d,36f206e4fdca,
CUST102534,ring_member,493,e4eb89a07f6c,625f3d531a25,6f6b52c9ce03,RING44
CUST102535,normal,945,f08c4361302f,43ed76b3a0be,8009072882b6,
CUST102536,occasional_returner,549,ca6f89e676d0,d7edc7d276e8,8953dd793208,
CUST102537,normal,1369,9f91da836fdb,2d5c9427e848,4a7d54f4aeb6,
CUST102538,normal,1023,a08cbcfe1cc8,d5521ad61985,133ebd498827,
CUST102539,normal,539,06c2c51ea760,c6a7ca244f46,57724767c0a7,
CUST102540,normal,403,103b8ad62a63,38ca70db2049,f2cbf14a5d69,
CUST102541,normal,1290,0363a731ee38,c82e6924957f,a0ffb91764fd,
CUST102542,normal,889,9b1ae605822a,1ee65438c12c,af521837dc7f,
CUST102543,normal,1377,bb084cb0f7b9,922de75d2b09,1f467ca0428b,
CUST102544,normal,520,bb9f79211d3a,b42cf9e36b4c,8f9c144bbaee,
CUST102545,normal,36,21eea01a27a6,d90a45215476,a6dbf102e588,
CUST102546,ring_member,1349,b13ed3d19336,82fc06070d9e,38abf8ef8fe1,RING12
CUST102547,normal,362,2713bd6e965d,f1d2ff0e248e,2090ece84271,
CUST102548,normal,1268,809dfd641047,0170ee82edde,15d872cf6304,
CUST102549,normal,1066,4c3598d512db,0178aaf17b1a,3fa286e3b14e,
CUST102550,normal,351,4083c4e9f6b9,39cc800a1751,17896a470300,
CUST102551,normal,1136,fef3c549cf90,4c29dd3d1dcd,826ae99391ac,
CUST102552,normal,126,754d6038a711,df35605735e4,5e28e1a98c79,
CUST102553,ring_member,591,f2bf917ec553,076451ffb317,0c5921f82149,RING23
CUST102554,normal,538,e1d9416e583c,808a24de45a6,c45cdec529f2,
CUST102555,normal,986,adfc79740498,cfa26d6a8481,7b91aaf33a27,
CUST102556,normal,804,e7023ae0da29,4ae139037263,fad14c260fa8,
CUST102557,normal,920,361607322550,dc22dde4a263,a60b33a4cc46,
CUST102558,normal,716,250e16c202e2,7d3db96858a3,46b8b2796ffd,
CUST102559,normal,1110,1786bef06af5,0b0a38716fbb,d5d6afb99c7a,
CUST102560,normal,244,0abeb93390a6,ee4b82d6ec0b,f7175982e22e,
CUST102561,normal,1079,68ae77856779,7a25d4a0dc35,8c3e7f81f8e1,
CUST102562,occasional_returner,79,2d8f602c2115,60fcafd0c9d9,6012ecae9baf,
CUST102563,normal,133,df9710f8584f,90560782d9b7,2a14f3beddbd,
CUST102564,normal,1086,a876120a07c4,6b0b5e2a8edd,aec71aa09344,
CUST102565,normal,241,10845d01d7f2,f919f6ad9dd7,3baf42cd46ac,
CUST102566,normal,1156,e2d308379b8a,796d88bcfe77,4809ff04ae3d,
CUST102567,normal,203,115c019f9460,7b828ead86f3,d41f09c986a5,
CUST102568,normal,224,057d83b51b7a,9df712aca9be,386db07869a4,
CUST102569,ring_member,1399,db0f399e51d3,7356d2d126d5,c118a6e50040,RING4
CUST102570,normal,270,4f53bb0368bd,789b5f4616ba,0a3482d40781,
CUST102571,normal,1370,d717ae0efe00,4dce0797d91e,e02f62a742a8,
CUST102572,occasional_returner,525,8f78ac7ad5bd,7e0130102b2d,24ade8896f28,
CUST102573,occasional_returner,1197,260dbee8d8bb,d7766cb622d9,ff9e7c3863e8,
CUST102574,normal,1409,d04297fc2966,451762adab6b,06a176ab08f5,
CUST102575,normal,179,2622dc68c310,f360cfeed581,c42d1889733b,
CUST102576,normal,499,3ed5bb905f1d,c83bd37178a5,d5918508f098,
CUST102577,occasional_returner,863,155dfa4a07a9,07a792ed943d,dfb83592dc42,
CUST102578,normal,1298,b626b068aff6,6f7095cbb53e,5a205f0413ee,
CUST102579,serial_abuser,284,4cf0a7f820ff,cef454fa9366,02ea161f659b,
CUST102580,normal,284,dc3271880af0,b0c6cec96cf7,35943a1355c6,
CUST102581,occasional_returner,555,ffeeb4f1e000,e860eacf80f1,d2413aab8740,
CUST102582,normal,310,a97d822de428,d5132a98785d,699478a6c74f,
CUST102583,normal,404,0cf0696ab3a1,c4db6c8c8bd8,9b63542b6bf8,
CUST102584,normal,199,daed3f4caf91,6f90b31214ac,cf3f85cb7eb2,
CUST102585,normal,1244,128c079242f8,b37544749ed0,3459c398da37,
CUST102586,normal,1196,47f08892e068,d5cf6f96cad8,5ca74e1fcf97,
CUST102587,normal,220,28b3da2f73e0,3508c166761a,1bc8391c8d53,
CUST102588,normal,807,97629753efe3,c00b09b67bf3,89ada88c984a,
CUST102589,normal,971,8e7c77b68cb4,37923b3de1e0,e234e578847b,
CUST102590,occasional_returner,943,484549f5d70f,78da89251398,602661955ad5,
CUST102591,serial_abuser,1475,41e408f95c51,0b24bfdb3e77,2adabe44c2ba,
CUST102592,normal,963,f2fae5bef778,dd03dd63b697,9dc7993a30b1,
CUST102593,normal,1032,2b3be4d170a1,0b6ddbdfdd59,6c5b6bbfc464,
CUST102594,normal,54,a86ae474489f,da35728b3cdc,6088a4170601,
CUST102595,serial_abuser,123,d36b1d3a2957,85dbdcb49f6b,0ba367e85ca6,
CUST102596,normal,930,2252018a1428,e7332b33f56a,5795b3531d34,
CUST102597,normal,1362,41b300712c3c,5007e32f3adf,74c80bc34a0d,
CUST102598,serial_abuser,601,e642ec458587,6c6eda1a528f,6dc9c6da6387,
CUST102599,ring_member,966,b1b7de0a8067,8e4984594c97,b6009da06041,RING21
CUST102600,normal,319,c4f67666666a,441a334e7129,10492c29a681,
CUST102601,normal,687,43d6c594e921,64869a0f1fba,1c7f2f3d675e,
CUST102602,normal,1128,0d337a1ddbda,07f006f7f732,0a5da3355778,
CUST102603,occasional_returner,991,882218449661,e3b5a4682bfb,07114539ff53,
CUST102604,normal,175,a7d23582669e,b0db717fa607,74758954eabe,
CUST102605,normal,1319,fc5d55c3b2a0,9e21a0463ec8,a76793ec5ae0,
CUST102606,normal,1391,7640299263d9,396e94e6db3d,9678c4e3eb26,
CUST102607,normal,718,078305096675,7fa85b2fca45,1485ff673590,
CUST102608,normal,514,faed1eeb6391,85272c6acb0b,d0bab071e3c8,
CUST102609,normal,799,65b6060b2a08,9bed68627b10,2062111dfe15,
CUST102610,serial_abuser,1203,7222233baa9a,c9f8b8fa0414,4980d2899b6b,
CUST102611,occasional_returner,681,6e503920349b,c13843e7d281,8619e8af6997,
CUST102612,normal,50,6793b73e71e3,f01bf9eaed49,5c3556e7c2a5,
CUST102613,occasional_returner,113,c694a55068a7,25039cac8a69,5c2b9f820495,
CUST102614,normal,1218,137e6f8566a7,703b297ec50b,33839dad64bd,
CUST102615,normal,1181,105dda8e0883,c157d3547cc2,3c85c7f94151,
CUST102616,normal,1159,8f5aef0dbecb,0e02af962680,83f14e5c59df,
CUST102617,occasional_returner,193,1342e8eb2d35,35cbaa55b56d,f43094337aff,
CUST102618,occasional_returner,260,fee26e03966b,2bd863c1861a,79b3a6145968,
CUST102619,serial_abuser,594,0a32c3ae60c5,2730bd43711a,d83eab19d221,
CUST102620,occasional_returner,350,dfce50792058,a9811eff13b5,6bc2ba24ea92,
CUST102621,ring_member,583,b1b7de0a8067,ffcbbf41610f,b6009da06041,RING21
CUST102622,normal,839,1d237121fd61,b0e3a2fe7d0f,fea47e044553,
CUST102623,serial_abuser,423,14a11527687f,53d4cddf4704,3feeba96dca8,
CUST102624,normal,189,540c15c1c7ef,524b6ae4259c,c8d77d5b4132,
CUST102625,normal,606,e9abc881292b,d78c85600a02,b87aaca34039,
CUST102626,normal,1085,b4f34a9a2aab,2a3d1150063b,83d56e6e4b79,
CUST102627,normal,928,97fa2b5d35c5,c21b04235475,a1d7ab22b649,
CUST102628,normal,485,71f6c1b7a088,36baadb21c5c,ae1fb74d4259,
CUST102629,normal,470,38aefea16c9e,58a18489f03f,2dbd49adafeb,
CUST102630,normal,877,2435f9f70aab,32538b28a04c,cfcec8001111,
CUST102631,normal,262,fb050a64ff7e,a4e6454983cc,a8cf17f5dad6,
CUST102632,serial_abuser,1251,8e3563dfa25a,5d21711aa3a5,8d344a9fa951,
CUST102633,normal,1304,1a7891b1b680,4ad458833dd0,aef499cb0486,
CUST102634,normal,42,60707fef1abe,6ae2e051510c,6b1a5e3bcae8,
CUST102635,normal,1456,281be656d5bc,898cbac18f73,06dba9632b1a,
CUST102636,normal,40,6e917fe832f0,3e944a07bb33,7880ba9c6412,
CUST102637,normal,690,e5df1b548346,4cb458fb94cb,85281d93153c,
CUST102638,occasional_returner,1002,5ed1bf46ad4d,c13ec5ecd04c,091ed1e69aaf,
CUST102639,normal,493,a0677a5076fa,4fbca222c556,33cff70f117b,
CUST102640,occasional_returner,309,67683755b69b,b30f7d046857,0b8a951cb3e5,
CUST102641,occasional_returner,75,f5d89067d2b6,1c3fb909415d,6c6fd86ee514,
CUST102642,normal,1092,5442b485db11,07d03e6e7772,84c4024de86b,
CUST102643,occasional_returner,60,8e873a50e7a9,1e9a41af529a,64ba3b56f182,
CUST102644,normal,728,749594b5625b,4df5694ca2dd,f3a0074b11ce,
CUST102645,serial_abuser,592,26d5483f30d6,967db76ee0f6,9a30551e4bdd,
CUST102646,occasional_returner,1451,2b95ad13e549,063b2fe71469,5341bbf21e25,
CUST102647,occasional_returner,1395,5e513e038f21,02830b407048,dcabaca8dca5,
CUST102648,normal,1227,111b8aa7272f,940388e8e35e,925c90343246,
CUST102649,occasional_returner,1097,2953076d2607,6895bf63075f,5ce8d46cbedb,
CUST102650,ring_member,816,0efc118a9415,96022582a905,52766c892ea8,RING10
CUST102651,normal,527,2602fdd75b52,6664e7fb560d,3e5af0fa2fb9,
CUST102652,occasional_returner,254,5a4ad04130bf,2f088f4d3b6c,fc729cefe0ca,
CUST102653,occasional_returner,1452,adcb13553174,059e8310e07f,5d7a19db44ca,
CUST102654,normal,580,b8604c107595,97e8013c3cac,fd524f1ae7ca,
CUST102655,serial_abuser,645,78792b131ae8,a953c936bb24,04309044aa7e,
CUST102656,normal,216,c006a640c2e7,45d1aedaecbf,60bc725faf27,
CUST102657,normal,418,672f24a53abb,0f45d33c864b,ed9149bcacc3,
CUST102658,normal,953,413197bc57e6,df5b3d416daa,b334e51f421f,
CUST102659,normal,642,358b4c2df314,70aa88618adc,ee7741e1d285,
CUST102660,occasional_returner,880,edbcbf6c25e1,316839c94bab,cb52875f8a46,
CUST102661,normal,321,db6194770234,827f94bd931f,6636a71937b6,
CUST102662,normal,127,3debc6d442de,ae5427dd3889,ba2f79e80ad1,
CUST102663,normal,1329,89588628f030,b0c45aee6f7c,0e7eb7a1588d,
CUST102664,normal,650,afc70e41f36a,19176ad690fb,0737e3268488,
CUST102665,occasional_returner,544,c93effb60f56,1d1c977f5cd2,7aa1ec1bf9f2,
CUST102666,serial_abuser,432,b2a747d4ddff,65727cd1400e,2702b372fd5c,
CUST102667,normal,988,ac20c0c6f5b4,2ffbce51b3c7,f01ae04c2ac2,
CUST102668,normal,846,976d35f3fb9f,bf522aa8813f,3ace4af9ca6d,
CUST102669,normal,586,754c7381b3dc,18cdef07e70f,86fa09d4aa63,
CUST102670,normal,1396,67059c8a44ea,7d0caaccfed7,37595e077e97,
CUST102671,normal,1353,7f4377e0254c,c67f901f1619,98cd0dd1f0fa,
CUST102672,normal,301,b3e9c3a77835,99d2ada1a64c,36f75d8752e5,
CUST102673,normal,965,84c5d62af890,f87f959368bd,977d0976e471,
CUST102674,normal,1452,a24db3baf49d,574144a6f3b3,240485b403f0,
CUST102675,normal,734,b7127a4bb213,c3dcae0b2b3f,20ecef6fe185,
CUST102676,normal,50,67bf0cd4a3b8,a97887a6b66e,8af6d3d6d352,
CUST102677,occasional_returner,202,5e4f70f31926,dc8707c9171e,52070ce57a4e,
CUST102678,occasional_returner,1003,cc7e4e4eca16,2175183a9258,fcaaf3f7d02d,
CUST102679,normal,1353,909edfc76734,dcc1179d3f97,0e8656557cc4,
CUST102680,occasional_returner,196,0987989ba821,5ff1d6a3344e,040fe342db13,
CUST102681,occasional_returner,822,8dc0dbbf7786,61144abc7100,30d466e56d54,
CUST102682,normal,747,8e925341be95,45b6b34d1518,abe6741c0928,
CUST102683,normal,431,6ac48308239a,1c58fba685ab,2140af00770f,
CUST102684,normal,949,5a012808b9ff,ac165e79fef2,50a9ec47a0c4,
CUST102685,occasional_returner,1317,39564db9202b,9e0fa5ed2d0a,6b38e0ebee33,
CUST102686,normal,362,af75c35b2863,c66c3271c409,7818e0ef3d98,
CUST102687,normal,86,b91abba4a9f3,8744697b5a54,cb016cd2303a,
CUST102688,normal,541,9655a7a0a4e7,badbf6adf977,73a32005fa92,
CUST102689,normal,474,079a67d84287,72b707ffc1ce,1571fe6102fa,
CUST102690,serial_abuser,1092,ff17211cd4ef,ba809a06192a,3a81002668af,
CUST102691,normal,807,ce45dd515aa5,173fcf1feaf0,1a6c42a04db8,
CUST102692,occasional_returner,31,e9ec151acf5a,b2ff192e3176,72de9d718a27,
CUST102693,ring_member,513,14ddb06875b3,ea6f6aecd2ac,3f4d223e4185,RING28
CUST102694,occasional_returner,1103,7051fecae427,5a0a508f8d56,f39b760114aa,
CUST102695,normal,717,9d75a1759fe2,d3ed7192529d,0a177ec53d53,
CUST102696,occasional_returner,846,597be7526952,df1ed19b6fbc,fcdbcc910913,
CUST102697,normal,400,681650f2c524,ab77322e0786,949d1fa4adaa,
CUST102698,normal,482,a2a50816ec5b,e1bcd6d56e0a,31fc961917e4,
CUST102699,occasional_returner,199,360b23670c2f,475b6a426149,6653df22e101,
CUST102700,normal,127,c9707195fc04,66e8be55dcf3,d36248a07340,
CUST102701,normal,60,793a3796a95c,450f694a08ef,99dd7439dea3,
CUST102702,normal,938,c7530e42fe9e,3c48ae960cd5,7a54264dc4a1,
CUST102703,occasional_returner,240,72695ebe5bfd,07eb02945de4,f1f6e0250603,
CUST102704,occasional_returner,862,ca9838ceb724,2995064e8d47,24f681ed6953,
CUST102705,normal,1429,4c43e983b1d1,ff461cf5f23f,c41233e888c0,
CUST102706,serial_abuser,1047,fa2f1aa5b4eb,8a779862f9d9,64bba1768d17,
CUST102707,normal,865,060ea947cd73,ed7f5429aa97,a886ca1353b7,
CUST102708,normal,179,b45895cbb0e6,bb57a58a60a8,02d3137e9bab,
CUST102709,normal,735,607bdf7ae11e,fb597f40be2b,80e378ecb0af,
CUST102710,ring_member,1337,e443a0b0fce3,dfe46b18aa4e,e60a9be6b4cc,RING43
CUST102711,normal,579,42a5774dd444,434c0b698b9c,b9796ef616bf,
CUST102712,normal,1240,875c50889055,de3bc476d64a,652fa745adf8,
CUST102713,normal,1064,644abe19dc0d,7087f39edc4e,b46dac960cd3,
CUST102714,occasional_returner,403,c1ea488ebc59,f7bf906ed636,a7fb095becad,
CUST102715,normal,216,b51129dd8ce9,4970b0c65e2a,21ef9cb5c623,
CUST102716,normal,30,938a5c1227d5,9da91a94255a,0aa5ce1047c5,
CUST102717,ring_member,417,e4eb89a07f6c,07a26e8b7d01,6f6b52c9ce03,RING44
CUST102718,normal,502,9fef35e25f65,32503ba69a98,bb67c2ded22b,
CUST102719,normal,985,68c42c82251e,2ea2b97d757a,f61e7fe68b95,
CUST102720,normal,860,43973ca0c623,146510a0fe2e,34a383aed820,
CUST102721,occasional_returner,721,b1b2c4341bc3,0c73de6a55e8,67484478b657,
CUST102722,normal,1085,8a4c6b670cd2,04de13ecfb39,814d75cf76e0,
CUST102723,normal,1156,efa57971abee,b71a1f32f236,65c48d5f8a70,
CUST102724,normal,1071,a37975bbd32d,a6a2bff39bfa,17a488678ed7,
CUST102725,occasional_returner,1346,ce08cb9dd32b,a92c38944c26,34872a313ca1,
CUST102726,occasional_returner,542,59b9994235be,cd30c49b4583,3e95f3f31c4f,
CUST102727,normal,1235,835c4b945989,e70e4c28f26f,5a9510415cd9,
CUST102728,normal,634,db9c3a78e1a4,fb63bc1b74d2,c64a1f629115,
CUST102729,serial_abuser,280,6b35cd3b12dc,bac6fe9330fc,466ee5c353ad,
CUST102730,normal,222,8b090a193510,636f6c8ceed1,e078967f3fe1,
CUST102731,normal,141,c42b6fcaf505,0b8c43a458cc,3cb93f0af015,
CUST102732,normal,1433,8152d443fbf9,e62948148252,2c207e110790,
CUST102733,normal,258,9d5461b11749,1be3af322bd6,e332b3fe5ca5,
CUST102734,normal,1253,84f2cb6126c6,275de15ad850,e985c243d3e7,
CUST102735,normal,1176,e59f762af850,e819d4dbb10c,9062164ee0a5,
CUST102736,normal,661,5b475770a07c,0765e7305b97,8e79ed6a8c87,
CUST102737,normal,1371,49bfdfbb708c,8ebf2f7e6eea,d80d152a8b6d,
CUST102738,occasional_returner,1362,ad7b64acc1ca,29a2b6ba61e3,8851e9b44f36,
CUST102739,normal,1388,73e35edfc7c2,489431bd364c,3b9efeb41a6b,
CUST102740,normal,747,c7660cf631c6,05769a6b55d7,b903ee7cfb7e,
CUST102741,occasional_returner,450,a3a40fefb155,6bc651ad15c9,dae1b61c236b,
CUST102742,normal,70,d8486f07266d,382263f0764c,15e4e817d2c0,
CUST102743,occasional_returner,1261,e8564bc4eb37,f6871042143e,ee579ba1efd8,
CUST102744,normal,1310,5ba990455088,aea1ab2ff086,51f6263edbd6,
CUST102745,occasional_returner,806,fd3c36552fc6,1a5b1ab36d0f,a51452966caa,
CUST102746,normal,111,409e4b27e9a7,00b859b0aa33,aeb66f520c73,
CUST102747,normal,1235,64ffbd6d388b,2a05690b303c,cb51cf6dfe66,
CUST102748,normal,450,b7a4420a7c61,540a7b92d9a0,19825a9d7085,
CUST102749,normal,824,97b79654a7d7,79a8b1312dbd,1881963f3396,
CUST102750,normal,990,8749d4579d59,1895159bcf02,d95d5635d757,
CUST102751,occasional_returner,223,4307296ba5d3,0909bb986a99,9988a698abab,
CUST102752,occasional_returner,98,ad24f7385691,57edb886ebd7,92e9b2a7eb96,
CUST102753,normal,123,4e5a065a8e13,3c7071437b22,7fd3414527b4,
CUST102754,serial_abuser,1438,392d2815d51b,d6409c9e03ba,12865110d1a7,
CUST102755,occasional_returner,1436,227e98e7c234,b4c339d6af86,928b27c12f07,
CUST102756,occasional_returner,643,69a7bcf21ab5,c002a823c523,505bc2435fc8,
CUST102757,normal,641,af9cdbad7e47,2a36e49fa7f8,d663178d4ca2,
CUST102758,normal,613,c9afcc74ffcc,68f4a947715c,e83ce0e59d1b,
CUST102759,normal,529,d927d7fe9c3b,20a34967a45e,7be0c51910fe,
CUST102760,normal,817,3c7a01253c68,1c973af91e86,5390daff41f8,
CUST102761,serial_abuser,537,5ca1a96cf9af,039f84818451,61081733c86a,
CUST102762,normal,926,b59fed39348f,cd2f16aaf3aa,e69ae34a032c,
CUST102763,normal,571,c8910dbfe6b7,23b607ecd61c,57a931115ff0,
CUST102764,normal,946,fa4615346a5b,cd80f8a93ca5,8c2a18a0a97c,
CUST102765,serial_abuser,1417,1b85859eecf6,247f28b2112b,56fa8b0c564a,
CUST102766,normal,312,6965cf7d1712,f722837a0f41,73e47ddfddb9,
CUST102767,normal,98,baf01e864545,800fd50fbe81,d66b10548d11,
CUST102768,occasional_returner,792,6f6a42952522,c0fb1cbbacec,d4da9c956839,
CUST102769,ring_member,182,a803e237790f,22a3af5cb750,81540ae562e3,RING40
CUST102770,normal,350,5d01797ca763,7346a9fe88c7,de9ba4817ff6,
CUST102771,occasional_returner,1185,3bf7394fed8b,860f3a20f3e9,e2db63c4718e,
CUST102772,serial_abuser,629,6c427f875e3b,376179ebe28b,210ca33304c1,
CUST102773,normal,826,82aa98eab8e1,937a9742b942,f79b6d10653b,
CUST102774,occasional_returner,1165,6d9d467d40b0,702ae8c5fc0e,87eb394287f7,
CUST102775,normal,197,a42f608de3f8,2de2a8b68a04,83e899253a77,
CUST102776,normal,720,fb26437694cf,42b509733f51,0090afc027cd,
CUST102777,normal,56,503067cb2a85,309b5b366002,18cc024d5794,
CUST102778,normal,751,f6b72b1618c3,6b4c8545dd36,543d00b19deb,
CUST102779,normal,340,12e9b569f574,d84716384eaf,573450c40125,
CUST102780,normal,1367,8f7f5ee1e461,a40b491f3924,2d8ab5d2755f,
CUST102781,normal,394,60dc970cabab,315a600dd867,1dab253710d7,
CUST102782,normal,304,9e83e2917306,325d2b83e7ee,d47a796e08f2,
CUST102783,normal,26,b5f239673e2a,42473e193fdf,4d29165dab50,
CUST102784,normal,204,e007892a26b6,2d5acaf49387,4d2e6bac9d44,
CUST102785,normal,328,8be19b0a1c1c,8e9cbacc39c3,b04df602db0e,
CUST102786,normal,345,183673ed554a,0f56ffdc7d15,4456f6d59e2a,
CUST102787,normal,1108,9e5cb8ae9be6,b77553b8ab57,0b3f1f5a1d1d,
CUST102788,serial_abuser,1331,274ea0ff7dbe,64658df97ce0,d26f1a9280f3,
CUST102789,normal,1283,02827cc72ddd,93eb4f393c38,f20171b253d6,
CUST102790,occasional_returner,1434,d3a8e401114c,2608aa209b0c,6ecf210e12b1,
CUST102791,normal,1347,b220addc8091,6399bd3679c8,8461a4013a07,
CUST102792,occasional_returner,685,e2de62d520e1,afdedbc8cbc7,f0261aebcac4,
CUST102793,ring_member,587,b65cdd107e66,9943ebcfecf5,4dc747b03d52,RING46
CUST102794,occasional_returner,975,b072f5122330,9cdd924f8e12,f49b83db0497,
CUST102795,normal,482,503872bbcd7e,47bb35c1d236,ae28ad036018,
CUST102796,normal,907,5b25b0780764,dbfd7c04962a,5e4219208800,
CUST102797,normal,1499,d4c8f325bf70,fee9781d2cd9,24c80a654139,
CUST102798,normal,301,99ef8c3735f5,f5c43048a677,3dfa799c6bca,
CUST102799,occasional_returner,1155,efffc0f3720f,bf2116d003ee,b655f7245a41,
CUST102800,ring_member,1403,f2bf917ec553,7257a838ea06,0c5921f82149,RING23
CUST102801,normal,808,f2295a3d2146,ec3c2b5f959c,527fa4b3e120,
CUST102802,normal,537,977ec9afe5a5,84780894f125,128d59d21aa5,
CUST102803,normal,385,9d3c5bef0986,f8cfc5d86337,93cd39798b10,
CUST102804,normal,256,2107fce6ef0f,ff5da7e6e0b6,7fee9bd8db46,
CUST102805,normal,485,40c811d8d97f,dc880eb26262,3e7892dca6a5,
CUST102806,normal,1121,a31734f6b9c4,4a1701662275,6c0e1f313899,
CUST102807,occasional_returner,775,9ba1e1dc68b9,94928517dd0a,84f63b60cc18,
CUST102808,normal,336,9baa44674921,8b69bf2215ad,94544728b33f,
CUST102809,normal,815,2acde9c71525,16120331b2a0,774293cdb2cb,
CUST102810,normal,1214,453bb28d6000,f2a1d5075dd5,a0ccd177722a,
CUST102811,occasional_returner,25,508963c510bb,eeb68262eddf,54ee23acbf4f,
CUST102812,normal,35,c92528880e2b,d17d31a95dab,b722060b94fc,
CUST102813,normal,1439,1d8c3f5229cd,582e26d312da,c19cfd24bf17,
CUST102814,normal,1123,309443ab5135,697d625952ee,1db03b80cf6b,
CUST102815,normal,865,49e91b7e5312,af5385a1660e,e6baf2cc9c63,
CUST102816,normal,1359,17a26d95940b,a8be53c8890b,dd7b563158b8,
CUST102817,normal,885,085ad6b05df1,0fc9bb7dcfe2,6ee5a14a6e6c,
CUST102818,normal,783,8c9ba38cf9a0,b6046452f0ad,78b0a730048d,
CUST102819,serial_abuser,321,1b22159942a6,89122d5b2d9c,888ef8b855aa,
CUST102820,normal,1216,7b37a15cb789,de5eaf978b3c,7843643f794f,
CUST102821,normal,1148,9b65fad72c74,db2c01af15ff,0e8fb5f55c03,
CUST102822,normal,446,537c28fabeb7,faad685951b5,165507342098,
CUST102823,ring_member,1107,9d12ddc6b7d3,8dd704e34723,1eb384fb9c80,RING39
CUST102824,ring_member,1092,843f0624a3a5,194c97b59672,f1b1d70a5ab4,RING32
CUST102825,occasional_returner,147,0b3dcf7c5a7d,529e79d84294,cc7fe5acc6e9,
CUST102826,normal,244,1ed8ea8076df,7850843db965,40ee5130aef3,
CUST102827,normal,894,3f7765327abf,3dcf9ae234f8,0fea9d54003e,
CUST102828,occasional_returner,937,577c83f852e8,13c89105e4eb,d18bc6b9d82c,
CUST102829,occasional_returner,988,e4c939b713f0,23c3a78994c1,bacb907a0116,
CUST102830,normal,562,f29ac5f7ca2e,aa8fb113fbc5,807bfeb8381b,
CUST102831,normal,1254,f717a707c9a8,c22d8c6b1aee,35761592011d,
CUST102832,normal,671,cd7d2ddecb27,63b57cf2fd82,3de372eaa5a8,
CUST102833,occasional_returner,313,8493bf8eae67,79923a3f3dfe,89459ccd9650,
CUST102834,normal,177,1278744b7894,f09f715eb914,f0a62657e3e8,
CUST102835,normal,1317,e0899decbc6c,ba758cff8587,24ccdf4397f7,
CUST102836,normal,1062,1d3d86d495c8,655dc3d6a014,b4f597144ef0,
CUST102837,normal,694,ec5d0c0d9ff4,e391d6e24e51,0d4f3c595632,
CUST102838,normal,317,cd196e444a6e,fccc3ca984d8,9fed2d5322e4,
CUST102839,normal,149,919f2d3db05c,e490124b95bb,49e6bd349d1d,
CUST102840,occasional_returner,233,63eb57cf66f7,d03f98a982ca,4d95b1e91234,
CUST102841,normal,162,9a33574d95d5,5ad7d6f7d8d6,cf69165f3fdf,
CUST102842,normal,796,dcd9566fc250,ed0f77c1575a,2f70f4f53c1e,
CUST102843,normal,300,7a8b32571e89,c644228acaf3,fe0d8e3a029b,
CUST102844,normal,196,b980c090dea3,49cf3d57586e,47a75bcea536,
CUST102845,normal,427,369011bc5917,ad75561d6a9a,b34cd4a93ba7,
CUST102846,normal,1050,a92e30b6f367,bfe372486eb7,0f127a8f9144,
CUST102847,normal,747,b45206b38a58,6a372d52d0b4,f7104f597bb8,
CUST102848,occasional_returner,234,f5c1adb585ca,b1ff6a97dd6e,a1c06d624a6f,
CUST102849,normal,1124,033ebd6e4e83,9d068ca40ae6,b55e2d74989c,
CUST102850,normal,736,a4ed820f3c38,0ce8f7183c9b,077f4e892945,
CUST102851,normal,284,7973ae196ef2,9e49c794fac3,a7357fbdb232,
CUST102852,occasional_returner,1038,cf6ebb928ab8,77dd13950648,011d6b23ea37,
CUST102853,normal,1489,566bf0d63c7a,40f50da1256a,b4ce59a21ab1,
CUST102854,occasional_returner,812,37afb3aba54d,3321d151dcb1,a5bc40a9bc77,
CUST102855,serial_abuser,246,82468e55a751,b5ac6dcc1be3,7e8f7a5d09e9,
CUST102856,normal,467,0e3471e732e2,55f55ba9ccdf,fa51e964ada5,
CUST102857,normal,901,462c2d87da8c,d5d09cce9e70,4260c5fa9766,
CUST102858,occasional_returner,1499,b35d910a6a2b,44b261f4ad5e,f4e177bb0d27,
CUST102859,normal,1393,6bdda9192450,e374dda53897,39f97a496a94,
CUST102860,normal,1400,a5f1ea87dc39,ec4e45f7d20c,b5a38ddf5d21,
CUST102861,normal,1249,b0226cddc3e4,2977ecdc8932,1fbac5199845,
CUST102862,normal,864,8d36f4341781,8f8db5cddc86,d406d0eecf6e,
CUST102863,normal,973,1bbdbf52f1ee,c126984d6322,9125f3790a8c,
CUST102864,normal,1102,4ca740442a01,54c7c7d2e53f,dabee89c7b68,
CUST102865,normal,1074,b1138d644160,1d8979a0767d,e593b0e6ae2a,
CUST102866,normal,959,b7e33f4ecd43,1aa925561582,a8b29647b4af,
CUST102867,normal,205,eb566577b22c,81d241343b16,85e03a797159,
CUST102868,serial_abuser,1320,672abb66ff41,554cc92591b0,85e2537af7db,
CUST102869,normal,19,320c3367e857,af7f40f96415,ed5809699cd5,
CUST102870,normal,641,488181989985,4411fd765bdd,18ae7a67521c,
CUST102871,normal,654,ef6345fe4c85,df1fa73e0d92,4bb7fac99cd0,
CUST102872,normal,1494,d0f84d02f476,e41f2e7ca1c7,aa94ee622b38,
CUST102873,normal,138,bcdcab3ee9e4,6317f41d7ac6,20c20ca08355,
CUST102874,normal,716,460c95d881c7,c81685dece0c,d468f44f3285,
CUST102875,normal,539,d64a4e408cc8,c33fcae8a12d,a750217a3189,
CUST102876,normal,151,785bda64fff8,a4d2b5e2c191,5eb2695ffb41,
CUST102877,normal,339,97f6ca0b76ee,8460104c836f,ecc5c46fb4c1,
CUST102878,normal,636,876a4f104c33,f0ee269d1d13,b40c8f059d7c,
CUST102879,normal,1374,d270d6a0d596,24fd16646d58,7c3a39e821c7,
CUST102880,normal,585,fd4e2b638ed9,2151984c668f,294496bb3c83,
CUST102881,normal,1320,5f39f492746c,ab9fb7f0212e,f9513c1b03d4,
CUST102882,normal,1101,de744d6bef2c,39a40f612945,15f51d7d21fb,
CUST102883,normal,1229,e201fb63a5fc,d9c081a7089a,ec6c56b8bfd5,
CUST102884,normal,1281,4ba878817abf,75c4980e7e16,5ec445707102,
CUST102885,normal,1072,e52a17a82ea1,759eca0feda7,2f11cb0e1a02,
CUST102886,normal,1101,d7235096b2bd,77bc9553cf64,82dace32ca2a,
CUST102887,serial_abuser,235,8f65ba36bc66,ccdcb1cc89c5,cd25ad7a9bf2,
CUST102888,normal,1076,b96f9f9a97b9,ca0be110c879,063573eb32be,
CUST102889,normal,77,0fa92e889672,91ac4a861767,1f0dfd7289da,
CUST102890,normal,1107,ea71793565a5,2ae6b72ecbf9,317026c2df4a,
CUST102891,ring_member,982,f03dd9c2d13f,50622434820c,d0388a77a545,RING41
CUST102892,normal,1136,a427029b9f46,5d378c96dd5f,31314a2d491d,
CUST102893,normal,965,343ae6eb453b,3bc0b5286af0,f7a76f4b451e,
CUST102894,ring_member,556,4bc3bd254e53,1adb4f9f62ad,081f3f8be4eb,RING25
CUST102895,normal,557,5687d711a3f3,27fd4ca16ef8,8638ee37172d,
CUST102896,ring_member,896,919103fa1d51,3b3e0810e48a,0d26a52e5433,RING34
CUST102897,normal,711,b2e1877c280b,0d14df16a9f3,eaee19e15d89,
CUST102898,normal,514,3ab992199063,c0255d383e5b,e2225ae2c388,
CUST102899,normal,736,24e61435d06a,73f0b2c6273a,93dae7019fb2,
CUST102900,normal,807,6da231efc6ea,0ec1e09936da,2a3458f4e2f2,
CUST102901,serial_abuser,363,9df3b5358767,b7afc10b9b45,b34dbdbedd53,
CUST102902,normal,959,2d39fd561692,beab23991612,dd66d1e786c6,
CUST102903,ring_member,474,4fdc96d27cfa,7330ef0efa75,a268db031673,RING33
CUST102904,normal,405,ec888f5ec7dd,fba858f4148f,1af0ada157a5,
CUST102905,normal,630,1b74a15696fd,8fb01ff0e94f,268e6add2f46,
CUST102906,ring_member,159,1d38fc9d9075,5169c42e4447,6147441cf21d,RING11
CUST102907,normal,906,34baa294b802,b90e4f1c7ca7,0895f9fbd2a2,
CUST102908,serial_abuser,1101,c819686f0428,0dc1c46b6428,46b04337036d,
CUST102909,normal,1433,1d7c05ae44c4,ba903216c560,e5d68de3849d,
CUST102910,occasional_returner,428,bc681a4bc39b,7e9ebbec7943,789db87fd2bc,
CUST102911,normal,810,2981d2c47486,eb4767d64699,df7d442fecbd,
CUST102912,normal,757,57326a50801a,ac9f1e2becaa,dadfde08c897,
CUST102913,normal,1098,929be188b102,25dffd5a3ba8,31651c6b5ce7,
CUST102914,normal,939,32c6b1a24d54,37e06b98893b,c0637ddf2457,
CUST102915,normal,1211,2f1f4c9af579,62a09333dd61,6881aa2d4b44,
CUST102916,normal,1276,a1830712a389,58af5e9d5973,bfbad261e923,
CUST102917,occasional_returner,174,4b9742eeba1b,9304cee9e700,5cafbe0cb956,
CUST102918,normal,535,63edb298a195,08c58d8a9378,afce5ad4217a,
CUST102919,occasional_returner,981,7c2f0d123e27,bb14a8e7febc,09c13c45c61f,
CUST102920,ring_member,817,3cad6c2ba20d,0e0e6965eae9,bb8fd306fdcc,RING17
CUST102921,normal,725,d73e23fcfe73,835c463a84df,284581a0fa5c,
CUST102922,normal,263,42a8e0c7773a,4512776ebd81,cc013dc2685f,
CUST102923,normal,860,242ad89b444a,18c1a2868d39,937bb1bba176,
CUST102924,normal,1112,960186acd981,ed89dcc4fe9a,d4edfe1ae88d,
CUST102925,normal,62,c90312d5aa35,9d62417666bc,f32b267b9474,
CUST102926,normal,889,e253f3904ee6,776e5b4eb78e,4865bba7eaa5,
CUST102927,normal,1359,73704c29adcf,09e409355b4b,20f287430b32,
CUST102928,normal,862,db177d0ba844,2eb9870e1f3f,6c5120f1c556,
CUST102929,normal,1429,9c429088ef34,72db7623c886,45a2ccc21754,
CUST102930,normal,532,121ad5e7ae0c,6a51828f0cb0,c31ba0574ff4,
CUST102931,normal,10,aea24522d8f1,0a7cdca404df,3e59aa050e75,
CUST102932,normal,1024,e4cc978fb0ac,1fcd4e94a862,8d5d1138d7dc,
CUST102933,serial_abuser,323,3b0f0cad9b97,94258959354a,535bd6c57e04,
CUST102934,normal,19,b5d52e2c8cfd,7ade891a0bbf,7aff5626e8ed,
CUST102935,normal,274,adbada48e20b,05937c26aca5,0463c2c4f7a8,
CUST102936,normal,1401,d0df7bd24220,f4920c1ba9e6,d52b8443e896,
CUST102937,normal,1173,04db447c92ee,e22a43920dd5,9b7054cda9eb,
CUST102938,normal,416,100d49ca1ca7,9fe6f5adaf6d,11da842ba021,
CUST102939,normal,899,d68d2f5e5b16,7339967ac4a3,800db62e4208,
CUST102940,ring_member,512,d6551ebb1b3f,913dc66dbca2,9c4be22d89d3,RING3
CUST102941,normal,270,4b6656f05f00,098ca90a6ae9,e7421a3c4f33,
CUST102942,occasional_returner,1482,ece4c9997c35,2ca493aeb505,ef7025a461d9,
CUST102943,normal,1221,6dd687c2bf31,3fcdd3c6c4d9,cf136d7d1deb,
CUST102944,normal,548,5a7c123767de,51408310421f,747ad42bf126,
CUST102945,normal,533,300db0512251,881510486d2f,8e84cefff74c,
CUST102946,normal,1224,75266ed259fd,b9feb98d980c,a99189c0b4ce,
CUST102947,occasional_returner,693,d20d7881c9ac,8d6556b3ae58,60fad7fe73c8,
CUST102948,ring_member,568,f21e51bac25f,6a5f562ccf15,95af76f763c7,RING0
CUST102949,occasional_returner,584,735b6bce1866,75e74a1726cb,6927f11fd5fb,
CUST102950,normal,672,e29c9892d418,31abc52204eb,8fac854a1c7c,
CUST102951,occasional_returner,784,87faeba3ecce,6910597700b2,0f8f8f316feb,
CUST102952,normal,64,de1a08a2b550,a47cf4808ee4,0e5c6acf4ea7,
CUST102953,serial_abuser,722,8075f3c21a8d,db04004ba740,766e422c4c05,
CUST102954,normal,662,f31b8a3ffa53,ed49379d02cf,f307a3d11f0d,
CUST102955,normal,415,cee3a8f37631,1dc39e0df723,929840c356b1,
CUST102956,normal,536,488a435cd14c,ab0ae06c7b61,64ae8155be3b,
CUST102957,normal,639,c4e23d594fbe,0a7b4fcc241c,0ccf7e4742f0,
CUST102958,normal,552,86b9784fc8bf,e0d11d70e26e,726a8791aa56,
CUST102959,serial_abuser,1362,9f2eee482be7,cdf68a7d74fa,a194180702bf,
CUST102960,occasional_returner,795,169994b57dfb,dad56b8896ac,f260e235fd81,
CUST102961,ring_member,756,ef2a5ca81b4e,62f1ad10d778,01c6a3371695,RING47
CUST102962,normal,398,c0e344d79f1b,5a47f3dfa31d,753552d0f7f5,
CUST102963,normal,1374,8fce1aa77479,612ce231b2a1,e6cbec8f1fea,
CUST102964,normal,39,28b24de086cd,99bbf3d022a3,e117b9a197fc,
CUST102965,normal,827,aef6aa5805de,84aa39c7906b,ab7128c48965,
CUST102966,normal,257,d17791cc5915,c81847eff7fa,d7158d73d36a,
CUST102967,normal,1154,5b7028e0d21a,e8b6827931c0,fa9ddfc73986,
CUST102968,normal,570,9ee644656e74,55bf394589ac,a46cf0cbf5b0,
CUST102969,normal,443,b17763cea43b,7648ac1ebc27,0601a83c7644,
CUST102970,normal,91,715b5567f5f9,03dff3ffe3ba,913587000c53,
CUST102971,normal,1186,5332e2948741,ec1d53b077c8,56847aba50b0,
CUST102972,normal,597,9708b1505934,d0625fd81d9b,862c1f449925,
CUST102973,serial_abuser,400,978784b8523f,8431765d9208,f71f0ae75e62,
CUST102974,normal,1267,b91b6772c55a,9b4ce59db61a,6678240ccad6,
CUST102975,occasional_returner,34,97b5b956ef20,cc0943de4081,5f9319ab7e6c,
CUST102976,normal,705,3bddaf1a8edf,e07d1cdf5a45,2382cefcd8fe,
CUST102977,occasional_returner,245,21c11868166d,ccc26c8579b7,7203a190d06e,
CUST102978,occasional_returner,194,4ae2c8202d8e,6995b3d678eb,64f0544b04fc,
CUST102979,occasional_returner,37,93c13d15565f,d259e8c2df75,549d39e20ed8,
CUST102980,normal,284,726f0ecb8db4,5e63ad56280d,7e80e4e51845,
CUST102981,normal,1420,2d447b31621a,28a28aaf9c40,a0e9df12a3b5,
CUST102982,normal,671,30f1b1aa2290,f75e2e904fb4,37d53101642a,
CUST102983,normal,1499,1f7bc8866fc9,cc48837a1c24,63b8248e010b,
CUST102984,normal,404,603f64655c3d,16461f97cf2c,f1f212d451d4,
CUST102985,normal,1144,6418a741f2af,59d465f95348,814cb56cb7bd,
CUST102986,normal,138,a0b0d0199244,80db85a3f540,598467824934,
CUST102987,normal,166,9045e067aafa,6d5e797e9b10,31c4479ee0eb,
CUST102988,normal,29,61095f720475,581a02bd1377,48543321a7e4,
CUST102989,normal,1348,efbcf1b67c48,938a32367af6,1c5afd8de7c6,
CUST102990,occasional_returner,1009,26465625257f,b278011c21e2,89dd03306f32,
CUST102991,occasional_returner,1116,a102566b0232,4526961a4bf8,46ac7eda0727,
CUST102992,normal,1391,3d771e22f2b5,8ded68834049,085dc8e13996,
CUST102993,normal,501,f57b7b20b18e,5d6f40e6196a,f55c4649f1b7,
CUST102994,normal,1085,f47db57f8c49,c06eb81d44a3,c241f6f59477,
CUST102995,normal,755,5a3fff2a1102,016976b031b1,0c5251286e49,
CUST102996,normal,816,af9bd7bec1bb,fc06c9e349b7,6a5305d22ef4,
CUST102997,normal,994,c187fc0615d1,8ebcdf6e9ca7,4cf0c21c863f,
CUST102998,ring_member,707,c26c922b8179,436a76e38fd5,ec6b214e0a6a,RING16
CUST102999,normal,40,f12dfbdc86f2,4261bc384b83,73c2d4bb4658,
CUST103000,occasional_returner,117,b35facca0ab3,aae4764cd7d4,b10ca6dcedba,
CUST103001,normal,754,c6d77fc523ac,861477c3c9d9,40613e657e65,
CUST103002,normal,857,6a4be1875940,b3e753f05e4b,e340b9376cad,
CUST103003,occasional_returner,1099,cd3c50274fc2,35301ded3c37,484e4463319a,
CUST103004,normal,860,38759779d68c,a819b06ce830,37551d6a09a7,
CUST103005,occasional_returner,286,ec54f67f7cc6,a980b29511ab,f52747850235,
CUST103006,normal,553,1ffa59f22b17,d4ba03fa81ea,937b5f05c046,
CUST103007,normal,668,4996c1b3f3d9,6d325013af2d,a7ceff69fe75,
CUST103008,normal,1475,b5a5e59ed41d,3601e8325d1c,9ac76a6d892c,
CUST103009,occasional_returner,801,2d895ec81bd2,e0f421ac1b29,d7348700a883,
CUST103010,normal,954,c14a5830eb28,4dd9d95e3e5b,74f26b859e4a,
CUST103011,serial_abuser,1104,0412401e7750,c5f81fdbbfd3,a60c46717630,
CUST103012,occasional_returner,546,c0fe92b6467e,ac7c1370386c,82fd40f0e618,
CUST103013,normal,1446,780c6faae93d,c225aaf494a3,3fa4be221eef,
CUST103014,normal,1013,1541dde110f4,8a07114158a6,f2e70f2175ca,
CUST103015,occasional_returner,1273,e42f7274f83a,764fb50e1ecc,a4eab44dbce8,
CUST103016,serial_abuser,1125,db911a62c862,873cc631875d,d8a697fbcacc,
CUST103017,normal,934,f2378398fe80,844860940e41,cd2fef2285dc,
CUST103018,normal,51,61799bfccbca,fab6667bad78,a35806ca24c2,
CUST103019,normal,877,2120f3cbaa6e,b6b6deb56ea4,5f9fb394cb27,
CUST103020,normal,198,99df0f1b2804,ebf3997cd63a,5ec26c903f84,
CUST103021,occasional_returner,906,37964c295218,05d15b7cd9db,87dd332c7052,
CUST103022,normal,1053,02ff6dc01aa7,33d558589c85,15ecacf8899f,
CUST103023,normal,820,d98e0ff9ce85,e689dd5ea45d,a92bfabc5881,
CUST103024,normal,466,a505f7041745,bda6812f3163,e7462d85564a,
CUST103025,normal,93,e42a87903939,a1369080f2bb,44a9aedefaf9,
CUST103026,normal,1008,75c174fb84c9,fdeb8de577e9,1a1e77b142f8,
CUST103027,occasional_returner,1048,92e1d87f388f,809dc25b3910,5b7c25587e09,
CUST103028,normal,719,b83fa04ac704,8d4732f0cde6,74d26a585e44,
CUST103029,normal,1075,f03febc2a45a,1b241ab2838b,e802623cd1d8,
CUST103030,occasional_returner,1169,6a1c1b57a501,c81826834a27,c6505e51d0d3,
CUST103031,normal,771,d641b78d047d,32206244b32b,23234a545319,
CUST103032,normal,76,d0f5d1fa2be0,f64baeddbbb9,3febc8ae28a8,
CUST103033,normal,1306,2eab202b924f,2829314b54f4,ebbcbb658146,
CUST103034,ring_member,702,ef2a5ca81b4e,96c004778137,14ac9f674f3f,RING47
CUST103035,occasional_returner,1010,b3726043dfcb,e385b3aac81f,78f3d05a51c1,
CUST103036,normal,1366,998ff3f6fdeb,3c62395bc30f,2fe80bd901b5,
CUST103037,normal,547,61d2aebbeb40,72e6e3c45a5e,bdd9e273a7cf,
CUST103038,normal,934,1ed2c4b465cc,f7933fce0628,acd26aebefb2,
CUST103039,normal,34,6ce5866802b3,5e5d915520ce,bbdc647242f8,
CUST103040,normal,1328,9175905a2113,e102f9d42f8c,fca1ce751d6b,
CUST103041,serial_abuser,93,4f72db3cb1a1,aab4e5ad96ac,98cfc6766863,
CUST103042,occasional_returner,813,bd2ce754f1f5,fb0714dc0b9f,4b545ce3cde0,
CUST103043,normal,530,d9236119c84c,0a1b226907d7,fb278e0d10be,
CUST103044,occasional_returner,58,f4f47419c802,4f2eb8a569d5,256f369b1cf0,
CUST103045,ring_member,695,b65cdd107e66,6d14ca66fb17,4dc747b03d52,RING46
CUST103046,normal,1403,03297f48c5f2,898506c0773f,cc500a8032b7,
CUST103047,normal,254,dea809090e3a,61e663fd6244,b4c71b09436e,
CUST103048,serial_abuser,441,197f7c46e8a7,d22a23206fa2,20ad5ee1507f,
CUST103049,normal,288,9c28be760f11,40a8be9cae22,a260aed06594,
CUST103050,serial_abuser,191,3c7159db0bfa,d6b5e215f61c,01f5eb10e1c2,
CUST103051,normal,349,f301a22e103d,4d5a7d699734,5b1117e64779,
CUST103052,normal,859,36d524858e65,69e31a47ef08,783e97fe2fac,
CUST103053,occasional_returner,1171,e4e9da861d16,9fb35b5648db,7aa98dbf24f7,
CUST103054,normal,1037,970d0dc0a205,278b7e20346c,1e502f5f3873,
CUST103055,normal,1158,db57d888a326,1634397c6152,1fcbcdd94c2f,
CUST103056,normal,1074,5dba4ce70291,259cc077e3f8,6fc1aa5b2300,
CUST103057,normal,577,04f1673c381e,b0836fc33a73,b1ad715f82ee,
CUST103058,normal,1350,3764abb9def8,fa7247d0e420,a8ac79c63fda,
CUST103059,normal,262,63dbd265d4ac,d046e2222aa5,02e612e8baaa,
CUST103060,normal,1051,733728061aca,530e14107110,6493c606b366,
CUST103061,normal,170,ba45d6ca9d93,c93543433642,f49d2c2aea54,
CUST103062,normal,1149,fbbcb467b14b,066679bc8344,7659e5cf532f,
CUST103063,serial_abuser,135,d2d370b451d6,e49f1bcf3ac5,e008246be3d9,
CUST103064,normal,328,258aed9025e9,38c8c024039d,c26ee244e539,
CUST103065,normal,589,a9c4557df256,72f6d3139fcb,fd2ece02e1e6,
CUST103066,normal,1043,456753d0d229,75709b1279be,90977ada3bde,
CUST103067,normal,73,e84f29ba497b,d31a45d66db1,d311820829bb,
CUST103068,occasional_returner,389,08beb632ed89,de3a73328e4b,15a850cc448d,
CUST103069,normal,503,eebe58265c46,ff2d41563bd1,594425a5d2f6,
CUST103070,normal,1097,3f61283dccce,fd0d6e3c679d,66d6aea83ab8,
CUST103071,ring_member,1442,f7528afc0c47,3e1efed5f904,ee5354e78ab8,RING18
CUST103072,occasional_returner,923,5ead32f414f8,5b9c2c1713d9,502edb12b8c9,
CUST103073,occasional_returner,763,16c4d463c80d,cbb2ef5c225c,2ceed095aecc,
CUST103074,occasional_returner,507,efce876e42d4,e2e49745f219,7ac701af2192,
CUST103075,serial_abuser,1234,8b60368de193,1931b2eaa465,792883ba29f3,
CUST103076,normal,165,712d70ac3171,01529362bbaf,6fca72b80e16,
CUST103077,normal,198,0b3d2a2e2fec,4f7977692437,298d3bcd3d33,
CUST103078,normal,305,dcd9dafa7475,543a77a8800c,6c1058dbe4bd,
CUST103079,normal,405,13a22557fc7b,cfb59dc01612,763d2140ca7d,
CUST103080,normal,695,15bf87c06c0d,d2aa54e0f026,18bd4665ee9c,
CUST103081,normal,1420,45913b82ab52,469d51a82c3e,9948b8936092,
CUST103082,normal,977,7640838c2dad,65496d03b33b,76f5eca7b13b,
CUST103083,occasional_returner,578,98bc3c39d249,f4c84d8b63ca,385387575d4d,
CUST103084,occasional_returner,321,e68645f4e953,871a11653ea1,5277761ff790,
CUST103085,normal,974,27f52f439307,f1256e912bde,6eeea3284c6f,
CUST103086,normal,383,1661a52a4bb4,7a0be7bd24b9,0d4fb81d0d4f,
CUST103087,normal,1464,42d0575a97f6,27630f95e6cd,fb8dd079f059,
CUST103088,normal,719,6033e1ef1f6a,f15b04dc9e9d,067bf55a1edf,
CUST103089,serial_abuser,828,44004ee0e0b4,397aa9febe3f,a2ce5f320523,
CUST103090,occasional_returner,1355,8ff45c8c8b66,af134795b5ae,053f41fe8123,
CUST103091,serial_abuser,461,32299af73014,4d2bb28b31e0,4e55d265be1d,
CUST103092,occasional_returner,710,c9f9f83d9d09,b5d2454f7e10,6b537794cb0b,
CUST103093,ring_member,800,e443a0b0fce3,836759e71248,4a6a5e719eb7,RING43
CUST103094,normal,410,e862cca0c507,04791082b77e,5bad1805f1f7,
CUST103095,normal,86,13ab5f618e84,91000b23dc62,7b2b68107295,
CUST103096,normal,429,8c311d4dbfed,faaf2102ab0e,44e35c5bfb93,
CUST103097,normal,172,64e9798bb243,68eb152c4cab,9726cfaea904,
CUST103098,normal,1015,48c3c33939ad,9e3bedebf51f,7affbb9a1fd3,
CUST103099,normal,15,491be131c645,7a7dd0ecb698,c7fe4810f3d0,
CUST103100,ring_member,478,9ee6a9bb0c3b,a2f00c2ea345,fd9fa97c6723,RING2
CUST103101,normal,1326,da31004fcd78,f14b798843bb,fa917e4b48f4,
CUST103102,ring_member,855,11774ae92f06,76fe000fa754,52766c892ea8,RING10
CUST103103,occasional_returner,1008,8b533298a9b2,1f2f84e7c718,3daad27f9597,
CUST103104,normal,1004,d07aea7e7ec9,29c967b936d0,4936587a0244,
CUST103105,normal,451,1ace06cb791b,b5dfb3adc451,3d6197f16286,
CUST103106,normal,950,b9ed22b112eb,f01264ce85f6,b9257c50b3a6,
CUST103107,normal,335,c0cfc164431d,66165232fd3f,c2f9e3cd0cbc,
CUST103108,normal,955,bb6e8f808b82,cc5beab3119c,dd46323bade2,
CUST103109,serial_abuser,1026,1e1b54acda25,2b7abeed33dd,bdeaab24978a,
CUST103110,normal,1314,4e03a0e5ce76,fd876a332c3f,d1752d347543,
CUST103111,normal,1379,ab72a3eba684,f02456be9e68,b142dae68d20,
CUST103112,occasional_returner,40,296dbd273dfb,6dce04f2e263,d6bde74d6112,
CUST103113,normal,452,5b38ead64a5b,b2c453b62ca9,ad4ac11e50d2,
CUST103114,normal,822,2cb75670b164,13407c512321,b265191f42d7,
CUST103115,normal,485,821a145098d8,74ff6b2156e4,218abcc363d1,
CUST103116,normal,929,07e92f4989eb,e4af3ae55831,ed978302544f,
CUST103117,normal,1282,d1555ec3b4c9,6144a7dca530,453f23dc118e,
CUST103118,normal,390,e97c2e6fecb1,a8dfe8fca494,c6dee63aff9b,
CUST103119,normal,1340,6af14986463a,6498fd824425,041069c84b75,
CUST103120,normal,1323,be2b49fa1574,5736b7ea36d8,96c8f250a05c,
CUST103121,normal,1371,937e78a9ee97,6b3dd65cb748,a182f1ad65d6,
CUST103122,normal,114,a27b11d18ff8,cab228ee446a,5189b2c1cc75,
CUST103123,normal,443,dfa026c8ef09,9aa05afc0f20,7e747cdb5558,
CUST103124,normal,190,a2dbf39b32ca,ab2333f701b1,1445e9ce6b26,
CUST103125,normal,184,d6022d7eb9c9,b585e6b22500,fe5550a585cc,
CUST103126,normal,84,f6ce0841b7ad,87dc2cc416f2,c9b4b44911b2,
CUST103127,normal,662,936d94098c99,e231f4c8719f,f35169f5d23a,
CUST103128,normal,135,ca88c483db03,dee08d696e50,0d2b8d57a3a2,
CUST103129,serial_abuser,447,9bea9e3eaa02,640764325cba,fae3f66293f3,
CUST103130,normal,1472,b232b20dd4d5,255e10e2f0d9,d5c33c5a0614,
CUST103131,serial_abuser,1326,583f1ee63102,968e0e7ddd6d,d8ce1ea2f4e7,
CUST103132,normal,1405,f277fbfd3cd7,c98fb8c3a159,351d73edc6ee,
CUST103133,normal,59,7060b1261666,4b05acecdbc2,3f177078e925,
CUST103134,occasional_returner,993,d5c6f377b021,920edf82f91a,802f2b73c3f4,
CUST103135,occasional_returner,952,d616bb6662b9,f0b4b8d943fb,a80575247563,
CUST103136,occasional_returner,203,2b38ebb4ee94,afa564190bf2,d207d32267f4,
CUST103137,normal,1359,45fd80eccccf,f5c93414935a,ebf810d37fda,
CUST103138,occasional_returner,609,3b82e904971c,e6a905eabd13,5b42369a5c93,
CUST103139,normal,1465,248fa5a3a192,6eaf083e0d3f,0180ed466cfe,
CUST103140,normal,175,5fb816c101a8,20eab33b80eb,e0d6240df472,
CUST103141,normal,976,bfdb264b2620,2f054572ad01,4c069ba906c0,
CUST103142,ring_member,200,682446ad858e,313e845368f4,7cfea19f0c69,RING30
CUST103143,normal,1425,fc8f1c9b3651,0c0a77b9d08e,e762747069d5,
CUST103144,occasional_returner,913,32c596ec4960,9dc5e331fc94,b92562a2602d,
CUST103145,normal,118,820ed6b389c3,b8f935a4e5ca,1d3612738679,
CUST103146,occasional_returner,326,6d4ebc895c94,cbcbe305719e,ea18ed12feab,
CUST103147,occasional_returner,542,7fb10ce8bfa8,2216b0953743,a7f2a2e506f4,
CUST103148,occasional_returner,24,6f5977740b2c,829e223fb87c,a7c5fdd43855,
CUST103149,normal,18,d9955e5ed7fa,ddbd50c14058,ce66224a0e20,
CUST103150,normal,1388,54eff00c2510,ca4159ae0d2c,baa25e7f8800,
CUST103151,normal,1471,41eb869c5ca5,a891cfd2b3ce,8db2a6f91cf2,
CUST103152,normal,806,28725a03a210,11f33a7524db,c95c076d95c1,
CUST103153,normal,1354,4c3ebe8d35ee,b3a1205e3522,cea1f0eba2de,
CUST103154,normal,984,3c26c983863c,268a44feec8c,af2053a57ced,
CUST103155,normal,46,9f167785185b,c611d92e4912,797577fb0cd5,
CUST103156,normal,1073,fd9d3cd306a9,5e97a05314fd,23c8b049da68,
CUST103157,normal,32,ec443f9f39a5,b1b825b3e2b6,ffc818595266,
CUST103158,serial_abuser,1225,f19c364878ad,7eb8c0410b59,213d16d4ed32,
CUST103159,normal,553,c19a977ccfcc,0f18be284307,886538f150f3,
CUST103160,ring_member,216,e443a0b0fce3,3f14e30a9c72,2a39f914e655,RING43
CUST103161,ring_member,391,f7528afc0c47,871689290467,ee5354e78ab8,RING18
CUST103162,normal,1026,87be2bdd6813,7ec81c91c6c2,2af95acaf219,
CUST103163,occasional_returner,1271,1609f442e859,c773c618cb02,3f64232a35e3,
CUST103164,normal,858,193936f7f36d,4824bdd1ee09,1b4faa0cb773,
CUST103165,normal,244,f1d94013e217,a447b75ddf3b,3ddf8c7a7b43,
CUST103166,normal,1350,122bce7c9d57,8141419dd06c,704db8748790,
CUST103167,normal,1187,ece496faa15e,b62fe015b254,b6ad6f3ed650,
CUST103168,normal,617,3e94fd716da6,0a776899e355,86420ebd641d,
CUST103169,normal,833,d3efa6426e15,c714f17fc31d,2be35ba8deee,
CUST103170,ring_member,1446,73df06c725a6,cb56badbc920,6ecf81e3c9c3,RING27
CUST103171,normal,569,31c0aeea0b81,8c8f3569d6f6,01a0f2b6dfc3,
CUST103172,occasional_returner,43,ce1407a36240,f5f2e0bbbed5,719e147b10f4,
CUST103173,ring_member,222,70563dd9c8c1,afee5f02d268,1c92bfecac16,RING26
CUST103174,normal,902,e00ae0112799,f336801937f0,a69144b7bb83,
CUST103175,normal,1496,baece6871e36,3c67a6e7863f,11c9400185e3,
CUST103176,occasional_returner,1111,b2de70eaf7d5,00a212db76b2,b9ad050b0f43,
CUST103177,normal,928,8f0bcb4af7dd,5da6e4ac0c0f,f837a195ca2b,
CUST103178,normal,487,d0f7d9ea854b,3459de4c5554,37d751d7cbcc,
CUST103179,normal,661,94153782eb31,02c0e4c8dae1,49d57f464f1d,
CUST103180,serial_abuser,62,797cda2a2638,27ed2b5a80f4,5305226e0e06,
CUST103181,normal,559,2a8b9acaa9c2,447da24f71b5,d8bcf6141dc5,
CUST103182,normal,937,4c73d9359f05,f376c02cfd6a,26bc69d13fca,
CUST103183,normal,1359,69a6580f9ba9,841dea266852,60da808e33bc,
CUST103184,normal,1384,5a74bc37e167,0c038434d052,40fb1836a2ac,
CUST103185,normal,1232,37f82ce807b2,4e1e4866737d,b5f6ca4aa6d4,
CUST103186,occasional_returner,37,1e3c41f4eb7d,de19bf0866d8,4156f2607403,
CUST103187,occasional_returner,1217,fe08141e53bc,fc12a3445521,f98176612052,
CUST103188,normal,331,dc00c322d0e5,dac0a615e6a0,86ce9d13c56a,
CUST103189,normal,926,b6a4b91d08db,4768e5221289,f6cb332c35b9,
CUST103190,normal,1419,973fd44a54aa,5555e9573e78,19e5f746e971,
CUST103191,normal,1332,84b5150520b8,1f19c2ba2afa,9fadbe0e611e,
CUST103192,normal,998,b3758289c908,bb8719a6d773,4b24dc59344d,
CUST103193,normal,452,fdd9d8b4a4e6,c3e3131ee664,761597338f7b,
CUST103194,normal,783,e1683c56b639,990fdfbde223,3762dc4786a2,
CUST103195,normal,1057,aed0cfabf6ae,8068861d19b5,ef4f6ddef47c,
CUST103196,normal,773,3e5189b51bf8,4df8c1d9356d,02b24ce529c5,
CUST103197,normal,609,6900659ba7c6,deb0e84ca91f,45b808babd75,
CUST103198,normal,607,c0901a0767c0,f3f039bff67f,bfbe78c97e64,
CUST103199,serial_abuser,901,bda9f7c88916,4606b92238cf,cf644417ad9b,
CUST103200,occasional_returner,58,27d37fe8e011,162163f52849,d6282d9de233,
CUST103201,serial_abuser,1497,8aef481b9068,b409c67fdd0f,8d845b7a11bd,
CUST103202,serial_abuser,157,8be9d129dab1,d8d8575e60bd,a6f7200aaa9e,
CUST103203,normal,1476,1b5deebd2fe0,d3ac33947e67,7cab04e88470,
CUST103204,serial_abuser,57,60584cf24310,210204acba5a,8e033eacc8e8,
CUST103205,normal,771,d3812705035d,9cb69bac0fee,814d205c4eaa,
CUST103206,normal,629,9a7ce02a6d4e,a27c67c8a886,54338457004f,
CUST103207,normal,862,5b65b48d277b,6a7ce250af2a,b51c92d2e03b,
CUST103208,normal,653,f9c5817b0cc2,f63f09dbe425,6fcfe4c8bb1d,
CUST103209,normal,1346,dd16bd74657d,d6b8ac1e3099,aa5f66878d5f,
CUST103210,normal,29,4e7443a3373b,5b5d135bc4bd,84a1b1523d3e,
CUST103211,occasional_returner,1478,899ad7bdbc75,db553b366705,95f0141fcebc,
CUST103212,occasional_returner,1035,461529dcfe82,d3a7e88d53c5,96313dd19f46,
CUST103213,normal,1169,5b9314fe1b06,d5521ad61985,4bb5c54b6c2e,
CUST103214,normal,214,8ed954bad60d,c2a2d6724ea6,bc05596c1c21,
CUST103215,occasional_returner,102,12e6c863f123,839c2f48eaff,6840dc39572b,
CUST103216,normal,598,7732209c4c02,124744bf8bf6,176902ab43c8,
CUST103217,normal,487,ff3fd2728567,f27cbc762930,34c47a60aa84,
CUST103218,normal,1175,1f0e62ddaa44,4b135a2d0541,d7bd6c7e6384,
CUST103219,normal,1345,946bcd1f5b57,6fcd13845330,0ae5eab1c48a,
CUST103220,normal,644,c7573f74bed4,52e03f9e455d,9afb40a6d069,
CUST103221,occasional_returner,1153,01f3e5f48a92,b48262f9573d,b34bb1a8892e,
CUST103222,occasional_returner,94,dc162a88841a,0ef9a14ab531,b4455f6bedf9,
CUST103223,normal,1114,26a1f9fac8ba,789bae739119,4c6d73fbd3c2,
CUST103224,normal,153,ff57f3cd1e1f,aa11110fe162,237a44ddebc2,
CUST103225,occasional_returner,1003,c796ab3115bc,4a502c896d4a,33b97cbc6d69,
CUST103226,normal,576,cb29245958cb,49d76e552fec,0ae650914bbb,
CUST103227,normal,625,0084d54701ed,c00b09b67bf3,ff94d6ec1c75,
CUST103228,normal,418,921ab64be01d,639e457535dd,dd876d7554c7,
CUST103229,normal,607,5f454f28f4cd,18143920cc42,d8eb9fe73d97,
CUST103230,normal,1312,425698f5fb2c,99d9d5926184,7cd3b3b863e4,
CUST103231,normal,1214,b9b959d5f787,a26d1a395b47,8c23b9ef7e3f,
CUST103232,normal,513,a522c76580c1,a7044492ee8d,55e29ddf045b,
CUST103233,normal,444,831d00551d7f,e29cb0ef46e7,4531d1547673,
CUST103234,normal,766,9f66dac5f086,4648ccc3cdcb,804fe5096064,
CUST103235,normal,1028,ea7cd2744e7c,f1d53bdca1f0,4f4a9956b319,
CUST103236,ring_member,277,f7528afc0c47,5c1cfeffe3fa,ee5354e78ab8,RING18
CUST103237,normal,1090,6c283cede2fa,09d1c8c62c01,2db3110719cf,
CUST103238,normal,1423,db1a0dfc6398,daf90e305141,bc73c6afb332,
CUST103239,normal,1267,f50492f48617,044afb752d88,1f6f16b1c8dc,
CUST103240,serial_abuser,824,69aa2c0064f3,2ee87d4fc6a1,1f51035d596b,
CUST103241,normal,483,66347212d771,5cc84eeccf6a,b9732c6148b9,
CUST103242,serial_abuser,488,336f362c5093,7434d6f20452,d0dcf6da598a,
CUST103243,normal,1114,9e92324a8204,564e2def4b48,ab85316b5ce1,
CUST103244,normal,685,a55efcb4424b,406b0071c8ae,b1e6bd6e5153,
CUST103245,normal,164,ef1e1f8a1148,e136852b1086,9bf77736d69f,
CUST103246,normal,1018,9cb865338ee2,14f6f1945b67,186432fe7f81,
CUST103247,occasional_returner,211,22ca52915fd2,6e0abde9df61,75c60500b80f,
CUST103248,occasional_returner,1480,1ebae49afd0a,7a513a96dce0,459c54306db0,
CUST103249,normal,628,36d281408410,0929769eca6d,24c058c1bb7b,
CUST103250,ring_member,516,ca74bb1beb14,59349603f1d2,25e56acdffd4,RING36
CUST103251,normal,87,afb11b7e6b47,dba447984dc4,686c54732598,
CUST103252,normal,255,92280bd25605,15fba3ef6dab,e2e7a5585dfa,
CUST103253,normal,1421,6b120b67e046,a4f1b4584962,ec778b24ecf2,
CUST103254,normal,807,9a783524e436,623f0e5fbf0c,7915d80ddb25,
CUST103255,occasional_returner,1353,733a02d55d5f,60192e4d1562,d97a698c5681,
CUST103256,normal,1434,c9cab3d11d4e,989504d498dd,f9abad5a5810,
CUST103257,normal,78,07b3f327aa5f,748f0d2047ef,51953b8263c9,
CUST103258,normal,574,c280ca7fef6a,3a203a52aa55,d4d61b7f78f7,
CUST103259,normal,1258,15ea670d4a1b,c7625149db41,7cf4a7b75f0f,
CUST103260,normal,746,6d2f2cdcc5b4,0be02c9da647,3051bfbe37f1,
CUST103261,normal,765,609fafbfd914,af7d01669063,ef9b44afb62d,
CUST103262,normal,857,8f3e33e39aaa,90c9209adc52,38e00cba6179,
CUST103263,normal,1054,2afdebff4653,74039017170c,6638ede5beaf,
CUST103264,normal,1408,c08102473cf9,40bc77dce448,2f78cf63ad13,
CUST103265,normal,1330,7308d4f42f0e,4b97edf71fda,c0088738ea96,
CUST103266,normal,939,dd8378c49dad,a6246aea1af8,0f2d182e240f,
CUST103267,occasional_returner,867,a34740b92340,78ba6a9015b8,2ccf1f15aba7,
CUST103268,ring_member,544,29f7521a721b,435f10ca1dbd,5a01c0325f38,RING48
CUST103269,normal,178,633b98aa3a1d,bd4704177761,e1b852b490ab,
CUST103270,ring_member,1064,f2bf917ec553,e08e161b05ba,0c5921f82149,RING23
CUST103271,normal,8,a64e83b25af4,c0b323153910,302e188dccdb,
CUST103272,normal,1048,373e9c82cbfd,a125896f7505,cdc5950370c7,
CUST103273,occasional_returner,747,246128aae1b1,6baf4b473d29,84b9bd0d1ed9,
CUST103274,occasional_returner,1180,071ef5781e33,1d71b2976888,8f174e0e6206,
CUST103275,occasional_returner,1424,5821c7cbc0e1,9f863cc073e8,2b04a70f3de6,
CUST103276,normal,831,3e05679c8b45,33c2653397b4,167d48c57b21,
CUST103277,normal,861,e6333b4cf2b4,0641c82fd55c,7227cc05fed4,
CUST103278,normal,733,26ce2b74c162,fa81345def2f,e470b451f58b,
CUST103279,normal,562,7b9bb89e4e11,f4400a788fe0,d1be6888fa52,
CUST103280,normal,137,1f76a2c61e68,ab9dd065bd63,cb1c720a93a4,
CUST103281,normal,51,87b98fb92e4e,f0e446e4069e,2402b13ad9b8,
CUST103282,normal,1085,74c6179304dc,3515f654cfad,13596935c8c1,
CUST103283,normal,1372,1606f56ff508,32e264ff4696,90e5d0ff5890,
CUST103284,normal,85,7f6e118302e1,d84301749a4b,c205a4b3d500,
CUST103285,normal,494,86bcf37c984a,2f60debab2c3,faf1b5f41fb7,
CUST103286,normal,914,f5faeb4619b2,c40040d6c296,b0d0e6db03f0,
CUST103287,normal,1058,24faaff47a3e,2390c8445d94,b124f7c5beb3,
CUST103288,normal,1104,60f821225fc5,e26727b622c5,2fd5ea120160,
CUST103289,normal,1042,4c1d76397611,5159ac22f12c,40779139e274,
CUST103290,normal,130,110271946d82,8c3500c74ce9,31a46578beaf,
CUST103291,occasional_returner,384,0a53e207eb10,aa455870e8b0,d730577e6146,
CUST103292,normal,706,ec8c60183525,fb0da69987f6,0b4139087e58,
CUST103293,normal,100,6bf03352340a,d219c9c450fc,a984aeb1a5c3,
CUST103294,normal,518,306ace0b3a31,b96964317409,7b87cb85dad4,
CUST103295,ring_member,580,d30dcd96be94,b4aaad204c35,12e9ebd3c3c5,RING37
CUST103296,occasional_returner,1467,ae90b55601ac,77b997d14dcc,1975bcff0fef,
CUST103297,normal,479,66ab28a72365,91ef47335a42,e77ce17f5440,
CUST103298,normal,1457,dcd2418e3b6f,696364a1370c,fc2f0dd49801,
CUST103299,normal,1051,0e1321770b79,3a56ba4c487a,b473ce3a1668,
CUST103300,serial_abuser,1039,45f56789f628,022e41fcf7dd,ce63bd9bfbdd,
CUST103301,normal,1230,88a0759693a5,2b1adf2e9f08,6edc766b26e0,
CUST103302,normal,1264,47f4586c3f2f,9a23ca19c3b5,69ccc0cc7e34,
CUST103303,ring_member,337,d6551ebb1b3f,f40878f5d450,9c4be22d89d3,RING3
CUST103304,occasional_returner,634,a3f6883d14f0,cbd215b512c9,3fc803373cd4,
CUST103305,normal,794,96a982ac7c4c,ef573565d244,498fcb597ee1,
CUST103306,normal,1465,8267629e2a27,04dbb0cee230,55dc2c54ba48,
CUST103307,normal,65,b650e7b692fa,1bf5a1b58b17,fa6e434b8216,
CUST103308,normal,717,3bb8aa8044f8,1fc8bda11295,b788e371b78e,
CUST103309,normal,325,7a143b9fc1ad,1ec8af93343c,d1972ff7c346,
CUST103310,serial_abuser,314,cfb50b288f0e,70a36683e58a,065e29b95d01,
CUST103311,serial_abuser,1143,bb40e21f0f3e,7c0e28692533,8861f615442a,
CUST103312,normal,306,e9c038cb63cb,20623784885c,5a00d566bd95,
CUST103313,normal,1191,fec24103042f,9b5c7e998fad,4c9df65a2970,
CUST103314,normal,1490,12a34c882779,5ae97bcd75aa,df63fa44e1ad,
CUST103315,normal,1165,3986b3f243fd,84be8370d885,ffdb9d7dc438,
CUST103316,occasional_returner,259,b9dec62429c1,bf659f50973e,73cf4b477a89,
CUST103317,normal,217,0105ba1878b2,1acaed19dc57,b057d0ef13af,
CUST103318,normal,658,b67a94fbeda4,fbc71b5f6b52,f3f5a2d76e6e,
CUST103319,normal,828,1153e6242f7f,23bff14dc691,1d6f05be67da,
CUST103320,normal,1168,a26ba0d04d1f,3a7b9921f1e3,308d74125fd9,
CUST103321,normal,636,765cdb0e24a4,f5d29a5d17d6,98ce1db3c848,
CUST103322,occasional_returner,254,2a67d0289adb,d30ea19a4494,8bdc7ef838af,
CUST103323,occasional_returner,1487,0ae300cf93cb,5cdf5ab2f46d,302576336b3f,
CUST103324,normal,1357,1c8a97233ef0,fe7e8268ed20,7078e6d52922,
CUST103325,occasional_returner,982,aa82858cc00d,ad595f899a5a,71aaa770bfa3,
CUST103326,normal,1044,f89b4f4d565e,d6e05c42a24b,6d1ef020f0e1,
CUST103327,occasional_returner,1403,938e00af9576,0fc51c4fc789,751e0316ea3b,
CUST103328,normal,714,0d1a3f603d45,91e9736ea6ae,04e6ebaf79b8,
CUST103329,normal,222,6d7c3e8b12d3,12d980749a95,f11fe46a2ab8,
CUST103330,serial_abuser,910,72434ed190f3,0c12c032df36,eda4135a5b17,
CUST103331,normal,679,4c9351bb6355,700f9023f769,1848fe4e9ca3,
CUST103332,normal,1200,2de69cbf0dbe,e9e2ee0f71e1,298016eb0491,
CUST103333,normal,1158,6c0743d48e77,f24f61ed9e7e,2a667c7433fb,
CUST103334,normal,709,00171fa602bb,cb235653208f,339f9939517e,
CUST103335,normal,554,530abeecad91,76a66e38b673,be02e96f3742,
CUST103336,normal,635,04e32c294bd9,fdd5b6aa7493,95119933e8c1,
CUST103337,serial_abuser,950,54e038ee478e,0a1a41e2ce4d,8480203a1771,
CUST103338,normal,957,f15f429cbe61,d9e8a49f8843,bd2f9528178e,
CUST103339,normal,769,63b2536d8d59,327f0c4a4424,65e6cdcbf20b,
CUST103340,normal,800,9166ebdd4a09,7853cc5a6534,f56c74e76f44,
CUST103341,occasional_returner,1487,87dfc60c0b68,6d547d8cc1dd,19bf12be094f,
CUST103342,normal,384,37b7d9559557,300460ddd2b9,2f0d95dacc61,
CUST103343,normal,264,c4ab310eca3d,a929d48974b8,e8a66a4e8d87,
CUST103344,normal,1199,dd1b42826a2c,a42cbdb0af8e,de82e098b6e5,
CUST103345,normal,1403,362ae985e949,de7885aa9258,94c8c2586394,
CUST103346,occasional_returner,914,1b6ed72e3105,3dbaeabb7507,9743f34cbb70,
CUST103347,normal,605,9d2cbb1f0947,c3c3830c8e63,c47ff35d2f46,
CUST103348,occasional_returner,526,76a7e997aafc,27d5faeea1e8,9a5e9c9de7d8,
CUST103349,normal,704,028dd3ea8cdc,e231f4c8719f,57b78dc6bcf9,
CUST103350,normal,83,3a97f88f800e,91e2e9dd9bc5,9ebfa55e0740,
CUST103351,normal,795,59b976d77147,9e46f3577ce4,f8b8cc6c084c,
CUST103352,normal,408,ff6c2005822e,1eb140e042ea,c45015948a07,
CUST103353,normal,401,208d9eb2d9a0,fc23ef1450d7,6516cb64a43f,
CUST103354,normal,842,539b7cdaca93,50886f089c0f,c252d597c612,
CUST103355,normal,1445,336a3d967fca,0e940acded04,38a9e211d91c,
CUST103356,normal,312,ce52ae62e122,da762fb77ea7,544ff4862357,
CUST103357,normal,1367,9cab089d8e28,52a5b1a242a8,48b3be587cee,
CUST103358,normal,781,d6bed520f103,aee39aca5d9d,f86190841e99,
CUST103359,normal,1459,6623459df9fb,d02a2b169328,d30cd016d366,
CUST103360,normal,576,ef2df3657a4e,c7ca77d070d7,54abc9ea2d49,
CUST103361,normal,1495,b4f6f974a5df,5f2bb97711ed,aa1ccb6f8368,
CUST103362,normal,991,2d328c385755,eaaa53adfd72,b00ffa76c517,
CUST103363,normal,1006,4ba32e8c0af2,18238c01c0dc,f04d42654767,
CUST103364,normal,847,e6d23685f431,1bd4093e5426,cccddbc21964,
CUST103365,normal,680,10a13477d94f,31c309c12088,0041bb418a49,
CUST103366,normal,790,08eea73538d8,22d7fac77112,2b4da119ba46,
CUST103367,normal,1276,bc746d256317,ca2d6102a1d7,29d04ff426c7,
CUST103368,normal,1189,b67ce82a3c8f,363d1611a436,6a2e141610c3,
CUST103369,normal,40,3516c512e4a4,961038d00a7b,b328f8e3c10a,
CUST103370,serial_abuser,1043,1e5b18da4c25,17e4fa2482de,ff1ca724a527,
CUST103371,normal,1252,b00d49cc907c,cc23557a9581,5a65448ace35,
CUST103372,occasional_returner,1117,0855fbba9dd3,6a201c3938ae,76c22d1b7c7b,
CUST103373,normal,748,102e8c347137,a7c0e8839f18,73e4aa1721a5,
CUST103374,normal,506,1ec50be6cdc5,2ab2ae4da7ee,0b1cfcf9b30b,
CUST103375,normal,1011,e0b641a649d7,11b5d9227532,dd10ab6a95f1,
CUST103376,normal,997,ce56d66a9ca2,29ab31fd0df4,4a89ef9fcafc,
CUST103377,serial_abuser,564,1eaf60596e56,2807d766a25e,9411adbcee6a,
CUST103378,normal,612,ce6bba7bc390,69e31a47ef08,6819846aa33e,
CUST103379,ring_member,556,c18ee2e33439,d8ed13609694,0c6c05517ce5,RING35
CUST103380,normal,72,dbb38e5c8c70,ce16b667f2f5,b56ddd5e5a76,
CUST103381,occasional_returner,52,3fec9b961f23,0ccc1d94fd05,8f8e39698d57,
CUST103382,serial_abuser,129,0d7a431876c5,acd22828cc16,38bd35da5a1b,
CUST103383,normal,638,937e2582de1e,5181e5f6ba03,9c4ce72b693d,
CUST103384,normal,768,a407ccadfc23,160a00378a68,e6d2f7236d97,
CUST103385,normal,615,f9d5ae7129e0,ccafb56bb913,36498eead3ae,
CUST103386,normal,1432,927d12ce9348,a20ecd18a5bf,ed5878ca1eea,
CUST103387,serial_abuser,341,5fa7bac40b8f,c53af025893a,8af0bdc09eb2,
CUST103388,normal,592,e99acb133667,f66766918437,832f0386f841,
CUST103389,normal,374,3f4180c8b40b,2c247c51e59f,f1e85c709e06,
CUST103390,normal,453,7997d9ae9814,5df0ba846c6f,d227daba5c4c,
CUST103391,normal,878,7bb30f264e34,381a1d6f8369,f7d42d6117cd,
CUST103392,ring_member,468,7f4b4544d0a7,20eb55625c3c,4dd1442f4c1b,RING38
CUST103393,normal,480,398906a4da2c,868a2da4b24b,9eb8176f7d30,
CUST103394,occasional_returner,1007,fb3c1eb3eb0d,5b50e01afe66,8cd75fc48fbd,
CUST103395,serial_abuser,1246,2f9977d609ff,e3769426fca3,739d0e76c90d,
CUST103396,normal,322,0aa5af153914,6709612235f9,194fbc503fed,
CUST103397,normal,171,70996352646b,ded45c435bab,73bb980d8e1c,
CUST103398,normal,363,cccab10443ce,3643ccd77a19,7dda2b5e9508,
CUST103399,normal,868,b7e3dfbf406c,92955a8ed300,f9f1e917e3e0,
CUST103400,normal,1439,389482ec4a38,d8e725e0a123,332caf6ce810,
CUST103401,occasional_returner,244,b80275151a07,54bd76efeb97,f2f0fe7e6a0b,
CUST103402,normal,68,5ba7bd0867da,e6cdeec3ed4a,e5a2981f1c62,
CUST103403,serial_abuser,794,2a4d52b065c1,ad653e81563a,f335cf73c0e6,
CUST103404,occasional_returner,1486,fe99471e4674,176f752b8c23,112e059ce2b5,
CUST103405,occasional_returner,831,45990caf62c2,c8a726ed7430,22e8ec3a089e,
CUST103406,normal,1387,48251325f040,e2a99dafff24,180a5485ede2,
CUST103407,normal,965,5fdc09c8cf90,6d93ec262438,699c31e0a5e8,
CUST103408,normal,52,545f6800aecb,34af0c0c881a,a8bbcd6665ad,
CUST103409,normal,644,b4e6777841c1,724e79042646,38bc074fbffb,
CUST103410,normal,1156,69a66bf71df0,beef1a9fc210,e7e45475b663,
CUST103411,normal,766,5d1c0fb4dd70,a4934b8c61ab,7ab1aedf8e2b,
CUST103412,normal,296,83d88557f2c9,c8fca81bbb09,b74a94b22f7e,
CUST103413,normal,275,adcaf1177035,0afcc0576a01,76e6d67be43b,
CUST103414,normal,996,4a6cf35167be,b56dcea7c649,076a6d06eb33,
CUST103415,normal,697,d64ec4551194,09c8200dbdbc,9c5b66fee201,
CUST103416,normal,863,ff518d8556d3,50aaf26fca0a,c36e4ef27534,
CUST103417,occasional_returner,562,2b6a9bb3de34,9d304c0e1b36,537c00fbfef9,
CUST103418,normal,511,5cff3a5ac0fb,e94d74cbc2f6,f32201b6fe11,
CUST103419,occasional_returner,1000,4798b10d4034,c3455df37bc2,42ed99d6e306,
CUST103420,occasional_returner,16,d6c98389a13e,dfe52b3ca5f7,45d1672339e5,
CUST103421,normal,655,ea7f4d2ebaa8,3297114f1435,1945af3b09b8,
CUST103422,normal,559,73e647f33659,3ec901724b5a,3bb30e6db18b,
CUST103423,normal,1170,7bbeefffe984,bcba79c9cd9a,d6260d9dcf89,
CUST103424,normal,1093,f098979cb49b,49092952c7ea,6024b231c1e2,
CUST103425,normal,641,b34eaf1fe60a,1f1314c19b6d,af59a07ca277,
CUST103426,normal,397,cc07b7e9d2b8,01353b8bf350,6e7005eaad86,
CUST103427,occasional_returner,357,68208df52e81,e80f6520e8c6,451e53ec3e12,
CUST103428,serial_abuser,320,ea3e2edfcb87,5f97b5819c7b,fe137e98d434,
CUST103429,occasional_returner,414,44eb5319bd0d,a4ad930ec5db,61206093e27c,
CUST103430,normal,1142,12117459c27b,2165a7b1d843,210604cda65f,
CUST103431,normal,72,cac50cd4fe44,4728c1621eb6,8bfffa62a9e3,
CUST103432,ring_member,44,f7528afc0c47,b7b0f092cf6d,ee5354e78ab8,RING18
CUST103433,normal,812,d96a42a43001,a519ea223b04,2c2f7bd59df5,
CUST103434,normal,339,5d2fe606ec76,8f8af1ca0a8b,f265e6615a64,
CUST103435,normal,1247,bd9bf7b816f7,40b4247e1b56,c5d0f329bf76,
CUST103436,normal,1129,ec86396ce466,e3e859b38aee,613ae5107c6f,
CUST103437,normal,1154,c38835117be9,a47cd027fcf0,ee3b9dee31c3,
CUST103438,normal,688,bc52e4e6bc87,94fad55ab6b7,4b8d2e910fce,
CUST103439,normal,659,32649508552a,c08e7e6172f2,9b7a7420770b,
CUST103440,normal,641,29597b7c0c04,a39f18c28a9b,fc74eff0afce,
CUST103441,normal,298,fe375b2c1970,58fe8d1a7494,e319d39282cf,
CUST103442,normal,853,1e0cceef5eb5,d666aec1f337,4f52b2bbab4a,
CUST103443,normal,1295,6fecf26b05be,c6a5f13c07b0,2366cd88e3d2,
CUST103444,occasional_returner,388,64f5e1d21e03,2bb4815f7ecb,4b3a118e1e5e,
CUST103445,normal,89,497dc0912a75,17a82e6c8410,669d57160514,
CUST103446,normal,849,4738bb106fe0,dee55efa823b,ec334140674b,
CUST103447,occasional_returner,601,faa27dc56499,56d49244960e,72e85eb1642e,
CUST103448,normal,1197,013ea6408dfa,2571151442f1,b3f0f9db2869,
CUST103449,occasional_returner,1285,62b5854d9135,120a246251c4,d748ee2f65e0,
CUST103450,normal,1426,c00687c85008,8c45650558dc,6872316ae7d7,
CUST103451,normal,592,2159646c7830,0ca5f0791867,95ce61e2bae7,
CUST103452,normal,1353,a100dbcf4c2c,5055d08f67a5,8fdbf7b48560,
CUST103453,normal,181,a9451a15f9c5,79b21146ba1f,b7c1f489ddce,
CUST103454,ring_member,562,ef2a5ca81b4e,31c3a2fc79fe,0118e07837c9,RING47
CUST103455,occasional_returner,402,5cf0a11be0db,523665ed0c96,7bfb52c0d473,
CUST103456,serial_abuser,1385,85fdd473b245,abadd6c6a595,cac18e199d8c,
CUST103457,serial_abuser,902,04641d7aad56,f9252775347d,233ad2adf4d8,
CUST103458,normal,551,cab2416ca038,0e5622b42679,07c1a0fdccf0,
CUST103459,occasional_returner,232,387d5c7c4b93,60ff77738743,8965292f355c,
CUST103460,normal,1175,2f83979f61b1,7739b50d74f6,1f0e12d16a0d,
CUST103461,occasional_returner,984,1a41fffabe14,6af2eb633554,ada4d64836e9,
CUST103462,normal,1280,d8228106b8d3,b1016d3f297c,d4d32872a638,
CUST103463,normal,660,427018af9d6b,6d03ac71ff98,70ba57ab5785,
CUST103464,occasional_returner,229,cf3526fd4858,8275e14ce92b,6843f784a1f4,
CUST103465,occasional_returner,504,3ac8cbd80afa,12d2bdfe3e0f,8d5c60004f6c,
CUST103466,normal,932,784059febade,fee64c52f232,8c6da97a0db2,
CUST103467,normal,365,baa2d3e82cff,85fdf64599ea,cbe839c60008,
CUST103468,normal,110,7ed577e053bc,bc4024c29a7c,343e8255655a,
CUST103469,ring_member,1235,bec25273a196,58a390b7e2a5,17b799d67b54,RING6
CUST103470,normal,798,73d56ec9a254,edee16349ed8,61df15a1be0d,
CUST103471,normal,598,2e95bc943445,98f280b19094,7b0b5b446296,
CUST103472,normal,831,21b2a4a14e0c,49d66a4a040e,f8adf41f5c81,
CUST103473,normal,1109,fe224e06452c,a863fccf4f58,5f4b53014d4a,
CUST103474,normal,7,4664ffc780d6,817a57364638,93f38e54636d,
CUST103475,normal,663,498214951981,55e5a976e751,ef50758c69e0,
CUST103476,occasional_returner,385,0c2d37625d5a,0eebd34d4d95,b6d7e0917ee4,
CUST103477,serial_abuser,142,c5271d9df6cf,95d63b07c6c0,7b2ef7be9a5e,
CUST103478,serial_abuser,58,2bf1df0cb0b3,d11973183780,ee5f2f53a347,
CUST103479,normal,663,962d5106b2d7,e8184f555682,6f4f409e9dae,
CUST103480,normal,818,a25a94508faf,253495c84076,31ff3fad1078,
CUST103481,occasional_returner,763,f6290f05b053,8ebb8082ead7,4f382be7278c,
CUST103482,occasional_returner,1175,6992e7a52373,88eeb250ec42,c9f6191634fa,
CUST103483,normal,689,69912fe57e6c,070d0274ef7d,ecf5924a8aa0,
CUST103484,normal,886,d458fead57f4,882b896b8061,a3175ed9ece7,
CUST103485,occasional_returner,1225,35625dfc0a62,b69161019ebc,55a092c44e6a,
CUST103486,normal,987,a47415521d8d,e7d6c22601e4,49b498f35880,
CUST103487,occasional_returner,1366,b484fdae460f,cd7bbda47507,567507fdca50,
CUST103488,normal,336,b52646d1d9a7,14e98d2ea228,980c9281dc09,
CUST103489,normal,1181,922a6b550b8a,6182b4c05d68,ca0bcdc18636,
CUST103490,normal,1046,d5a5374a24d6,51fb1930cef7,5bccf099b781,
CUST103491,normal,876,d7171b6d4c3c,dfd093df4fb4,dbecb3872c4b,
CUST103492,occasional_returner,10,ff8d732020ce,5b8912abe8d9,67e618f861fc,
CUST103493,normal,814,1be5206da26b,a5085cab3352,ef4793fb2500,
CUST103494,normal,1288,5f0fc301b7c6,7aca3a0257ef,d9d71a7a2d17,
CUST103495,occasional_returner,968,c485970daa97,e6ce4e5786b4,992f3025c582,
CUST103496,occasional_returner,12,cb27b8c3dda8,cd943d49e4ea,c2a6868ddfbf,
CUST103497,occasional_returner,435,7c63fb9e7e5a,770e0c3a286a,5647e44e19eb,
CUST103498,normal,856,2b762bf2f6e5,2eaad6d19640,d0bf75a52832,
CUST103499,occasional_returner,1218,bd8f9fc5f874,d861980e859c,ff70a5542ed0,
CUST103500,normal,670,ca81946ca753,59302484e06b,9ffebe9ba336,
CUST103501,normal,1285,ec977bb8c31c,66e6edbacfc2,bd16e3a4cbb3,
CUST103502,normal,1194,76db4318c3dd,a40a90d4b9e0,b0ee8947ceb6,
CUST103503,normal,404,422bd9cab294,ccd706dee975,24848033cd18,
CUST103504,occasional_returner,296,d59c9bf42813,08538dcf68d8,efbc21d492e8,
CUST103505,normal,1354,d0e7cc1427e9,50934e1c46ff,3986dfd2a621,
CUST103506,normal,885,dfb1f0652e7b,4625a6590fb8,b248b06958bb,
CUST103507,occasional_returner,1273,6dd8272c76a3,7d4c5d499422,87b195f9813b,
CUST103508,normal,1383,a6cee940228e,4598f12a2498,4b635d1daf72,
CUST103509,normal,639,43ec41de8f93,cb7b4fffd5d8,1a76ef76cfa5,
CUST103510,ring_member,73,bdb506085825,c6633f767c66,89b6ccf0bfec,RING5
CUST103511,occasional_returner,1363,8f4b62d17ad8,0ea1ab9c0e5a,7dbfde870459,
CUST103512,ring_member,877,9b9ecb050cd2,b7afc10b9b45,a437e46f1f9b,RING29
CUST103513,ring_member,185,fa10c2eca581,ddffafc2f9aa,93a2bf17890f,RING7
CUST103514,serial_abuser,797,4cbaa23b8f5f,a347f439b847,446e6954f6ed,
CUST103515,occasional_returner,46,ed09e0de1c9c,d98965e8b9ee,4b2e7d253812,
CUST103516,normal,438,f0c4ad5decfc,48c91b6bca40,90586cd00b83,
CUST103517,normal,525,5a2701d5d860,eafa86e36230,fd0f861400ed,
CUST103518,normal,684,64307b6b617c,95818834eb4a,466ef8029b13,
CUST103519,occasional_returner,850,aa5e33053cda,c0f09af8fe1d,7bfc838f5a02,
CUST103520,normal,1259,ec034cd62861,23966fd99e40,9cbaab2ffe6a,
CUST103521,occasional_returner,530,9ed1c889577d,30e187ef8309,fe37eb4c309a,
CUST103522,normal,1104,50ae4e605aa0,6fadcc8b5961,c18954e63586,
CUST103523,normal,1413,956009011cfd,b635c9e59703,d24b797b040e,
CUST103524,normal,1124,f1cd30c77f80,fdd9877af0fc,daceb9f81760,
CUST103525,normal,385,3fcfc22ab9f0,3968adf87830,225269ac8e68,
CUST103526,normal,1018,303759fb1c7c,08fb164f60a6,cc1a90b6aa4e,
CUST103527,normal,425,9e10eb9694cd,d35bac9ad2bd,e3aa4b55c8c5,
CUST103528,occasional_returner,719,1116bd36ce00,8d70e94e49d9,d89f2aaf63c8,
CUST103529,normal,954,cd7ab3e21af3,252ef8001131,0787ef9c2a1c,
CUST103530,normal,443,a26751fd5e9e,acea1a163f40,e3e9a2f68243,
CUST103531,normal,10,83fa93d30814,dede0dc389da,4605d8052bb2,
CUST103532,normal,1256,75a6ddcd65db,ad72a77a7a22,14331bb5b0a4,
CUST103533,normal,1092,1ceab4030f49,0b8c54037d50,dacca426bae6,
CUST103534,occasional_returner,189,f35d3d976a17,70c778d6b7ce,eccebebe9611,
CUST103535,occasional_returner,569,a6c4d0fd8881,3e60c76ffc11,61d24663c07a,
CUST103536,normal,396,99085d577568,1eac69685461,dcdc4114169d,
CUST103537,normal,1466,1dcfe9c5fdb9,a70fa47639f5,129d1cb236d2,
CUST103538,normal,1413,e295e86a7ba9,e1c8e36c2778,377ef2eeff3a,
CUST103539,normal,1038,7662fad50244,dce46b421347,01a1bf7e3aac,
CUST103540,serial_abuser,663,b57461853ac9,05ffae688bdd,0a58bff54ed1,
CUST103541,normal,83,58cecd989005,5a82626aeff6,171fa89b6485,
CUST103542,serial_abuser,374,0bccd273645b,b06427d7f0b5,8638b8f31532,
CUST103543,normal,143,c1942934a8c2,64f1bcf32ba8,c205b4de561e,
CUST103544,normal,1185,06767055baec,cd671ab7d6fb,bf97ad8eb507,
CUST103545,normal,136,ecbec4b66fde,fdee044ac758,7365587f7bec,
CUST103546,normal,1017,3c0a7c4e857d,5ca653f2c142,558fcac8c33e,
CUST103547,ring_member,1429,ef2a5ca81b4e,55fac87fe3f0,1b92c4641098,RING47
CUST103548,normal,465,998d96756a7c,d3c78ad98503,4aeaa2fd7290,
CUST103549,occasional_returner,1027,5d196b99a530,51352e8e7bfd,765e1728bf15,
CUST103550,occasional_returner,1319,00bd104914a5,d992bd5ecac1,3cf8aeaabdf2,
CUST103551,normal,644,e6c405570c73,4d986fa8e058,e3707f18e4de,
CUST103552,normal,676,c7e3fb8ff9e5,f6635d3a7f61,3414136b65db,
CUST103553,normal,304,fc50b80e355f,d73dbd51658b,31feccb5c3f1,
CUST103554,normal,644,d07b4ab91d1b,353f1d414e31,5fdaca4ff249,
CUST103555,occasional_returner,1311,d12b8ce81e1c,1e9192975e19,67acdab7b2f7,
CUST103556,normal,996,502e6214b815,451d6aad8546,cc321030bfe7,
CUST103557,serial_abuser,306,b9d6da049314,a23da4ed5585,e1f024897e94,
CUST103558,normal,792,c86e37dc988c,d61fc966a5cb,74bfb98d9e40,
CUST103559,normal,1061,8bfc7053ca52,b0469f75968f,2f46c4654cd9,
CUST103560,occasional_returner,120,94ee9da05c52,c48584aae5cd,8bde36ba8908,
CUST103561,normal,1146,cb8fc6b8ab92,b990d783158a,4d59c242ffbb,
CUST103562,serial_abuser,305,c43ca1f5800d,968c9833bdfc,b114107942c6,
CUST103563,normal,445,a5e0a07113e2,bd6728a62506,857725572666,
CUST103564,ring_member,627,b1b7de0a8067,aa1211370d17,b6009da06041,RING21
CUST103565,occasional_returner,759,4b96602e4ac1,932c4d78e8d3,4cea25d51439,
CUST103566,occasional_returner,1374,bf2761473ab1,ff975019626e,cf33ce1886a9,
CUST103567,normal,338,3ef59e68f74f,239d32a37bd4,ea57760c6d3a,
CUST103568,occasional_returner,387,b10453fd270a,d73cbdf49f1f,e53443fa69c5,
CUST103569,normal,571,b5ee03020b76,4ffc70c6e01a,7451683cd1a2,
CUST103570,occasional_returner,1286,76d716852108,1fe550be2a05,9a8253810c25,
CUST103571,normal,1447,427747e9ea9b,ff466092c51c,69ee2af0168d,
CUST103572,normal,684,ea3bd2de336a,fe020db44c7c,173f3dad4f40,
CUST103573,normal,1041,3fd9ef732ac5,342ddd481174,27c5743dd55f,
CUST103574,normal,1376,03b258f6fbf2,6e1256ffaba4,56e69c6e9311,
CUST103575,normal,1270,1c72dde0c29c,8f63352f59c3,3607eb432dd0,
CUST103576,occasional_returner,1023,a723e39b52a0,e9e16e4cf0be,0d65f91ba396,
CUST103577,normal,813,5fc34bea96a8,d6f9ad2b45a6,58a858627134,
CUST103578,occasional_returner,1476,4d73e3e4c8c1,4e08a99a7eea,5433d2895802,
CUST103579,normal,362,af75699e3ca4,ada90dbf0990,11973a4664ff,
CUST103580,occasional_returner,547,7098c1c6076b,7d8f9c02d505,07a7a8d7f3a7,
CUST103581,occasional_returner,1070,a23b6dd04606,870bdf5d56c6,3deea77fdbc6,
CUST103582,normal,36,b52c87f864a2,aab0194cd81f,c0c1a22bc313,
CUST103583,occasional_returner,753,7b466d0ecc15,359fb8ef1488,57b3c71be62d,
CUST103584,serial_abuser,1282,b8f4355e989f,7a29a7289d0d,8e6dadf1ccb2,
CUST103585,occasional_returner,269,eda022282f70,eb487b3cf124,85aea5098e80,
CUST103586,normal,1205,65905f834747,7a08de3a88e1,0e74ae2e42e1,
CUST103587,normal,621,6d82f9618dd2,242a7d5db7e0,7d7b0c0d9e23,
CUST103588,occasional_returner,1291,8b84e2e6fb8f,2ea92915a9aa,bc5ddd0fd644,
CUST103589,normal,954,5ef919e852ce,bb33b2d01527,665b1f695d28,
CUST103590,occasional_returner,239,cbfd8d24e5a0,1b138c47987d,0b95c0ae1700,
CUST103591,normal,1104,077ce9702952,ef39221ee89c,da2b1b78268d,
CUST103592,occasional_returner,88,8839d74f19f6,149b1f3f568b,6870adaa06cd,
CUST103593,normal,368,66770b3740c8,83a9d82a12d8,972c97581718,
CUST103594,normal,1333,aca191991b88,658a488110a2,4a0ef00c11ee,
CUST103595,ring_member,1314,f03dd9c2d13f,f3927aed503c,d0388a77a545,RING41
CUST103596,occasional_returner,74,adc53a20de89,01fd8964f34c,a618319058b7,
CUST103597,serial_abuser,572,6a33e750f686,30fe7a25210c,4cef9b4093fc,
CUST103598,ring_member,145,82470c2af0ff,6d69353d01fa,4d8ef8a39a1c,RING22
CUST103599,normal,410,1c3ea85500f2,da35728b3cdc,b12b4ebc9296,
CUST103600,normal,1451,f4badd58b01a,131f68329546,1f5891d4c1ef,
CUST103601,normal,296,f78530d1e0ff,a21512a0fb3b,b33bf11e5fec,
CUST103602,normal,963,6ad8725849cb,796afd5b3bf3,61508d94e6ac,
CUST103603,normal,1207,3707996a2139,8363e361e336,3b5469b265ef,
CUST103604,serial_abuser,1322,8b0451235643,9a8751ecefde,bd450f12724e,
CUST103605,normal,534,1d685de6311e,29c0c804d558,b9872c47adbb,
CUST103606,normal,1046,58f9a2081404,386a158491f4,081a5ccd4fd6,
CUST103607,normal,727,01f4456574c3,b7ee2928ad42,389117f642c7,
CUST103608,normal,165,ee8abbaf3a57,593226b0d47f,b5783b7798af,
CUST103609,normal,338,ce180cf570cf,a29e97e94f36,4d735d7ef761,
CUST103610,normal,1123,b9074654af02,bb7d2ec59bf6,48c70da59145,
CUST103611,normal,1030,14c1d3dbc6e3,05b97fecdb81,9d0177745979,
CUST103612,normal,784,c5a08e75d518,a30208a3485d,578dadf909d2,
CUST103613,serial_abuser,1172,b3d3a813c689,9ba9be26b540,a675b1a1b0de,
CUST103614,normal,1038,04a469991282,9dd4ad0fac13,0dc5b614497d,
CUST103615,normal,512,e4e4707014eb,396d302302ec,d378eb757393,
CUST103616,normal,444,d3af50ef635d,e787c99423c3,2889ff2b7a59,
CUST103617,normal,1417,27b65d84b146,ec4d0662e642,f785ec01086b,
CUST103618,normal,1457,7417aace8c84,ddd88907bbd8,b06782d4228e,
CUST103619,ring_member,50,e2f6f01b75cf,c03ab4370860,0c6c05517ce5,RING35
CUST103620,normal,1187,4faf2d465e24,f638c94ca6d5,c03b60942e6a,
CUST103621,normal,203,76ee2e3589f5,908540b4ebf6,0e81414ddeef,
CUST103622,normal,1292,1894c9c184eb,c49d8d8f9874,05775a405542,
CUST103623,occasional_returner,885,afa920ce77fe,d96ca8cb5795,3fe5f3c9c167,
CUST103624,normal,1033,04ee750d2a91,184f83ab960c,65fab851ac3f,
CUST103625,normal,1053,c8c9004ce57d,fb0d65f0edc6,971ed1715f21,
CUST103626,serial_abuser,909,f1f0a2a569be,139d6864b674,8e02c4dc955b,
CUST103627,normal,379,49f4df084c58,06eb5e3f8961,0ef4726ad2df,
CUST103628,normal,1211,25942f30d880,d78e13162a6c,82048ecf6337,
CUST103629,normal,833,0ef148d1aaf9,8a2c462e2075,35d12c019835,
CUST103630,normal,819,e46451c1b6ac,40de83a94bfc,78a825bae37d,
CUST103631,ring_member,480,62bf2298a80b,6e7f51759425,1508ccb0bc05,RING13
CUST103632,normal,20,46d50ddddf9b,fcfdf5000ac3,a1596ca2265c,
CUST103633,normal,833,c149f7124a5a,2473b0a4825f,d302d1623c50,
CUST103634,normal,520,fd3a6eaca829,8493ce6198e6,63489ac7614d,
CUST103635,normal,990,8a3e09849d1d,5590b4b84a33,061fbd915846,
CUST103636,occasional_returner,549,20d37622fdd7,8d6556b3ae58,60fad7fe73c8,
CUST103637,normal,1459,e5b3be8d847f,f934a31a2edc,df353fcf8468,
CUST103638,occasional_returner,1022,307ba7cfd9af,6129149ea5bd,78a5d6f83d63,
CUST103639,normal,686,46647d30e488,7411935ad554,690bc545d243,
CUST103640,normal,1063,a88101b6ef85,a7ed836d876c,37684d8594fb,
CUST103641,normal,974,f24da976a66e,6430c1fbc6f5,1679b993902f,
CUST103642,occasional_returner,932,80e22cc998a5,96cc998bd0de,98ab9a7cc46c,
CUST103643,normal,869,7f351b006e81,2abe1451aef9,c6ab88ee1265,
CUST103644,normal,1398,6c14ee06d293,9127495c36c0,b8af9cbb77f1,
CUST103645,occasional_returner,479,62e9259e4b9b,1797846e65b2,dc260e280a39,
CUST103646,normal,651,3cdec5fb6952,a1d5076e8767,60fadc8024b1,
CUST103647,normal,383,943d65692839,00e9ffe94da2,7c0930fc713d,
CUST103648,normal,856,ccaadd8dfba2,b4723f5b7bc6,df2d990df3f8,
CUST103649,occasional_returner,1481,808dbda2ce49,48decf0298cb,2235b776718a,
CUST103650,normal,914,5179a97139f3,bdfe097204af,f63bf5dd9de3,
CUST103651,normal,314,6812b67cc1b0,fb1f533a6728,ab98d92a5fce,
CUST103652,normal,1382,a0619b51a421,6bb254dc8aec,73f09d9495c2,
CUST103653,normal,1186,47e070c83d1e,1c74efc9bfd0,5a8120730e89,
CUST103654,normal,662,70e95f76825c,30332b790ce0,72f09ed83a99,
CUST103655,normal,224,2eb59fcd6287,80921d3e6afd,9feade498c0c,
CUST103656,normal,606,c76ab5fbbaa8,b0b895c6d725,81713d8b130c,
CUST103657,normal,1207,daa5aaa12070,3b9ebd47fc7a,68db151b39ca,
CUST103658,occasional_returner,867,d274cbc0bcc9,022ad3ddaf4a,5dfda223361e,
CUST103659,normal,282,8843b3e8e97d,137e159c93b2,6e3f85d6af35,
CUST103660,normal,242,a3306770067e,7c45a2385db4,5b5008623437,
CUST103661,serial_abuser,1450,c526ea96937f,e1ae7494f047,562d01e4f80f,
CUST103662,serial_abuser,673,9d9f7e7f57a8,c103c5b26d06,1c93887b611f,
CUST103663,normal,1030,c22f85b96e3a,47e675464387,e58fc3dcfe9a,
CUST103664,normal,544,139ffcd0324f,f8916d10d9fc,4af6b2735165,
CUST103665,normal,139,a584162c1c2c,c8fe3436b5ef,069b5628cd61,
CUST103666,normal,620,42605e5c7e2b,29cee9942296,eec365e61bca,
CUST103667,normal,1041,00ec220f47bd,4810df27614c,88c1d4e01862,
CUST103668,normal,503,d7087945a2b2,03ede07ffd0e,f143de58370b,
CUST103669,normal,907,1eafe2a4f99b,a77472018c76,33a5680799f0,
CUST103670,normal,659,08fe4b9819d1,e0b232dfa389,199d00703d3d,
CUST103671,normal,509,9da8a8e2fa03,43a29ab34828,56de5f276fee,
CUST103672,normal,386,09f5933b4bd7,b513c300d0dd,8c18e14c55f5,
CUST103673,normal,394,4ec21d3018ba,361afcfd3f8a,9b052ea24ced,
CUST103674,occasional_returner,387,f6e8863b28e5,70f9fe3612fe,b71e109ac6f8,
CUST103675,occasional_returner,1079,efa9cff417b9,9b61244902d7,9cb0678cc2f8,
CUST103676,normal,509,8e9a0e4c8b09,ae59f66ff979,c303a4faaa02,
CUST103677,normal,1113,8e0273512c76,65d0ff02d7d3,43d24a2373b5,
CUST103678,normal,470,c2c043c5743c,1a30d62c888d,f3c02306fb9e,
CUST103679,normal,494,b77424a23b63,21af898dd045,8bf3e3b8e83b,
CUST103680,occasional_returner,1386,2f371ac15d2b,5c6eca57c026,8a280b0975da,
CUST103681,normal,1314,62401aca82d3,701ac10cc897,ef08fe2fe636,
CUST103682,normal,604,793572060402,67ba52edf1f3,5c31de1f97e5,
CUST103683,normal,406,41610f29fec9,94d2484521f0,2c27d52c4ca0,
CUST103684,normal,1074,f61e7ca7928e,79955bc404b7,880adde9eef0,
CUST103685,normal,109,4a8f6cedc4ca,2d819d763894,a6ca23508373,
CUST103686,normal,687,b8b84beaca4f,3e86e6b5c961,4a494b082ebe,
CUST103687,ring_member,901,102cad8402fa,2395f5153d24,12e9ebd3c3c5,RING37
CUST103688,normal,1015,0d5ae5365185,9ec68e9bf0e4,161ab0d9c635,
CUST103689,normal,165,227f36d1fe7a,c361ce4e3636,60db9dfde488,
CUST103690,normal,9,f088391965ea,22aaa2f5c890,4de1e3e3faf0,
CUST103691,normal,418,c5bd37308571,0b5cca33faaf,91c3d041ea36,
CUST103692,normal,183,7b0d8e47fd76,8155999a721a,c2ac33ffa847,
CUST103693,normal,763,fd81094d93fb,48b4c3b38192,b9c4b2c81e4a,
CUST103694,occasional_returner,1379,ab8e6602cbc6,fc3f5932418e,7a7fb95099ef,
CUST103695,normal,433,57b0147c8546,39238ee35de1,ce1c4819c31b,
CUST103696,normal,683,10f0370f0179,1da0d4a083b4,ba849584082c,
CUST103697,normal,326,4505368ffb5e,010f97fc37fd,ab899e414c81,
CUST103698,normal,70,1a6e395bd2c1,4d9281adaa60,021fdf786b77,
CUST103699,normal,1056,0b3593bb5f1a,7dec3bb35aa7,5f1bd420abf4,
CUST103700,serial_abuser,388,85380069b76d,6e5449645fcb,d7e13a5b1710,
CUST103701,normal,822,7825458cb2e7,deb30467b8e0,66286da2adab,
CUST103702,normal,1026,0a00371c2315,337565a7e834,bdf290416660,
CUST103703,normal,1260,7a69398225a5,6be1a13b442e,2e803773d06f,
CUST103704,normal,282,47976945765c,7b3911a2ba13,10b9470219a3,
CUST103705,normal,873,eec91354c3b8,71c4c54ffa61,73d4aab5ec2f,
CUST103706,normal,1366,45370f3d30a9,8b300dcad724,879dda84437d,
CUST103707,normal,727,b296b9337462,4489eeaa582a,329d6a2f1a97,
CUST103708,normal,65,6960c5f90d4e,36201a170121,ec5a8d1feebe,
CUST103709,occasional_returner,395,5e1e7ff1f719,d06db8b9711a,e937cfe058c8,
CUST103710,occasional_returner,1193,7ef82eddd558,32c329041c4f,0dec6d458fc3,
CUST103711,occasional_returner,1189,a6bee27c10f8,0ba1042fbe5e,5158979068fb,
CUST103712,ring_member,475,ae245418ee35,370724509a4f,1eb384fb9c80,RING39
CUST103713,occasional_returner,299,03397635eed5,408340f46529,3c3d58e47259,
CUST103714,occasional_returner,441,8cd297965d07,299e4a800304,a5bf3b3ad778,
CUST103715,occasional_returner,367,fdfa59af5569,e688947f91ae,de1dbddd3d2a,
CUST103716,occasional_returner,1112,04a8c8b5adbc,45555b4f05a3,8505c01d2e45,
CUST103717,occasional_returner,1263,97b5b29694ab,6ee0f9f10648,831e875e8f08,
CUST103718,serial_abuser,74,16cc00fcfb9c,fb2cdebd6d60,aa8cc5086a87,
CUST103719,normal,1113,dbf0c6a05502,5586b8bdd818,e85465f36edb,
CUST103720,normal,1129,60d795525471,352d6d40ae89,5184c2f3ff5a,
CUST103721,normal,921,948a42a80c9a,8f45626bf890,ab568089b79a,
CUST103722,occasional_returner,1307,07b2e6b54cc9,0010954f1661,cbfb26966cfc,
CUST103723,normal,63,03d5bc4d817e,84f54787bc00,b79bd4d0cf7f,
CUST103724,occasional_returner,1051,4c17552f0c19,0122a5fab009,530dd0b0a5ad,
CUST103725,occasional_returner,195,1fc02932ac0c,df6b94b514ed,3853d44f5323,
CUST103726,ring_member,1346,d38e92385341,ffbf7be94ca3,93a2bf17890f,RING7
CUST103727,normal,752,258a910a549f,da9feac5f49a,ee43f841d190,
CUST103728,occasional_returner,140,2648f18e5812,81bde8d814f9,1202d0fb1454,
CUST103729,occasional_returner,1120,cbddff63eb0d,1ccbb3513bfa,ea944f9c9cee,
CUST103730,serial_abuser,1125,b8260f833bc2,922f98f82412,1c08a214bfc8,
CUST103731,serial_abuser,698,281211e6342f,af3f417544eb,1f93f1879eac,
CUST103732,normal,469,5d95cbd21488,8652dde9263d,59a928acfa5f,
CUST103733,normal,30,0fa0c56a3474,4bc37f17caaa,c212fa2e7812,
CUST103734,normal,1362,8e80fe0a82e4,00233b7cb4e8,f20e05cb2f11,
CUST103735,ring_member,280,29f7521a721b,8cac87f73980,5a01c0325f38,RING48
CUST103736,normal,1264,114118f5f338,b75dfe1175db,9683c8f32f09,
CUST103737,occasional_returner,885,085d291d7458,343884d26a7f,82113712d879,
CUST103738,occasional_returner,1029,2c564a4b096f,0760adaba499,a3ed74afa8e6,
CUST103739,normal,1042,939b245cc200,8d97e337b055,c5f0b6245332,
CUST103740,normal,1287,df976f636bcf,c2bc3d68afea,98528c1ff54f,
CUST103741,normal,54,40c32a1dae5a,00d039d0811f,834d45a8d767,
CUST103742,occasional_returner,1486,c2e5985c3c3c,3a23d7e0997d,66c9cac841b3,
CUST103743,normal,69,17c8e0d6e3db,e40eaa1d49f3,b75e2f7616b4,
CUST103744,normal,1498,950dc0f7c959,255b046d3784,8b57a862d30b,
CUST103745,occasional_returner,395,384722c3c561,8d342ab4dc7a,1997e843468b,
CUST103746,normal,1269,f278cc8afa70,0a7ffeecaf9d,c3b5408c01dc,
CUST103747,occasional_returner,129,06bd9943ec8c,ff6e5b5870b2,b09125f4c287,
CUST103748,normal,694,edaa64468031,55079425134e,7d3761f895b9,
CUST103749,normal,815,ad7d4361a0e2,2289fbe7fb46,073310a3ed8c,
CUST103750,normal,1431,f39d2e24729b,2d4cf9b3b93c,26dc9ddadeb1,
CUST103751,normal,189,62d3d80c66c5,a32d6a53d000,36791e9ff89f,
CUST103752,normal,59,f42aae93a316,897f2f790fb0,31c6723701f9,
CUST103753,occasional_returner,974,fb8ad030cd9d,6d1996806b89,e2df6f3935a7,
CUST103754,normal,78,c16e8bfc9117,fb88e7c7f841,84fd359b52b4,
CUST103755,normal,1166,bd471857d8af,020aa597db7b,e0a5f7f281b7,
CUST103756,normal,62,1531104e7f6c,3fe4c45fb02e,9031526c9fbd,
CUST103757,normal,1455,f000dd54e5a9,4abf9805fb9f,436cd7b3df7b,
CUST103758,serial_abuser,801,c8b6e89eccb9,4bb392eb365e,d1e0204000d2,
CUST103759,normal,1422,6a8252df6371,862409f07a2c,fdd44cc56ca4,
CUST103760,ring_member,194,3213b353e5f5,2fce563ccf53,7c60b01fa6b8,RING14
CUST103761,normal,413,a53242eef6ae,131a20efda11,03ce7329a5f2,
CUST103762,normal,685,8696ff08b7f4,57bb98572f6c,ef07f65af993,
CUST103763,normal,48,2516ee55b279,9c6e8e833a0c,f3442bfc1329,
CUST103764,normal,158,d28acc19af28,4f7fc9281243,f8cd6419eb0d,
CUST103765,occasional_returner,497,2f26ac131c10,c7ff5d48885e,06c3ed6aca56,
CUST103766,normal,1106,04b89b75758c,ade16ead5fac,d9c3a3262d75,
CUST103767,normal,1064,926c0eb8ac1e,61de5426570d,d1a1a5b2c22d,
CUST103768,normal,134,492215ba38bb,47c5108133fb,9bf2d97a355e,
CUST103769,normal,94,0ec61491ba8f,6829b201e8a3,3b6ecf5c54b3,
CUST103770,serial_abuser,985,d27abe017617,6592b3123dfe,8f48ea3f72df,
CUST103771,ring_member,542,1d38fc9d9075,a7f21e2884a2,e842f5930d91,RING11
CUST103772,normal,1189,3586952e893a,49416f8a9ff9,977af9b9a787,
CUST103773,occasional_returner,450,87fa486f4a20,9bc2d396defb,6192eb89e42a,
CUST103774,occasional_returner,547,db37ff9a48f8,c2ab18ba2a1e,411776b38fff,
CUST103775,normal,332,c48908163b0a,b968c63b652c,69e4f15c15f8,
CUST103776,occasional_returner,403,236e02fefb9a,2337e68deafc,395c81f00ccf,
CUST103777,normal,1060,324557762118,2f92008e18bd,0e7b97f95e35,
CUST103778,occasional_returner,709,14b27da1805d,61bdff115b38,018a98a6f625,
CUST103779,ring_member,990,70563dd9c8c1,310c643c23a6,1c92bfecac16,RING26
CUST103780,normal,122,937ddf86fb29,d45de3908304,c582092fa5d7,
CUST103781,occasional_returner,805,6ec546d22de1,c97ac2fa3d29,23f83c440727,
CUST103782,serial_abuser,690,4e5408ffac87,af8273b3d661,62e69cbf5b2f,
CUST103783,normal,1366,8436c32e28fa,93332625e73c,3baaa3f78e3a,
CUST103784,normal,638,d4c9b11ed53e,435ac2016b88,5411e8096124,
CUST103785,serial_abuser,159,ba9e4328112e,c8737c2fdcf5,254194c39f2a,
CUST103786,ring_member,1047,14ddb06875b3,35a47ecbb2d4,3f4d223e4185,RING28
CUST103787,normal,228,5836bb1d75ab,811a39a33636,0961ea2bdab0,
CUST103788,normal,1364,cb4ed0fc45f8,c49e2fbddaa9,f35f6db8052b,
CUST103789,normal,578,ea356c2e537e,c0d0c5a7d348,ed171abe7c98,
CUST103790,normal,1177,43c2468f2946,0b9f63e27cdc,145e9e091fb5,
CUST103791,normal,985,c2589778fa9c,1aeabbf4853d,68bc69b1fb07,
CUST103792,normal,699,31c2cf7a77df,12caac68e36b,8c5bd830ed96,
CUST103793,normal,878,8f72b7c5a576,cb0ab8de6648,c271aa3507a8,
CUST103794,normal,278,1c3bbe90cd0f,1cb382fc92b3,c8d4e53e6a3e,
CUST103795,normal,115,6bc3c738e1dd,32dcc2b7948f,1e1ab7592595,
CUST103796,normal,1150,e3420b589eb4,122e2137fe61,48925adaaba5,
CUST103797,occasional_returner,1437,725d6a422acb,d2a683d1140c,5f3e8afbb135,
CUST103798,normal,1293,30a0c02a8b75,8876ff125e8f,717755b0f335,
CUST103799,normal,461,4e24816caefa,f73d76082f64,e5e24c14810d,
CUST103800,normal,540,ccb01cf1606d,0db995e27085,1540745999ed,
CUST103801,normal,541,774ba3f06869,0ed59e6bba42,d8cbf6abd7d8,
CUST103802,normal,1055,56d38d23f466,b824be5d6c1b,f96121efd2ea,
CUST103803,normal,937,c935bfbdc5b6,6eea0f329615,173bafefdb93,
CUST103804,normal,1195,b6e7673b90c2,ff05d0ce7fad,9976e13392f5,
CUST103805,normal,1418,91301dd688aa,9259a46e42e4,d3088d513878,
CUST103806,normal,591,938559b0afbe,0211bf57a780,57dd0dfdfe92,
CUST103807,normal,995,218890c2f846,48fef7a52086,5087a0aa29cb,
CUST103808,serial_abuser,753,a0858608b024,72026afc3f32,7322a6bbfd80,
CUST103809,occasional_returner,1432,b2043b636b1b,5ad6049fc5fd,1135b656209a,
CUST103810,normal,534,bcdbef36b0fa,d14f54fe569e,7b0186d6614c,
CUST103811,normal,285,d0e4e275f564,09e554821e24,8f547bd9f0a4,
CUST103812,normal,571,d3199be45101,69bcc1c83746,b275cc97789d,
CUST103813,normal,930,6cf7aa8f3abd,ace1d74ee412,1753e6354747,
CUST103814,normal,1430,dcd57486acdc,50dd2ff16942,a8d26d8f57b2,
CUST103815,normal,1244,1a9103c9c176,a0e27d8d27ef,fb6b3ec9f1ff,
CUST103816,normal,32,a0a8d8edb319,53d0cb652a55,07e8f91bb5ed,
CUST103817,normal,765,70f808b37399,80076dd244f0,7936b780b65e,
CUST103818,normal,242,d1a6cca22268,9540dbcf4573,40418f6c859e,
CUST103819,occasional_returner,546,6342f24f5618,6cb51bff9377,f511dcf305d9,
CUST103820,occasional_returner,1416,caf264ab2467,f7783cbc8fb4,39c24c125b24,
CUST103821,normal,1477,97a73cc77224,f909c70bb744,f0e154711c73,
CUST103822,normal,234,3a28ab5b0a91,76cf7fc5ece8,5e76f146d721,
CUST103823,normal,215,aeebc647d905,4c69c02866ef,98af613f8b5f,
CUST103824,occasional_returner,1045,9cd1c8229aa0,f3331c105233,cd18376e7b7f,
CUST103825,normal,619,e8aaad8b4a9d,0572c665770a,501e2a90e6bb,
CUST103826,normal,652,14613b225a10,d14bc70f02b0,d7ed9d68e8f9,
CUST103827,normal,1310,130bd29aec64,80113130cdea,a339bea3d41f,
CUST103828,serial_abuser,1381,bbbbe0530272,f10c21ddfea7,35e98bb4ceb6,
CUST103829,normal,1351,fb26b052ac19,cc7ed11c32a3,3cec60eb5fb5,
CUST103830,normal,1175,93319ffbdaec,d80a26b1b5da,6773f63456f1,
CUST103831,normal,1470,b16eba0aa2e1,4250d88a2f98,393a2c466037,
CUST103832,normal,1081,e286b0ff37e6,cf022b419ea6,31e40ef9667a,
CUST103833,normal,1327,07aad56f4404,90f9bec315af,5975c2727811,
CUST103834,normal,812,e00d98d2f287,4571af309463,716b63889c9b,
CUST103835,normal,81,4c0850fca219,ca085b389187,2b82bf394c13,
CUST103836,normal,1225,2d30687bc22c,6fddccedcc69,5fa06fa5f660,
CUST103837,normal,1395,8a13e1f0e380,2eadc6c59733,f3f00cd4945a,
CUST103838,occasional_returner,471,96b307764b06,8eaee5eb379e,82e5890b953a,
CUST103839,normal,645,42eecd6cb4eb,f102b5717893,a061e6fd81d3,
CUST103840,normal,860,8169860d4e6d,edaf9ff17180,1a9f4c71f95d,
CUST103841,normal,979,7abd7b890d3d,81d241343b16,f0abc8eb228b,
CUST103842,normal,1013,9e48ea7fb320,0439560d3b66,150db7c4cd3f,
CUST103843,normal,594,47cf3e1b13e1,3c355c15f800,e9232ff02ea4,
CUST103844,ring_member,1282,843f0624a3a5,1a6d677e3b14,f1b1d70a5ab4,RING32
CUST103845,normal,1221,89b7c8259f07,1133ccf95770,135a9950afe0,
CUST103846,occasional_returner,1413,fd34efe67cd4,be80dd988bda,b31a4ed456ba,
CUST103847,occasional_returner,865,7f9d115825da,20c07c694213,1ce8394e4cf7,
CUST103848,normal,120,9cbd8f37a61e,f83c8f9d47c5,bf94857c49fe,
CUST103849,normal,1269,161760d46d78,c68d77f4c8b2,349c879104cb,
CUST103850,normal,123,13e2bfa3f003,0fee257cc07f,539de8c241f6,
CUST103851,normal,294,bc574ecf1c6a,644198cd2a17,a25136fc0f69,
CUST103852,normal,431,f37269a28944,bc42e6564f10,9e78ece6a47d,
CUST103853,normal,281,35adb83f9324,facadb45dec9,51fce2c33dc4,
CUST103854,normal,1086,7128ff4d9cbc,8dc4c017c9b8,0c4a8ceafd61,
CUST103855,normal,663,d70a9cf93d25,f345d34b9d38,09ba414facb4,
CUST103856,occasional_returner,332,7a3db628ef60,38622eb6f88d,b7e78db741ca,
CUST103857,normal,12,8c64210183d8,ac8584166825,407a89866fb4,
CUST103858,occasional_returner,328,1435745e0f86,aefc4af48118,b9a7d0edae89,
CUST103859,normal,1040,daa7d9186e87,0f1e3bb91424,383000cd752b,
CUST103860,normal,1192,9aa66fa5a643,dfcc3bbe08de,6332d0b2811b,
CUST103861,normal,447,84fbb9237c0f,984c154e39c7,0c6295f86bde,
CUST103862,normal,114,d4ae14e4ec06,c6f48c35891e,b029f26433a1,
CUST103863,normal,838,f84abc7c1b43,e3cb5569edff,52077e11e211,
CUST103864,serial_abuser,1175,a1b97b166008,4265855d29b8,d84fd33a1de2,
CUST103865,normal,109,736701871ecc,cfdc848aaaa9,7edf46483c6b,
CUST103866,normal,1194,c52a4a3222c0,edaf9ff17180,1a9f4c71f95d,
CUST103867,normal,260,b895a1af8354,231da14ad280,cd5e3e045551,
CUST103868,normal,390,bcfec1ab476f,998de7f25570,8c16d74aa4df,
CUST103869,normal,936,a620500f7991,5d1097378c7a,09118f0e7a4d,
CUST103870,normal,81,f868a3cebc40,798391fdaca9,02476d8aab39,
CUST103871,normal,461,ca8c089b6773,a1f374700124,0116243e30a2,
CUST103872,normal,212,4c4fe5596973,2fd6975c025a,c2f5cccc618f,
CUST103873,normal,326,22bd0596833c,8910423c1d0d,a42ba75603f4,
CUST103874,ring_member,1161,3ededa89901f,02477e908d31,21de97620c8d,RING19
CUST103875,normal,347,b2195838ff20,7b56da52edbb,376d63dce864,
CUST103876,normal,70,072255617874,f02f8b0c83fa,8aca329320b3,
CUST103877,ring_member,326,741e5c598f50,2a7a1ae1d04a,5553cfcb463c,RING15
CUST103878,normal,134,782e6032ffaf,79955bc404b7,880adde9eef0,
CUST103879,normal,936,11b7dbf26802,14662ce84571,168d8df63833,
CUST103880,occasional_returner,1459,f967a21c7c0c,835b1816f65a,e71d62bdefdc,
CUST103881,serial_abuser,255,e73fe2a0a980,5974706b5a99,6403e2f384df,
CUST103882,occasional_returner,1094,1a32350c18ad,6baea86a33b2,25174989b0a0,
CUST103883,normal,547,d92653e327f1,09edfe2a7611,d7cc476b4170,
CUST103884,ring_member,112,e443a0b0fce3,eb39b624f87b,e06ab5cd4052,RING43
CUST103885,normal,1033,06705c75e4f4,d56a9cee1702,cfcb57022d29,
CUST103886,ring_member,318,86f55a1291d1,a6cd6dd89d64,6ecf81e3c9c3,RING27
CUST103887,occasional_returner,772,dbfbae6f0d8e,b94006ea12e6,1a35dc0e41ab,
CUST103888,serial_abuser,763,3b6f992a8103,f6b9279992e4,9be374b77a57,
CUST103889,normal,897,98499ffd6d16,c959c5eec2d7,6148b718b8c1,
CUST103890,normal,206,d10beb4ad679,f1d7bcae5ec1,8bae1262427f,
CUST103891,normal,380,9b70755e4343,5778991a2967,50d78d12940f,
CUST103892,normal,1107,39a9afb23f56,2da41875db63,ffd8b8040a94,
CUST103893,normal,1399,bde4abc5f1a4,7ae5f3f60a59,57e2d20a15d4,
CUST103894,serial_abuser,22,5fa0c0f26632,69c4aacc1c8f,ba9ffe2f6fbe,
CUST103895,normal,623,2f28268c492b,67ce0191045d,3eddf4d434aa,
CUST103896,normal,1322,c36cb3bd310a,22bd44bbeeda,d51690f8971a,
CUST103897,normal,434,35103e21e61f,fc5222c729fb,8209dbd60f83,
CUST103898,normal,674,623b49747b0e,82d59d1deb8b,060d8d7ed3a4,
CUST103899,normal,1356,239287514ccc,9b1850840401,a90a88c86d75,
CUST103900,normal,1453,9d4f3560f53f,5e500f6da299,244b939e85f5,
CUST103901,occasional_returner,984,09832ee99053,9627851d1a5d,68a454741392,
CUST103902,occasional_returner,1042,b973894e7d15,d97a3e1cca71,844a7f124f44,
CUST103903,normal,922,d01a0160886e,21af898dd045,8bf3e3b8e83b,
CUST103904,normal,429,3cdf0efe2827,925113e34c7d,6cf7d86765d0,
CUST103905,normal,1330,146e16b4ff79,3b2aeaaa4549,e4b8ae1da4ef,
CUST103906,occasional_returner,55,060354e9f673,fa537f529eb8,2fce7f26fb9e,
CUST103907,serial_abuser,92,baad7d76b6b8,95c486ceb0ea,b86b3f28f801,
CUST103908,normal,904,abb7f4c95bb9,c02901e05cd5,fb37540a04d3,
CUST103909,occasional_returner,1257,defb9e8df319,342352cfec75,45e3218c26e5,
CUST103910,normal,1222,b455e1c27644,28f8a77bc767,318851547078,
CUST103911,normal,1018,e1b8699e9ce7,e31c424606fd,a720a1cda408,
CUST103912,occasional_returner,567,8742a87bdd9b,9cfcfbf909a4,1583920c62c5,
CUST103913,normal,543,9423c2ec0030,dc3bdfc031fa,89010a387059,
CUST103914,normal,641,7f6e28c40041,4c29298efe23,c7c1f5b6136b,
CUST103915,normal,388,7e86084ec6a8,f69cbedcdad4,8a7953104657,
CUST103916,normal,631,f089db6d5ece,c6deebfdf6d1,a9edeeb3c96f,
CUST103917,normal,161,c12b2948885d,c68d77f4c8b2,198c16ee7a66,
CUST103918,normal,483,1dfef67f145f,a51f01a60a75,641053b7f958,
CUST103919,normal,1411,93bf0c60ede9,99114a1e7ddd,ff121bcf4ea6,
CUST103920,normal,1061,211f47555368,fb96880c0906,05fd67b1fde7,
CUST103921,occasional_returner,217,e7c90860e7b5,2a8553e0905e,41c577314606,
CUST103922,normal,432,39434ec128c8,0729c5c5e251,4db3ab795bfa,
CUST103923,serial_abuser,392,b312534a15ca,d769c0f85696,5f17108ec265,
CUST103924,normal,426,2887f8a99fbe,d3ac33947e67,4ab2cb0bab68,
CUST103925,normal,1038,ca2b9369ed53,cec6b48a0572,085fb8ed884c,
CUST103926,normal,1343,6cb7b0cd1359,f7b726cbf863,abb7018d9340,
CUST103927,occasional_returner,1066,57e5cd480beb,6ceaf2307fb1,728cf8ca96c6,
CUST103928,normal,735,4dd47e4b8e11,6ab4c10fd88c,51d800ada249,
CUST103929,serial_abuser,245,89a0c73e2b05,3e1d4ae5111e,ab7f9482f2eb,
CUST103930,normal,218,3fb1dd12059f,6ca7f998ba83,30e87dc9f10c,
CUST103931,normal,1222,d3ef0fad17b9,2c6c1e44d313,903c74764785,
CUST103932,normal,1018,853d662d828b,e77fdef56dd7,3a921ff70df2,
CUST103933,normal,767,0441b5fce969,a1810731b611,598f3dcb86dc,
CUST103934,normal,867,9d292d0d2db5,181d3f36ac77,830db52b82e4,
CUST103935,normal,1273,5d542a4ffac6,455c27f06887,1c996d620bc7,
CUST103936,normal,1221,1800e2f997c1,fb2806a7511e,17a5da4824cf,
CUST103937,normal,135,e7b6be9b3a65,026844dc6228,9b3cf8b6604a,
CUST103938,normal,595,a48fb7e1d1e0,0622481b8f14,955abd0c9524,
CUST103939,normal,69,b74239ea2c05,1cd19f7545d4,bf07043abb78,
CUST103940,normal,580,cd3a9f4b0d4e,d2bad12d4546,1a8364f8a315,
CUST103941,normal,957,4a4e8a81b2e9,349fe9b2851a,9cb52e8e326c,
CUST103942,normal,316,52e00158ffc9,f9d50fef2f31,29230eabd5cc,
CUST103943,normal,229,75d40d817b3f,b007a4049baa,b7d87166c3bb,
CUST103944,normal,738,e4fd29197e90,9dcd15cf5a55,c8a75d2ee4e1,
CUST103945,serial_abuser,789,ace8eaaf3d07,efc52a29b52f,38a2e2ffb95b,
CUST103946,normal,1072,14d397b5be25,3c3b2fa85b1b,7ef669fd6f9d,
CUST103947,normal,26,b281fd1d318e,2b15b6b7d3c7,dbd8b71a75cd,
CUST103948,occasional_returner,375,1d5c22a81d69,0b7927935922,acbb7bcfadbc,
CUST103949,normal,1170,5ba39d322883,91e12f4a954e,a531836cb48b,
CUST103950,normal,1024,26a5d3ac1815,c9c7759b3f52,1f1be508084e,
CUST103951,ring_member,1349,682446ad858e,1410964a6245,7cfea19f0c69,RING30
CUST103952,serial_abuser,1223,c6d27d8e2d25,4834db4ccd2f,90ccaae74aed,
CUST103953,occasional_returner,1259,a764d4e84ab2,8d70e94e49d9,d89f2aaf63c8,
CUST103954,normal,768,eb29aba84b4a,3072cd3eb3d9,3f71f9e58c4b,
CUST103955,normal,1437,0218f5a09510,091edc311346,ccbe65ac8126,
CUST103956,ring_member,626,bbc0f2c4532d,b74c0f7af419,12e9ebd3c3c5,RING37
CUST103957,serial_abuser,1355,5b708bd926ee,db727cb9d9d0,a07c656ab1d8,
CUST103958,normal,590,8826b8bee653,0c094708adf4,089dd5008b1d,
CUST103959,normal,668,1b43e140cb0a,987fc8bde7f1,ed4009c9795c,
CUST103960,normal,1030,0a8efc5dd8af,7691fefd748d,e17020869ce7,
CUST103961,normal,600,cc4bebd5f713,bfb49608e689,e73baa7db64a,
CUST103962,normal,224,19d14cb955ad,d416086f0d65,93e3c95310eb,
CUST103963,normal,1344,ec2dbc921804,4b6dace9db98,c3bd840be658,
CUST103964,normal,682,5346d1c85984,5de6f0ab157a,b15da8081465,
CUST103965,normal,1390,0c2801ddfb6f,b441a3c6d63a,99d506e77ccd,
CUST103966,normal,601,87ea9d957a8c,2f6e5aaa18c0,ff813c48d525,
CUST103967,normal,1459,660517465dc8,2a4dc1bb213a,c7bd71374d39,
CUST103968,normal,906,7ba13bb43ca2,7fe09bebef8e,3cca44028751,
CUST103969,normal,1153,13314e6b4502,85142b8542e7,275516d5a016,
CUST103970,ring_member,1134,a803e237790f,d9ac24b3df8b,81540ae562e3,RING40
CUST103971,normal,306,9f0a5510161d,1996679f0191,dd3b98d7e382,
CUST103972,normal,1224,148bad3f4b91,8a390e89ecd8,92b0f03a83cf,
CUST103973,normal,1417,0d4a7c45c553,387934024c9f,fd0daeb5812d,
CUST103974,normal,993,d88b4fd84e41,ab0872137e15,84c38da78ddb,
CUST103975,normal,1420,968eb39172bb,649de1137a4c,9941d31c33e3,
CUST103976,normal,1269,9bb620ececca,2ee00617c985,9288d37297c2,
CUST103977,normal,1000,8d36e66bab4a,cfc5ea8902c4,70918d6048bf,
CUST103978,normal,718,4a0e76f0471d,e8d70f9b0fe1,46734b6447fc,
CUST103979,normal,1286,dfeeb06f6d55,5265113efcde,55d0f4862287,
CUST103980,normal,282,0cab3f9d2ae1,d4a9e2484d51,ec96f702a474,
CUST103981,normal,843,90d11613b303,9f5e1474a4bb,8361c624bc1b,
CUST103982,normal,1224,d1f56f09b320,2e9a6022f34a,7db9a3f6741e,
CUST103983,normal,1416,b5a827fd935f,65906d0f4835,c52509c659b6,
CUST103984,normal,404,9146355a0333,e2c9be6a44a6,c2e40f4075b5,
CUST103985,normal,145,df845dc29772,5446cbcbdd14,75d8b6d1fa4b,
CUST103986,normal,503,33afc2f76405,d0df1ddac83e,76e25a802c8c,
CUST103987,normal,1296,7e0b2f3a9ac7,636e7191d6f3,69f422b6bc12,
CUST103988,ring_member,788,388f21248943,cdde9d1d7bb9,1eb384fb9c80,RING39
CUST103989,ring_member,87,bec25273a196,e589993e37cc,17b799d67b54,RING6
CUST103990,ring_member,183,920ae1f0c693,952b486ac888,1eb384fb9c80,RING39
CUST103991,normal,511,5fcb27fb8d95,81c2a879f541,50c31e40ed9c,
CUST103992,normal,517,9a7510868efc,bed6640f3f9f,54b511066a30,
CUST103993,normal,207,a2b0439aa824,6a85d1173b02,adede39bfa86,
CUST103994,normal,743,2edbc0ef9348,d7a1eb5c53b0,137b2685f4a7,
CUST103995,normal,721,912aeb9db33d,5aa000b59ac9,c5f2e5d7dbb4,
CUST103996,normal,302,ba8bbfdbf268,b862b340fd30,8418fe00eb47,
CUST103997,normal,352,ee9b6c1a0cf3,578d16e4f676,df8590c4ab4f,
CUST103998,normal,998,b58b15b9cbda,bec75d1eb0d0,37d10681dffb,
CUST103999,normal,1428,66a73564dfda,e478af4d8af2,ec32f3dce7a8,
CUST104000,occasional_returner,1494,8ec4ef6f9837,a251ad334221,6172a998153d,
CUST104001,normal,841,6448fa8fcf14,33d26e44ea25,464b5ed59b8b,
CUST104002,occasional_returner,62,77802694af8c,e4f9f8216bba,07cb07340dd0,
CUST104003,normal,1347,65e8e9d1a855,9a337187cbe7,05c666225723,
CUST104004,normal,1426,be4a98e467b4,4bf2b1388322,aef0ea43801f,
CUST104005,normal,420,a796e3873247,9f71eb201599,ede98ab50eac,
CUST104006,normal,603,af8aa4758fdd,c4c7a6b23fdf,3e04d570fb7a,
CUST104007,normal,43,05882b5feeb6,4744f4d25ebb,ea68d06bd090,
CUST104008,normal,1202,43224505058f,18f721affaa3,a77506874276,
CUST104009,normal,1164,76b1b0a9272b,6fbd465644fa,92aca553598a,
CUST104010,normal,35,373a14522b84,826acdff2d18,8530fb93f4ca,
CUST104011,normal,1055,62a82a0df2e6,b2c2c764c8fd,32d2eb1bc194,
CUST104012,serial_abuser,620,05dde69e70d0,ba4922d398cb,0a214c4cf910,
CUST104013,normal,820,e19de1de1ab6,51b58870bf05,edce81949976,
CUST104014,normal,331,51a9a79f8dcf,c6e8f18bd1c5,f720726a8d56,
CUST104015,normal,1223,f9457215ec17,cfb7057a57ba,175e884c12b1,
CUST104016,normal,609,41cff8f954a5,24570ef863e6,66f6aa65e67c,
CUST104017,normal,1260,dfc3ccede0e7,8995263618e9,10b0595d8b13,
CUST104018,normal,226,da0b37f35835,fef09880db82,6800960de58d,
CUST104019,occasional_returner,883,cd91dd18fa5f,4c40c41fd225,42819204b34d,
CUST104020,normal,468,1d0725b4b943,edad917c0382,b89dd158a3f8,
CUST104021,normal,1449,7ca7b5ab7d0d,24b0ac904392,6b13e50b847c,
CUST104022,normal,837,250c9d614185,26252c3a8829,a29943ec179c,
CUST104023,serial_abuser,1080,53a39cc2559a,242b702c3c89,4f269d4138e7,
CUST104024,occasional_returner,133,818c037db67f,6e7cd9326383,a0e4688819b7,
CUST104025,serial_abuser,1016,e8e2370db1f9,676897b06759,a651f6f820c4,
CUST104026,normal,156,0a12c98a2520,e648ce9832ed,9252766d6be2,
CUST104027,normal,545,46e97e0044fd,a0467c5ee477,90b579af8ca4,
CUST104028,normal,337,c220da5077f4,5ee5a0a09cd1,4fbad11d8915,
CUST104029,serial_abuser,8,3beae95b2c75,983bd4002119,f0083332429c,
CUST104030,normal,881,cbe8e7ac880e,73bbc6fd9612,fa844997d114,
CUST104031,normal,365,97f7b26f6da9,55f1afec37ec,92c4af05288f,
CUST104032,normal,771,e5cac1831db7,a260bc39ecf9,bbd267412d2a,
CUST104033,normal,1147,96aad275e11c,5df893c6d8ae,811e56845c4b,
CUST104034,normal,271,3db4ce8bb184,681f8ec05d4a,fd38b3260d06,
CUST104035,normal,1066,4bdcfede4292,61cd0878d61b,9ec1fbc11418,
CUST104036,normal,449,5c920fde485a,6d0604824cd0,1366e3bbd340,
CUST104037,occasional_returner,499,f1e2b9cccdf7,77a82058854c,b8309c8d6586,
CUST104038,normal,867,9565e0b68990,99eb6e7bc846,a64b790714b2,
CUST104039,occasional_returner,940,b794b5d9a4a3,333ca7d3cdb3,c4d7af7b688b,
CUST104040,normal,984,2a8774dab8d3,d4d735e2d2b5,f591f4fa7c7c,
CUST104041,occasional_returner,296,47a655884677,0b78681abc33,6bc76dfa4c02,
CUST104042,normal,871,f57b4aaf4aa1,90542ce36edc,570ae36d61d6,
CUST104043,serial_abuser,399,963431d8491a,1064df4b34a9,947901302efb,
CUST104044,normal,418,c25a7acdd09a,af4ec8997fd2,de6fd1d30dce,
CUST104045,normal,1421,c7be14e563cc,12a1c29502ba,08e745617e3a,
CUST104046,normal,155,aa39d33511f1,adefb3834a47,f2fe2c74d9b3,
CUST104047,normal,622,669858f14fd0,86743224d7d6,4619699d0dee,
CUST104048,normal,661,ba05febb734f,dfa44b46f774,1d740ebfa2b8,
CUST104049,occasional_returner,371,cf4e510f5ca7,6f7095cbb53e,2bcd74b01657,
CUST104050,serial_abuser,1179,a86a4c839514,e12c0e069975,c2565e55fb8e,
CUST104051,normal,733,f48701c5a7b5,39f9361aaf23,5cc12e14bef7,
CUST104052,normal,1080,a8a4ec652578,5ca5b2dc7161,551694d64d6a,
CUST104053,normal,583,4c8f468abeb7,075bb199c6ef,5aef9fc8b1cd,
CUST104054,occasional_returner,1345,be7f9747ffff,7172317941db,f77b3efa32a0,
CUST104055,occasional_returner,1095,d0aae0daf15a,79acdbcf4751,2ec8d447a587,
CUST104056,normal,503,f0a2e263f122,6e3604c938f8,cee16f7b39f1,
CUST104057,ring_member,1443,1d38fc9d9075,2b3337af1b91,a3b7d3f771c5,RING11
CUST104058,normal,1298,dd6a97a12f3e,4dd908187d89,f8a071b50c8d,
CUST104059,occasional_returner,889,751553b55309,54cea84623df,1b7b17e7af24,
CUST104060,ring_member,29,1d38fc9d9075,8eb6ca54558f,9513493dadc7,RING11
CUST104061,occasional_returner,888,4999202f0b7b,4a9b64ab4483,80c0ef591d24,
CUST104062,normal,1037,7cc3409a7cbe,6e7f51759425,037acf89c901,
CUST104063,normal,550,f2c260cf1e2e,5f95a1116b1f,822bf633c808,
CUST104064,normal,220,c5a95f54ed5f,091847e07362,d70aa9368cb7,
CUST104065,occasional_returner,849,3e049a59ab69,091d81e70ac0,47aef3714f61,
CUST104066,normal,1203,9423fce483e5,f92d68c5f422,3bd6f1c762ad,
CUST104067,normal,482,b4ac21b20214,340ffda69a8e,79286230cc68,
CUST104068,serial_abuser,687,8f5cf8a8eec9,4fcc34b330a1,1d8d033eab34,
CUST104069,normal,6,da0a5e2e98e6,e4fe1a023ae6,73d6f683839c,
CUST104070,normal,1057,058041657096,16969a590771,1b8f364c0955,
CUST104071,normal,1299,b4a5467111b8,9a85790ea93d,022f10e0a63a,
CUST104072,normal,1165,70621ff18743,fd548938ac2a,28f189cfab81,
CUST104073,normal,647,4f9e49476db1,1749b33f816c,8641b0ea4d1a,
CUST104074,normal,72,b1114e659854,d07b9e60ae7a,8c4cbd8c2e49,
CUST104075,normal,740,d765b0726ccf,914d1471cc5e,69a93b465768,
CUST104076,normal,1410,1e6bb6bdc79d,4517c9aff0eb,e6a1bb7c4715,
CUST104077,normal,129,1d31b5dd7c86,d7f3c8edbb1b,204db385ec32,
CUST104078,normal,324,411e7d49c408,c28f1262d95c,0183ff733e72,
CUST104079,normal,1256,a727a1826f2c,0296cf3c2aee,c80678960e1e,
CUST104080,normal,854,0b01b94d7783,fb536291d706,df7d2819836c,
CUST104081,normal,259,bf3050f56bd2,bd86261f9966,3ca0ac653a13,
CUST104082,occasional_returner,41,10e6bf0d721b,074bff5bd62d,1d05f70defe0,
CUST104083,normal,618,6ba29f98a3b3,734f9a5626e3,72d5167771d5,
CUST104084,normal,894,93c4ed718f5d,8405a39220e2,0027a8e3691a,
CUST104085,serial_abuser,1261,245f5a05bec0,c3e7cc3f3580,19df73a53608,
CUST104086,normal,1326,a45661039020,8303ad4a7c43,61e787df110b,
CUST104087,normal,689,6bf0a4041f74,427ac192d745,62da9f010694,
CUST104088,normal,636,89fa40471224,278e85686270,1fe7f9b0f916,
CUST104089,normal,1397,13da1d013793,e2af38fe09f7,f52800d9bb88,
CUST104090,normal,1166,bb680792d4a5,ee14e11e96e9,06bd9fd15888,
CUST104091,occasional_returner,317,056dc6ddae47,ee2337047b4e,f4d44a003f96,
CUST104092,occasional_returner,1023,7fa565154f7e,a1b9e92a2dc3,07d5276eb4ec,
CUST104093,normal,1074,3d253e340c12,58dc7a3a6cc1,6bb3f287ab26,
CUST104094,normal,354,db0133f7d5bf,51a39f5e976a,015530fa052c,
CUST104095,normal,1467,b175c7bc68f2,6411c50324f0,1ab1178bd503,
CUST104096,normal,448,d726ffcc676c,0c6018c1b04e,a6df804d4196,
CUST104097,normal,826,9ddb5d4b4cd4,42fda22192ca,17fb727096d7,
CUST104098,normal,743,2a98830fa362,9778bf27ae4c,c1261f900a32,
CUST104099,serial_abuser,1039,33c6301b0110,656e26755a6f,dafefe651a8d,
CUST104100,normal,1352,ef2b76ea8c18,923112f4fd84,a608922a2d1c,
CUST104101,normal,592,782cfb53c151,0063c39ad7d5,c50d6cb9afbf,
CUST104102,normal,579,bde84abb1186,5cb1c00f510e,f53742d46c1a,
CUST104103,normal,1128,8d7a8d0443e3,53068226847c,e5e33b9c85e9,
CUST104104,serial_abuser,1428,20e110791320,fb8c4b7bca6d,38432763eecc,
CUST104105,normal,1363,9b0bca64c003,6093a51b3a29,24bde01b7edd,
CUST104106,occasional_returner,1130,aa13b7bdf190,1a6ed4c41cb8,05c13af02941,
CUST104107,occasional_returner,1056,40e3ac8fd1fc,e500be26394f,8f1440b5032a,
CUST104108,serial_abuser,1154,50780876412e,a68c31bda756,7200d2bf8d24,
CUST104109,normal,1404,a9e39deb4b15,fffd55039da9,5b7cbcef04c8,
CUST104110,normal,20,bb44c090bc49,cfc5e6035219,8201198fe292,
CUST104111,occasional_returner,885,72bdc82bf40a,2bca539b1e41,a98bd28fffd4,
CUST104112,occasional_returner,55,dcdf828c530b,96e4cee74063,a0f542b9f2ac,
CUST104113,normal,867,5fc19c9a97a6,b6147a235957,b848f355b712,
CUST104114,occasional_returner,595,36a803c6977d,ee267721dc7d,cbdab1811793,
CUST104115,normal,460,63a2a01ac02f,f6b45e74861d,5fb6f882f775,
CUST104116,normal,1337,a59fb4383de1,746e5fb384d2,440d1dfc1183,
CUST104117,occasional_returner,1065,a80049ad7117,31fd5e3b22c0,3a6b781a0164,
CUST104118,normal,853,9ab9822e0a86,25df156ff9f2,e06102130bf4,
CUST104119,normal,1323,b5c974827c21,292ddd015ac4,0ec2f1c093aa,
CUST104120,ring_member,151,9ee6a9bb0c3b,c47ab41145f9,fd9fa97c6723,RING2
CUST104121,occasional_returner,971,e3092ced7ef3,ed3da9db38e3,70483e93a948,
CUST104122,serial_abuser,238,d42a7ef1e9df,83529e6dc7fa,4679b46b9103,
CUST104123,normal,353,dff57dea4fb9,4b69af53511b,c14dcd35d3a8,
CUST104124,ring_member,281,682446ad858e,ce6b7e755c65,7cfea19f0c69,RING30
CUST104125,normal,818,c10dda27cc82,758919026d01,0e30f8a0237c,
CUST104126,normal,945,b2f69a378471,4bea6da1caa6,729958454af0,
CUST104127,normal,1135,87bf1619de09,d73ca17a712c,442abd69748c,
CUST104128,occasional_returner,663,3f236f715905,44db6a3940ca,f022a14d3bc0,
CUST104129,serial_abuser,1409,753ba1074eab,c0ddd2be2fdc,36238963cfd9,
CUST104130,occasional_returner,563,ee45834dfd38,e87480736a1c,e26f200a1520,
CUST104131,normal,239,6db77f7dc55f,5bf03cc4ccfd,df96f5db532d,
CUST104132,normal,59,0d4e5f141bdf,a64ae50252b6,fec0a2b6892f,
CUST104133,normal,195,13d0d4bd5f6d,378ef46cf956,4be8011441b5,
CUST104134,normal,670,4da665d1c461,0aa6519591e6,957ee1cb097c,
CUST104135,normal,622,8d2da5f6aee9,7355711168c6,40050d842c67,
CUST104136,normal,1282,97888cf619b2,280c244df604,492216d6e75e,
CUST104137,occasional_returner,192,58529d5e110f,2a8ea3f674c3,f4d172c76af8,
CUST104138,occasional_returner,397,fc360b060207,d8ccd6ce0e24,270b26d8cfaf,
CUST104139,occasional_returner,1470,2ed144d47427,fb125d423ac7,5fc93933118f,
CUST104140,normal,47,9e5114fd178a,7de178e4e61d,ae9f18053369,
CUST104141,normal,639,1731b2782084,26e151a9ff4f,6a45ec4658a3,
CUST104142,normal,301,91f1bb87577d,db846fda1712,a38540e13e5f,
CUST104143,normal,802,29e36b79367c,6d4547e4e739,5775369338cd,
CUST104144,normal,1460,9d4f42c313ec,aa96be40aaf5,5f9b66d49ad9,
CUST104145,normal,344,7b6c8ca9a1dd,381045ad9893,26b4966b1cbb,
CUST104146,normal,558,087cbbf98604,1909a4e0d4eb,f7298e51f0b2,
CUST104147,normal,676,d0fd8e368aa1,27079f9877e2,d4fe976f7632,
CUST104148,normal,1198,3460f290f1c6,6e14d196d4f4,abb4776cd764,
CUST104149,normal,1477,a07c204389c7,2b294bcfe586,14f748c61c2f,
CUST104150,normal,149,921c1ea08505,df0adfd5459d,6392a5ff2f54,
CUST104151,normal,735,13f6acbcabec,6ce365f67a26,f0d585f79875,
CUST104152,normal,1130,8a1bebcbadb9,09c618377931,c7cdc72c7214,
CUST104153,normal,18,70bce2719460,6d46784ace82,828aa75b974d,
CUST104154,normal,1210,a33683dd48e7,a8cb1741766c,320357f87fff,
CUST104155,normal,367,c29df93a4c2b,dcde4f9ee938,747ce023b1b2,
CUST104156,serial_abuser,780,006ebb656dd8,bf7b4e18e4dd,b79d2148914c,
CUST104157,normal,1467,7185c8c3335c,88417e20561e,0c7430bc2e4e,
CUST104158,normal,954,9242d84413bf,171812ee9f1e,85ffa53e7f2d,
CUST104159,normal,1483,b1431dc9c741,e8c15d3bef10,b529f0ef0499,
CUST104160,normal,907,512349458771,4db023a6b810,e2e8539d9c06,
CUST104161,normal,319,f173407f162e,928f471901c3,2556801a5e6d,
CUST104162,occasional_returner,1040,d88afeb05683,f4d9dea63ce1,25cbf6403195,
CUST104163,normal,924,25126d90ebd6,75cc84eeb1a6,a9124b390fb6,
CUST104164,normal,469,f6794a297299,913c4e825078,ae1eb012745b,
CUST104165,normal,119,0a5b46379ad0,7eec66a032d4,b7319a05b22c,
CUST104166,normal,974,2b73bbd61f25,0f9a5ce26865,8893e690e31b,
CUST104167,normal,868,ac467285c256,255756e93d53,ac91b4f77828,
CUST104168,normal,1161,36892fe28f0a,494c21c300e8,0daf9e60f10d,
CUST104169,normal,193,10844af84b9b,6201320aac4c,90beea063043,
CUST104170,ring_member,810,3cad6c2ba20d,69684fb997e9,bb8fd306fdcc,RING17
CUST104171,occasional_returner,1228,c4fe9c8be152,36c5817e56fb,f6ad8d6bfb77,
CUST104172,ring_member,1337,92856510fbb1,6d3adf8fe6eb,ccadb79562e7,RING42
CUST104173,normal,1409,3adde24e9eef,664a5319bd3a,344b156ff0ff,
CUST104174,occasional_returner,321,3031feb8fec6,382a0bbdb3d9,2e336132b513,
CUST104175,normal,263,a2e883f7ac76,ce12991442ae,f205b7895036,
CUST104176,normal,866,049b89f851f9,c1de2eac9922,7ba18f31ab94,
CUST104177,ring_member,696,5e6ba451d21b,d6a2d81ffbcc,38abf8ef8fe1,RING12
CUST104178,normal,355,117b7042526e,f4279521932e,83995d8cd289,
CUST104179,serial_abuser,157,7ecc2e47c764,ea702821dad0,c498654963c0,
CUST104180,occasional_returner,219,a5c28a4c121b,44a904ac9152,841d9d4916fd,
CUST104181,normal,512,c94cbb641f21,9795ef8127dd,f80a16073475,
CUST104182,normal,1110,582e361fa3cd,9a6eaa08be26,9311ed809f81,
CUST104183,normal,102,7f37a4b91ebb,ca0cfb7fe399,6e3fd50844e4,
CUST104184,serial_abuser,162,d47d543d39aa,33617b99438a,f04c0fb61d69,
CUST104185,occasional_returner,400,d2f32f474aa6,4744f4d25ebb,ea68d06bd090,
CUST104186,normal,1311,5f6bd97c498d,e25fcf0b89a8,68bb143f3c74,
CUST104187,normal,1485,3d737a688e3a,3c63e268b75e,854b7710bba4,
CUST104188,normal,663,feeaf379c3ee,957011b8558f,1a01d372bc4a,
CUST104189,normal,71,98f3be26b40c,89986bf2cd83,a536c4ba9153,
CUST104190,normal,22,c270bbc81c83,e99183b358d9,c0885d66d853,
CUST104191,occasional_returner,1289,a687db27a698,beb17b163c74,269e53cb3d33,
CUST104192,normal,669,71690abde50c,c4fbe92ed017,a5db26ca596a,
CUST104193,occasional_returner,120,f8b22cadcc3e,374b8e4ace6e,607296069572,
CUST104194,normal,1250,1fee32e1ca30,a084d7a17dd9,9658223623b0,
CUST104195,normal,795,1df90d121fcc,eb3b33d98519,391ac537ee15,
CUST104196,normal,527,6bbaaa51f3f9,9bf956f6a4db,c22473db9008,
CUST104197,serial_abuser,680,d2ffcf64abdf,5eae3056ea91,778781a9b2be,
CUST104198,normal,341,e8c0d189a23d,154138d5cd7d,04720e5a98ff,
CUST104199,normal,1397,36eebbc2c0f9,a59b682a9ed6,1c62a60700ba,
CUST104200,normal,1182,4585ae3915eb,bf115468b85c,e9b258cb175e,
CUST104201,occasional_returner,302,80d1a5d84006,543a77a8800c,6c1058dbe4bd,
CUST104202,normal,1103,96e65608667f,9f55a9c7baf3,d2e2034b4af8,
CUST104203,normal,273,d00e9e0601e6,b24021036836,eb90d0bd8214,
CUST104204,occasional_returner,682,ad19311de4c5,e854afcb0e89,75ff3351f974,
CUST104205,occasional_returner,1124,f6d4857015cc,d7af74132e9d,6eb25b774853,
CUST104206,normal,59,8846e6a310b7,5c46d58588ae,5ff9f1f0f201,
CUST104207,normal,1089,27c73541b4e8,cded4edb81d4,8cbc34ee647c,
CUST104208,normal,342,757b926d627a,e6e0109f43ce,759ab487b742,
CUST104209,normal,1050,f5d3a77cd3fe,6b1073ab2849,74e263f4ec02,
CUST104210,normal,751,287ddb8586a6,586151daa1c1,28412ce2b334,
CUST104211,normal,44,685567f2d552,a153b61f8793,8fbc8e346222,
CUST104212,normal,1144,27c169d240ff,0c61d24fd7b7,4694f6f0edc7,
CUST104213,normal,393,d7e51ccfe786,e6ea5fa8cc2c,8df0103aa7b6,
CUST104214,normal,1428,e956721348d6,fdb6a9b9d4cc,b9e2fc9bcd7d,
CUST104215,normal,1260,6030efedd831,03551c30515c,eeb6e8767c4f,
CUST104216,normal,293,0a9043de4f83,d5bb998b3d9d,180902b25f81,
CUST104217,normal,903,9cd71f483637,f4b31f08e526,5080a8ba27ff,
CUST104218,ring_member,546,357246e2d830,67bd4ae6365b,12e9ebd3c3c5,RING37
CUST104219,normal,905,204ecf0a537c,e313b5177e8f,6faa92cb0e06,
CUST104220,normal,837,b4ea6157acc9,b7790b98026b,8e3233f89d79,
CUST104221,normal,447,a7d353734154,07b82c9ec415,0d323aa6e6a5,
CUST104222,normal,978,db07ef6bc62a,3f307cb6cec5,9353f7a10cb7,
CUST104223,normal,393,565ac83dc12f,2f48862a53d0,7dfe5c3bd58c,
CUST104224,normal,1361,1a461b0bcfbd,7916a3d83d07,43a0576f2dd2,
CUST104225,occasional_returner,1420,44127ecb58f2,5d1b0f121806,8c43882d05c9,
CUST104226,normal,253,2d466e892610,808abc37f9fb,6ce3e4a87138,
CUST104227,normal,1092,d57de1ffc103,c9f8b8fa0414,4980d2899b6b,
CUST104228,normal,1394,c84fdfbf6227,3da9b9af9f69,a53d7c458c62,
CUST104229,normal,194,8722816970ce,92133554a30d,0727c0d0567a,
CUST104230,ring_member,1110,3213b353e5f5,0c5df635645b,7ed8e0a19151,RING14
CUST104231,normal,1406,102e01d1dc7d,a5840af742c1,570ca70bde27,
CUST104232,occasional_returner,341,5a76d951916b,f182a5c3fbaf,51aa08daa9c8,
CUST104233,occasional_returner,875,44f4c474bf04,59f55630e131,41ea2419548c,
CUST104234,normal,1197,49356277f1f4,d800ad0cbf64,71e0438fc4d7,
CUST104235,normal,503,4acb627af1d1,b36c199e418c,5ec070493601,
CUST104236,normal,360,f00e75f584f8,633ab6964918,7a2413a1d82a,
CUST104237,occasional_returner,598,5f06d6ef9f88,7dcd6c3606fe,88f62045c7ba,
CUST104238,normal,506,2b36b45c7ad6,29bf109be490,3cb61eb208fe,
CUST104239,normal,1089,edd50ee17598,4e0c07fea9db,9a381f815fd3,
CUST104240,occasional_returner,559,efc40d73b86e,9230801e656d,20dcb73e421c,
CUST104241,occasional_returner,567,70d8e9c654b3,409ae68d3175,7aee2ad52edd,
CUST104242,normal,1417,d0cf251f00d2,7022f7d293c5,0ecf602ed479,
CUST104243,normal,870,73f6de28418b,07cf6e7bdcae,35b0a70ba261,
CUST104244,occasional_returner,1394,c6b0ce8b31e8,324ba3a5fa23,5a95c76b2dda,
CUST104245,normal,1067,f57eac6f4cab,bc6f19a50a78,59b8d885abd0,
CUST104246,occasional_returner,1328,0c4f7096eba1,b80691c9df1b,2a3d3a5d7607,
CUST104247,normal,297,c03252d965d0,882d87e9178e,1abb812e174f,
CUST104248,normal,1407,a0a133aa54cb,3ce9a62c096e,c38b5f0b5442,
CUST104249,occasional_returner,1416,04558fbe2049,434c0b698b9c,d93a14e82713,
CUST104250,normal,65,0db554efb76a,046826cb608b,1619494a319f,
CUST104251,normal,537,8934f6e3283b,a91cd2d8d409,d5219ffeb72a,
CUST104252,normal,622,bc980599d931,52d0b4b7d233,90232bd91071,
CUST104253,normal,631,e8564a2897ac,b05c6018e677,110158e7116e,
CUST104254,occasional_returner,1168,ef1c542fc93f,cad4cc8f6255,548fcf1cff9d,
CUST104255,normal,1049,6828d45c6049,a0c9a63eaa75,e1dc6228591e,
CUST104256,normal,323,d49106706b62,2433300a0433,4ab9023a0320,
CUST104257,normal,915,ab24e69bf2aa,220411a60441,f27ba376cbb2,
CUST104258,ring_member,1462,741e5c598f50,3acd80e04051,5553cfcb463c,RING15
CUST104259,normal,662,b539f43190b6,cad79638ed3c,1c015bf9465b,
CUST104260,ring_member,1392,8770058b411b,642ee0bcbc86,38abf8ef8fe1,RING12
CUST104261,serial_abuser,976,e7fc3816850f,f436cb9bea93,59281ffdbaec,
CUST104262,normal,1387,98b2138f887f,8c5ef2e84d3a,046f2f465d5f,
CUST104263,occasional_returner,1354,ce66b44aebf4,9a2d4574e775,89c103703fd0,
CUST104264,normal,29,a3b98b0c1ce4,a70525ee6602,cec7981d8847,
CUST104265,normal,1201,102f34dc39fa,2e704a56f6ee,7513628ac502,
CUST104266,normal,287,20c8f33cb4d9,b96da409abbe,15c47986b24d,
CUST104267,occasional_returner,1237,df31f64328de,95407a6a3a3d,1b3c57350776,
CUST104268,occasional_returner,1212,98a7efcd8108,cf23972dbb66,e1d30826bdcc,
CUST104269,occasional_returner,391,b06cd6cd996b,19042f866b1d,aa670c2acf60,
CUST104270,ring_member,103,4963f46349f7,88d5537303f9,75fa3ae269ca,RING45
CUST104271,normal,632,e89af72f659f,51e12c0a21df,f33e7c948775,
CUST104272,occasional_returner,457,0735867f7adb,c2ac595f4506,2538dbcfac5c,
CUST104273,occasional_returner,832,2a55f9e689a8,28279b021507,fc7fcfcfe5a0,
CUST104274,normal,127,88012837f9db,85a464e50eb4,68d956d4bd32,
CUST104275,normal,71,f3d299ed8975,331168841254,8b7755887140,
CUST104276,normal,658,4cbe4796a1bb,3ec49d517dd4,0f06e3e92f8c,
CUST104277,occasional_returner,1155,c06403681d62,56de9f6c4875,e53346d64b53,
CUST104278,normal,475,1b902ca8e68a,cd6c7ff607c3,84c579f8ed17,
CUST104279,occasional_returner,488,00b4b3ed9b08,97a3b890fa6e,8c266d6dd407,
CUST104280,normal,250,98a771438996,e65bbc2caed6,ec33f2a99e34,
CUST104281,normal,427,4f9e683bb845,d5529734f2a3,00f2f6e2e473,
CUST104282,normal,451,df84fd302ff0,55ca72141053,030535401ae9,
CUST104283,normal,392,7e621f6f2f81,298a2293b217,c8deb880ea84,
CUST104284,serial_abuser,518,7f81aa025979,182e0aa3f72c,2d1f92367237,
CUST104285,normal,428,510af7373ae8,b9575dfba47b,1c37172e7643,
CUST104286,serial_abuser,1022,728b3aa645a4,d9dbccb6cc23,c97616ec909c,
CUST104287,normal,510,10c0dfc5b621,b0b27de0c632,e41f73f54296,
CUST104288,ring_member,1133,5a3199108df4,2884653559ec,0c6c05517ce5,RING35
CUST104289,normal,909,e6fa69ca91aa,a1c11adcd295,0093effc1f09,
CUST104290,normal,962,17843a024ac8,5626a2a16d16,4cccdebaeb8b,
CUST104291,normal,877,1e53174a6170,30953408e680,5358ac0ed5e8,
CUST104292,normal,1384,0668eb096673,72592772ba8b,1b2f586cbfda,
CUST104293,normal,387,7cae16ebefce,71c3c3741ab6,e473a4719fa7,
CUST104294,occasional_returner,1473,7ecdf8bc5170,101295816432,06689eb00089,
CUST104295,normal,313,9a816f39826e,74a486af1f28,12017899a45d,
CUST104296,normal,211,de60a18abdea,af26db0e2857,ddd02bd7b025,
CUST104297,normal,1240,2d3be16dfc4f,742bf9895b0d,a3b49b5653ec,
CUST104298,normal,1344,ee87905e2916,ada3215efc02,5696713d6141,
CUST104299,normal,143,6b5e90917cee,44e31b3b6059,67f467c987d5,
CUST104300,normal,901,cc1c92d00115,f6498fb5b410,720787419459,
CUST104301,occasional_returner,771,3b7190b4e042,1a3845ddadb4,26da3222c756,
CUST104302,ring_member,334,a803e237790f,fda0c3172ca1,81540ae562e3,RING40
CUST104303,normal,783,a2bb7626bcbe,c98d20c4bb90,29d5941d706a,
CUST104304,normal,1030,d5d141d09b7a,0b770258da08,1424f7f5ea7f,
CUST104305,normal,863,fcd914237478,596e8fc8462e,b09c483bb476,
CUST104306,normal,782,11ef8fc5685a,d88e990ef0a6,685a12b12c1f,
CUST104307,normal,1329,1919cca49a3e,80f3238fb8c3,839c7c53bbf6,
CUST104308,serial_abuser,342,91b6d0b51801,6f547114515e,cb41795d39c6,
CUST104309,normal,937,a72bf9460b48,d1cc8f8abcd0,138b83285755,
CUST104310,normal,478,48dfc0e1bc13,0a500927bd14,c4c722554d42,
CUST104311,occasional_returner,1460,83a2185c6a10,cefce9e0281c,eacfd1d5e6b8,
CUST104312,normal,381,9b3f1170c39a,1c50b0a51a6d,06c876abe6cf,
CUST104313,occasional_returner,1307,f45b630d5f54,87b87cbf7573,d055f8877770,
CUST104314,normal,950,cab660d00951,bdd01950ddbb,14c11f792ee5,
CUST104315,normal,326,e411c38b6058,7bd587818a91,86e0c4b3be1a,
CUST104316,serial_abuser,1139,6b5ae376507e,908446fec417,7e86bd0bdaaf,
CUST104317,occasional_returner,365,be27d83f0210,eaf0532982bc,e519d4cb64ef,
CUST104318,occasional_returner,397,2cc411bf9c5d,d042c141c3fd,647f9d3ccb5e,
CUST104319,normal,520,d727aed92c52,a9844196b565,cc8501f162be,
CUST104320,occasional_returner,1024,2cac2ba0fa99,6ef4de193be9,f4971e8fa132,
CUST104321,normal,590,0397f8cb1029,d8b094b6d1bf,bd21de314d2c,
CUST104322,normal,855,d456a0ade9b8,b2a0df0ee3d0,5c45781548eb,
CUST104323,normal,831,30b1a449ce7d,6ea137a3665f,e8341579f6f2,
CUST104324,normal,298,8d64949062a3,e0dee15fdab3,9553cdb3386d,
CUST104325,normal,352,c21d3fe9139e,8dcf3c68f292,39680683685f,
CUST104326,normal,463,ae4085ce2844,5939c83c7974,688b798d82c9,
CUST104327,occasional_returner,337,6ad1f5655921,d9f13fbf7049,5525a0adc91b,
CUST104328,occasional_returner,1378,6c7e3da6799a,ee24af1bca5e,0e3f98d11070,
CUST104329,serial_abuser,575,4ef1bd024839,2e0d5372497d,a4d5d23fcb20,
CUST104330,normal,610,c507fb7b03f2,0f88acd8e277,77f005f6cff6,
CUST104331,serial_abuser,1009,2cc9c756bc5e,05cfaca11e4b,8ca3ddf05940,
CUST104332,normal,1183,c843676bf288,3d55f0a69983,de39247e588f,
CUST104333,normal,1033,f29b5a15bd18,44f75153461f,fd35b0615805,
CUST104334,occasional_returner,829,c9e881482876,1ba6ff86d4ab,6230921c722e,
CUST104335,normal,1464,0040cadc80a6,3260272a08e6,3519619fac59,
CUST104336,normal,1350,89fa88581e27,54bb0fd48c74,2da79f171e3d,
CUST104337,normal,307,f156397d531b,e91502ee2b9f,e8bf267e2abe,
CUST104338,normal,244,0827c83c1622,d91ec8a79048,c7602191bc6c,
CUST104339,occasional_returner,592,41fac367685e,d1d7d0df5c3d,065a9358a504,
CUST104340,normal,1253,9cd32a3b1b8e,1bb47602f184,beb8dce846a6,
CUST104341,normal,1447,d08e3e926ee6,c60cebcf2cc0,ec9b7c80c24a,
CUST104342,normal,1055,3a385fc0cb53,4bca2329e56e,2391f433d074,
CUST104343,normal,1036,ccdbdd8b7fa7,2c7ec99f07d4,8b61cb458130,
CUST104344,occasional_returner,354,520525b93fb2,217618cc134e,3bf127ff6e6f,
CUST104345,serial_abuser,890,0ca82f54bbe8,397660da35ba,cd9ed7ce3154,
CUST104346,occasional_returner,280,965909176f21,c97d9fd212ae,dbac257237a6,
CUST104347,occasional_returner,811,c6b05bb216d6,b8324dfbeaac,b5b6a219eb78,
CUST104348,normal,294,1de72befbbe2,9ece0d422a57,1f2922b2dc11,
CUST104349,occasional_returner,117,4a10c0152b8d,2bc7e24f57f1,845fd70b2401,
CUST104350,normal,1451,0f0e00bc9e2d,c536c8e9a5a7,43e8b8f5dae2,
CUST104351,normal,1340,5258effaba0c,544254d0d56c,33cff330aa9a,
CUST104352,normal,1029,dc4c3d0629a0,c38bf16103d9,7f0d55ae8b26,
CUST104353,normal,940,b1b7774e0d2d,33ef920c6403,21575ed10805,
CUST104354,serial_abuser,363,eacb22162ce1,bfd256d9f9b9,3fa0e2bd4b46,
CUST104355,normal,859,304169a88a96,33ecb73c81a5,eeb82c4cfb46,
CUST104356,ring_member,1123,919103fa1d51,9ac12b41eef9,709e34ded531,RING34
CUST104357,normal,811,5f244982918c,0b34959a68a3,635003c8472b,
CUST104358,normal,426,466304128fe9,5c5648230818,101411fb3c80,
CUST104359,occasional_returner,590,8a40de4a3334,5ef4f81c9070,b6de85bf28b1,
CUST104360,normal,1262,fb0b2c6c728c,17affbf03ebd,a29fbdca4399,
CUST104361,normal,385,8d586040e1a8,808778ec9f6f,c9f1b5dc3e39,
CUST104362,normal,1442,0d8c323290b1,db2e6d51fb9d,4170faba6478,
CUST104363,ring_member,1134,9ee6a9bb0c3b,c4c48d9446e1,fd9fa97c6723,RING2
CUST104364,occasional_returner,1335,f56ffaf8e516,2d1983077c4b,abf561463b48,
CUST104365,normal,766,2e75fcaea75e,14d303dcca66,4de2482b9528,
CUST104366,normal,339,a044813e8768,7afad0989538,b115c689b56e,
CUST104367,normal,55,abfb5bc15613,23db055ed2ae,5ca2751d3912,
CUST104368,normal,804,f88c2ebedd39,7b67c61b3b6a,e382e76e47e4,
CUST104369,normal,601,b3e27b78cc04,8141348d55cd,a0251baa07df,
CUST104370,normal,174,6b9d44dabf5b,582cf98de75f,66e7f655751d,
CUST104371,normal,1393,46a459e6997a,b3ec500ee483,27695c8eacd1,
CUST104372,normal,1455,f6d6d11c9334,a33a177f6d52,9401996b062d,
CUST104373,normal,563,ef49121c2264,7ff2811a0a09,c98d282461ed,
CUST104374,normal,1003,49643491d6c7,aa4e0f4717d5,0290c1f71b61,
CUST104375,normal,622,3ab1e51fd308,fbf2dc1e223d,7f82c1e5b053,
CUST104376,occasional_returner,747,ff0480643f09,638a0a30d1b1,290505884b6e,
CUST104377,normal,937,f72951727836,f24bf81b1bb7,beaa3f38c16b,
CUST104378,serial_abuser,627,96ac166cc2d6,d5f0e0b081f4,c3c20ceb8292,
CUST104379,normal,1203,60ec8072feb4,350e9421f8f2,f7da38b1aebb,
CUST104380,normal,288,379139f768ce,606c0516fea9,69c7131e0a8c,
CUST104381,normal,1004,1c95087f8929,4da0dc822ab7,f602f46b836e,
CUST104382,normal,1474,54117113199b,2349e46d549b,74273748f03e,
CUST104383,normal,1275,3e12ad727219,c422bc4b3a3d,e2baa1ced95b,
CUST104384,occasional_returner,73,cc15191adef3,ad493664cbf5,373d2f577b93,
CUST104385,serial_abuser,175,1481b196681b,d5d8914b4cd6,d531b7838b15,
CUST104386,normal,944,9cacdff6ed16,9534b15628fd,4a24211908b1,
CUST104387,normal,1387,f1f3cc3020f5,8d6556b3ae58,60fad7fe73c8,
CUST104388,occasional_returner,1266,62faeee74e86,cdc9daa2960d,2af294f32b3d,
CUST104389,normal,1356,73944d7c7fa8,d3fca45c7e00,c0e542f07fe5,
CUST104390,normal,228,b4a018b76e8e,125bebb5f99b,f2a1fe3ecf5e,
CUST104391,occasional_returner,781,cb22cf51ecff,88ecd35a5dd4,3eaccf655cdd,
CUST104392,normal,1090,325ea4f3fd2b,79209ac1a4f2,017f90e13820,
CUST104393,normal,938,c682b82bbfd5,757a632140ba,ca77eab5f9a6,
CUST104394,normal,1166,ed617b6319bf,6956f3845cb9,6fb959c82ca9,
CUST104395,normal,323,6301a1f92064,79909563e2c7,97761695ee70,
CUST104396,normal,688,f74aed774a9e,75c26647c1b0,032b141b5019,
CUST104397,occasional_returner,674,b4dce037a5b3,4a1833ae2388,66531ae14c89,
CUST104398,normal,1410,bd7ec046e2b7,2eea84d2c50c,0d2081dca55a,
CUST104399,occasional_returner,308,4f12eda7b369,89e279ff15b3,b9c22863b851,
CUST104400,occasional_returner,492,c083d543305c,0c5df635645b,f98b2ed58639,
CUST104401,occasional_returner,37,fb855761c3d9,ec5fc308e947,e2e333f35cdb,
CUST104402,normal,231,60407ee0491a,fad364074c43,c5411f9d3d38,
CUST104403,normal,1471,d63e058a025f,107586a29f9c,18722ca4e909,
CUST104404,normal,1272,4a4152b38775,25a83bfc3274,854aeef66939,
CUST104405,normal,392,303bb15ee07d,fc403af0d423,812ab8a124ce,
CUST104406,serial_abuser,1054,ee0c64917223,2abeb12fff9e,aca37709810d,
CUST104407,normal,891,44efc77e5ee1,79df42ab3abe,7def6d9fe943,
CUST104408,occasional_returner,1360,ec6b253c79b3,70a5ab02125d,49fd9c59b785,
CUST104409,normal,453,ea4cad2314d6,7b18eca1ef28,c08d01d8cab1,
CUST104410,normal,1491,a9a2689175f5,a2462a60cf9d,ebe9fa9d2b57,
CUST104411,normal,559,1e7af12d0759,d33fef628618,9f31baaeb0e7,
CUST104412,occasional_returner,1076,983f1839a8a6,876e513a5002,67cdb657d6f6,
CUST104413,normal,599,43ee18d4795d,d1e8a3633d94,e88ce45d505f,
CUST104414,normal,1008,d8ceafb7ed68,8b6cf00b83e5,a7f4074d71f7,
CUST104415,occasional_returner,505,b6c8492c2166,c870a3c1b92a,8f3d05cf70fb,
CUST104416,normal,1265,0fc1809aa315,27a9cc41a670,4e6d24c50082,
CUST104417,normal,957,ee2ad00a9ba0,b638b0ba521e,f41b3ee8d5ed,
CUST104418,normal,436,dc880cd93e94,93e8eb8caf78,b489779172fa,
CUST104419,normal,1441,3549de8ea834,cbcee91f4476,28aa502f9c94,
CUST104420,normal,1065,815cce435092,85a956443e7b,8a307aa400e2,
CUST104421,normal,645,6289e0096f8a,bfe014a6b8e0,2ed11ddc5660,
CUST104422,normal,208,8dc81b3f3ec8,d9f9e678809b,3189c2ff034a,
CUST104423,normal,1460,1aec019107a5,b685f127f407,e462c5f500b3,
CUST104424,normal,1133,31575cd74dfe,e5e934898ced,81861c311fd9,
CUST104425,normal,1003,eb09643f519d,817c555ef904,d40c259ac957,
CUST104426,normal,1250,15da5bd2f788,8f04cfb9b87b,5deb56630107,
CUST104427,normal,912,9182c64b9cd7,4a9d075d2d0d,332110f801f4,
CUST104428,normal,351,408c9b7fb3d1,be669ffae8d9,812791061bea,
CUST104429,normal,359,65a5a877beaf,2678bb3fe097,9d26070b205d,
CUST104430,normal,123,5a26b42f1708,c258150b4724,a569d3a412e9,
CUST104431,serial_abuser,99,75e3a4a418c2,b33cde61638f,590112fe7a33,
CUST104432,occasional_returner,1094,dddd869fd3b0,0286ee4dc37b,0cc7077d4bec,
CUST104433,normal,1278,f34c70a48706,a0c220d83bb4,28bc6b0e7e31,
CUST104434,normal,250,8e780fcaeac8,c10d7abb914a,5a7bb8c58df1,
CUST104435,normal,863,5919d7f2e894,91cee33dbbc3,6e50c687fcac,
CUST104436,occasional_returner,190,b78692fb0fb5,b27ff51f42b6,26c15653185a,
CUST104437,normal,624,8a4c4a43080e,22ded47a658b,9cd61ffab8cf,
CUST104438,normal,1187,6f1b1eec40e8,75ad9300767c,4e93f3e92665,
CUST104439,normal,1218,2d2b79718076,003d83da9497,6ca443341879,
CUST104440,normal,1423,4cb1cdc8d295,5259ce3452c9,5bb0a2a50013,
CUST104441,normal,469,852c14eb4cc0,06eb752415f8,a5e7dc0105a1,
CUST104442,occasional_returner,1423,643f10845d53,99d9d5926184,721e25d41818,
CUST104443,serial_abuser,1176,ff945cce520d,b4c290ede8fc,7bc11a45e867,
CUST104444,normal,511,9f1f079699d2,2b2d30e61a5a,067c909fd575,
CUST104445,normal,495,966aa79183e3,c00b09b67bf3,9f0a2db1f95b,
CUST104446,normal,165,43061721ef88,565eecf594a6,01370071d082,
CUST104447,normal,1381,23471633a2c5,3eb08a51cd6c,a872fbe01c42,
CUST104448,normal,308,a93ea7b9ad59,743addef7397,92d3cb344d65,
CUST104449,normal,405,e68ddf0322f4,c7439a4d08a0,f59c6f02462f,
CUST104450,occasional_returner,622,5f998262ddff,8a13641b35e7,0628074d63a9,
CUST104451,ring_member,210,9ee6a9bb0c3b,9c2d85533acb,fd9fa97c6723,RING2
CUST104452,normal,1209,724cd0039630,7b11e9a00e1f,9ed346a9cc32,
CUST104453,normal,1048,ce44f54e6589,22004a36db15,acc0686c42ba,
CUST104454,normal,239,80599e4371e8,2d8261cbe964,1cb8e4b866bd,
CUST104455,normal,248,50900eb29e67,9e72d90dc8cb,e556d60aa806,
CUST104456,normal,37,e8e04014b9fa,68b4e005e7e7,7f3d8e3c4629,
CUST104457,normal,1424,72b55a270b54,b63dc937140a,53c2cf68a72c,
CUST104458,normal,656,94ac98243bb3,e12983bacfee,8a179eee21ce,
CUST104459,occasional_returner,985,f4b734e5f7e4,62b73dba56af,f5ba6de86702,
CUST104460,normal,229,73727c17e696,eb810ea8cb9f,3edd54669973,
CUST104461,normal,350,899989095e2d,c2a9063f0707,9baa1e691012,
CUST104462,normal,814,12bbf6edddde,69d2e689b1bd,890abe4beb66,
CUST104463,ring_member,317,570007f3cfb0,1d647fec151d,26eb63c677ad,RING1
CUST104464,normal,921,01b39b062c3c,f00df8acbc3c,17780b41605e,
CUST104465,normal,1386,fcd5cf1026e3,b7ab279ab5e1,b194eafa3ef9,
CUST104466,normal,461,beedfbdb3297,872b3eae666b,d1bc322281a3,
CUST104467,normal,913,054c24c71e59,a82175ab2fbe,349768a9c4c3,
CUST104468,ring_member,1373,682446ad858e,248093fb2b30,7cfea19f0c69,RING30
CUST104469,normal,1341,0acce1a02489,549bc9d61f64,d4cd34d79924,
CUST104470,serial_abuser,16,f9ef67b7b089,a0d16ed2479a,53a820403f4f,
CUST104471,normal,169,adb27505bf30,297bbc546e60,db266317d271,
CUST104472,normal,1479,4d02e69617b6,b2ae90cfd007,d2ecf3185784,
CUST104473,normal,1388,f5e2cefbecc9,a40db174c3e9,a6fad7e97fff,
CUST104474,normal,486,cc7960c48af1,bbe38b128879,e8992263f063,
CUST104475,normal,782,5a97c7e154ff,8f50d1c74014,0f68bf27b784,
CUST104476,normal,861,0b52455c38ea,dbe7edca19c7,d578b11864b0,
CUST104477,normal,1004,891e2cf911db,927a13a86561,80824dceed13,
CUST104478,occasional_returner,1126,bd8c9d564372,a790753a7184,1bae2dfd32e8,
CUST104479,ring_member,562,9b9ecb050cd2,d0e02326c47f,be975718de34,RING29
CUST104480,normal,1335,dcc3cad33669,d2bb0e0da7f6,3adc58748e69,
CUST104481,normal,93,0144415edcd4,24e959f05bd7,3cc61b4df6cb,
CUST104482,occasional_returner,53,73f0e53171e2,8786512d1f6b,50e9139727c0,
CUST104483,normal,1437,360d7d39d383,f6ad892ecdf8,b0c3275d1b48,
CUST104484,occasional_returner,269,e3a02419731b,9fd4574e4637,a443883f73c9,
CUST104485,normal,1491,61d96cc307bf,4ed7254b34ec,febc64d8cb0a,
CUST104486,occasional_returner,432,0dd0ef19b055,6d5e797e9b10,208d6cecc709,
CUST104487,normal,549,d313a999b8ee,852e702b455b,48f2ad597d18,
CUST104488,normal,46,627113a8a7fa,768ddf9331dc,7b1c6eb203d9,
CUST104489,normal,1416,183cb178efef,b2ea2bb2bcd2,08691898f488,
CUST104490,normal,542,8bf1318dd206,df144b3d6a49,d7133729e92c,
CUST104491,occasional_returner,255,50630cf1d0c9,69bab03070ed,4bf377b9ccea,
CUST104492,ring_member,727,7f4b4544d0a7,588fcd8052a4,4dd1442f4c1b,RING38
CUST104493,normal,236,ed6310461963,e5bdfab2bd73,e0af698a43f3,
CUST104494,normal,1185,6d4854e5d2c5,532a08bfd963,51d0a9d40de2,
CUST104495,normal,114,7facbdcd8260,9c32215c85e6,47d9592809ee,
CUST104496,normal,751,3f19e005cec7,e326e1ca8466,863fc514713f,
CUST104497,normal,589,6a5b51fcda4a,f045cba7a408,5b5182353a86,
CUST104498,occasional_returner,60,a8bec18dd367,84db13d638da,972b96ddc52c,
CUST104499,occasional_returner,83,8bf3e5814835,c22aec1cb1fa,5a0b3b08cb6b,
CUST104500,normal,780,ecfbd0c5d366,49baa2f823f0,46f1dbda0228,
CUST104501,normal,595,60bd5ffbcd0a,b3fed0558459,6d5c9ed6528c,
CUST104502,normal,198,a2cc36dee46e,7a281eb75922,c7a8589ee4cd,
CUST104503,normal,211,5aa3fc79b199,9cd1a61c341d,f597a3a89ca4,
CUST104504,normal,1208,f538aeb9e2ca,6cfa1299f424,3a303c2dab96,
CUST104505,normal,1097,731f1d85a844,f3e98860cd53,dd032d52fdb7,
CUST104506,normal,913,e5e7cc8df1d1,d0b2a8e2f16e,c8fbc3fe4ff2,
CUST104507,normal,1250,03ac11ebc02d,5e089ac3a138,4054e8304dbc,
CUST104508,occasional_returner,108,bf29b79d1c1d,6b110cd342c4,28896db32d58,
CUST104509,normal,1033,62d1d3fa4de5,e7b2bc1655ce,1d1d8cdd8808,
CUST104510,normal,1130,3cfedf32048a,c9d9c77783f8,f071a46dffc6,
CUST104511,normal,304,93665369bb52,3b49d29569c7,97f098feb3e5,
CUST104512,occasional_returner,806,ce6ee8a7a35a,98b233845242,69d5d3221b16,
CUST104513,normal,1151,624e7f3bb12a,ada96247c1de,a281b200d940,
CUST104514,normal,907,21a4e6cfac3d,2c476c137f48,a6df1c4f1645,
CUST104515,normal,378,d34e466e0925,e898e8966005,af433d4a6c1d,
CUST104516,normal,998,d6ee884228f7,62b4056489e5,feb261cb0721,
CUST104517,normal,1140,bea880fcfaf1,2159a39abacf,54f7524ac1ab,
CUST104518,occasional_returner,19,1959f948db77,0316c4b587bc,8e58507e35b4,
CUST104519,normal,853,b9b2dbf6036a,638a5a8ff580,8f630df46d37,
CUST104520,normal,759,0e60afb46018,63f1c84fde17,6df071740931,
CUST104521,normal,553,33ae68320e95,3f087428c148,ec65615c8ab8,
CUST104522,occasional_returner,71,9d4cd6b699e4,90c2b5847f50,e02784285209,
CUST104523,occasional_returner,129,4cea5a2df282,7b0fbc5f532b,3c1e6fee7346,
CUST104524,occasional_returner,1126,bbe95c893f2c,d313d919c0b1,6ba46556c35e,
CUST104525,normal,1242,52129162b345,f9322fb0f3df,770925060d25,
CUST104526,occasional_returner,631,508f64244d18,0ca628857ceb,7042f37b0bab,
CUST104527,normal,1409,65dbf9b52b43,25dc62d5ece7,683e18793832,
CUST104528,normal,1391,71d2355e2ab2,57306bafb85f,a841d6175fd5,
CUST104529,normal,1000,88d3142f4445,d011ef129a91,3bd1c3ef0f23,
CUST104530,occasional_returner,873,0870093c3d69,a5d0cc5ae310,8f514adeb5e6,
CUST104531,normal,1446,d1e09b9075ff,667a558f5802,273e8392d255,
CUST104532,normal,916,a42fb1d0118a,cf7649532f8f,2436b4dbdabb,
CUST104533,normal,1401,5b57ea440526,928bd2b73a19,d31a152710e3,
CUST104534,normal,1468,1b3eb74bea71,abaa2569e1f9,436c584c316b,
CUST104535,normal,295,ce0a46256a4c,e9924e21838a,eb47901fe03e,
CUST104536,normal,992,6bace5a76ebb,a5caa0caa080,70ab6e4e48fa,
CUST104537,occasional_returner,1098,6d5a6b61876c,fb63bc1b74d2,dd152437f3e3,
CUST104538,normal,1231,ddf885697e0b,3941042f3294,30afb4786a3c,
CUST104539,normal,527,80e38100061e,be4af83eea75,a49bc7248b96,
CUST104540,normal,1293,5cf1e5ecc2e5,0d07ef1a8d67,12f99803b726,
CUST104541,normal,733,149b34969b18,c903e63dc20b,1ffd2b6f2cae,
CUST104542,ring_member,583,c53d8623b7c5,a8966dab5d6a,38abf8ef8fe1,RING12
CUST104543,normal,239,a50c7d578f04,45e2dd77c71b,9e6a3d786867,
CUST104544,normal,485,b1bf5c16a952,8b3409eff23f,529aad05d1a1,
CUST104545,normal,1462,487bd495a7e8,8f45626bf890,51f4d68a4b95,
CUST104546,ring_member,1075,f03dd9c2d13f,c157d3547cc2,d0388a77a545,RING41
CUST104547,normal,1090,a470e15e4fa2,594f9af9ed0d,869607d8d56c,
CUST104548,occasional_returner,1343,700676831f0f,3ef993e68651,858317e80733,
CUST104549,normal,404,7a3ac8dd3374,2daf1119c5d7,59e5b910e413,
CUST104550,normal,994,7190b0f8af7d,7339967ac4a3,1cd427290af4,
CUST104551,normal,560,42350c52081e,b1defe999818,467d08ec5efa,
CUST104552,normal,1272,f0342c56052c,03072de7cd4a,40f0d0806196,
CUST104553,normal,636,5b1698020311,e452038bcf15,fe5e7e94b462,
CUST104554,normal,1283,535c52d99e7e,329e0ef4c7d0,1bf802faaf1e,
CUST104555,occasional_returner,1122,9625d89b2694,90355b33bd2a,154830854f70,
CUST104556,occasional_returner,1159,41152a22495f,4f91bc2f7864,91d2c6c19c79,
CUST104557,occasional_returner,1388,042b0724a617,0f053bd8a6e0,d481a8283eb1,
CUST104558,normal,1186,a56dba4ff74d,335b1793592d,6ea4887077d1,
CUST104559,occasional_returner,485,32873b3fc060,5b25e3bbb246,612ed3b33276,
CUST104560,ring_member,784,a3fe17aa8a28,fb2fbdaa937a,ec747acd66a5,RING31
CUST104561,normal,711,9721cabbc532,f3df5673454b,ddb7afad9a53,
CUST104562,normal,101,43de53f897e6,6b9a3216ed58,86c9f997b41a,
CUST104563,occasional_returner,891,9ce82cbad9d5,39741c3526bb,f85187acf356,
CUST104564,normal,658,4cbf88e6fe64,e3aab37acae4,77ef57a20a5a,
CUST104565,normal,593,44a72c848176,a77cdc8bb2cf,f08237d81a1a,
CUST104566,occasional_returner,168,acc86b2c7a75,4e223ef96867,bff0676eebc9,
CUST104567,normal,758,f881ec43cb71,2a4dfcffe51e,0a1f5d926d3e,
CUST104568,normal,870,378b9d95bddc,68aaedb0edf1,5557067b4371,
CUST104569,normal,163,af1212e4e51b,628cd1e1e14f,ec581ac70042,
CUST104570,normal,954,b93542ac903c,c148725df63f,1e264750cc13,
CUST104571,occasional_returner,255,a44ac8ce185c,fd539a81cf04,122d48cfc489,
CUST104572,normal,221,b525636fb344,23c007e6aa5f,05eb4ffa0cf2,
CUST104573,normal,604,efcaa8c714ad,5d3f84890e05,13190b856bf8,
CUST104574,occasional_returner,586,977431cdea69,9ad47d64e05e,1c4ef1bab123,
CUST104575,normal,1372,3c6206ea5bf1,4c88e79fde31,3bbd0f1df0ea,
CUST104576,occasional_returner,106,b963c8e0195b,a35d176e524f,3f858c44ba50,
CUST104577,normal,527,f978df1e1ed0,643fe1172b36,8a98ae2e08b6,
CUST104578,normal,1103,1dbc7de310d9,086e81fdb016,3087c86401a7,
CUST104579,normal,378,826301d146fc,d6f487aeca0c,d6ef5ddf53d8,
CUST104580,normal,1472,7d3a09507709,0b7ae874241e,0e7a62c3657e,
CUST104581,occasional_returner,1115,2cc4082595f2,1fd234b0b908,c5f8ef481827,
CUST104582,occasional_returner,1419,cef071c8dc87,336ab50d0cce,f60ecce0315a,
CUST104583,ring_member,1423,741e5c598f50,cd36967e489b,5553cfcb463c,RING15
CUST104584,normal,168,a49ef4cc8b36,0ffc9fe616e9,77d10c60f2f4,
CUST104585,occasional_returner,691,b755308032ae,6414b6364bbf,79f41c1588dc,
CUST104586,normal,1118,1188872fe16b,2a5e6a784bbb,cfe49b9a608a,
CUST104587,serial_abuser,17,3cfea3683c62,57fae3f4e7ec,c7627cd9445a,
CUST104588,normal,680,788ce5339769,ba0ee4f3a9bd,984e4ac0043d,
CUST104589,serial_abuser,1033,1342e5e09211,c1ac40118ee6,040ae1f41f85,
CUST104590,normal,1190,586c1493bf1e,b43437b3b9ed,acf5d712950b,
CUST104591,normal,625,90d880dc3bce,f3800458231b,20e55bf46503,
CUST104592,occasional_returner,1295,5e597379f789,d25630bf41b3,8c4a5af3321c,
CUST104593,normal,1012,7ee7862ce1bd,023371f00909,3f52f75c6523,
CUST104594,normal,73,1d91b9a5ffdc,699c799b2c4b,aa15c3e5ab5d,
CUST104595,ring_member,420,c26c922b8179,9e5a89fddc0b,ec6b214e0a6a,RING16
CUST104596,normal,1407,5c5d4d5335f3,3af243f30449,36f9a50a7bd2,
CUST104597,normal,8,530fd3c73f90,bd33007da419,c1f92313c4ae,
CUST104598,normal,166,60a195acb27f,1ae86d22e4d9,a6ee73d4bf75,
CUST104599,normal,520,dd12f09bcce8,c47df05ea301,957f194b4934,
CUST104600,normal,1490,01964c7eceec,391ae06dc0a6,963b7de5ea73,
CUST104601,serial_abuser,1058,253ff362da11,82ad15d84c01,8011b6bf6218,
CUST104602,ring_member,225,d6551ebb1b3f,ac660321b9e2,9c4be22d89d3,RING3
CUST104603,normal,592,28c829738c06,f32e1d593ad6,3eea1e3c539b,
CUST104604,normal,1409,c5e14502cb26,c880fb27e50c,7c225b385a66,
CUST104605,normal,332,67cd3a752b10,c459a67f6fb1,8e3a0242a084,
CUST104606,occasional_returner,865,0d516f2db6a0,479de5d26cfd,5135c4eb1990,
CUST104607,normal,698,adb026674c7f,7edba7dea9f2,87bb901dc1cd,
CUST104608,normal,1141,78fd36ddf781,5673265fcbb5,582f1252ddbe,
CUST104609,ring_member,1129,c0281096f293,e1e898c853ea,4d8ef8a39a1c,RING22
CUST104610,occasional_returner,1250,724c63e60d1e,45c73aad7404,814bb36f462f,
CUST104611,normal,183,dc4d7f54e3bf,30554bdaa75b,60b5b53ed10c,
CUST104612,normal,683,185b554eeb3d,18b8001eae34,bda449c125c2,
CUST104613,normal,1039,1a430af471f4,acae4367c836,eb8907cabc66,
CUST104614,normal,631,310479a46f26,f69a49c2d371,b044fe3e7e48,
CUST104615,normal,1002,e18f6001b3c8,7767fc3766fd,654445a17e6b,
CUST104616,normal,955,847938051ef7,cac879018218,e5757d64e157,
CUST104617,normal,559,b2d01ffc50a9,ed83fa57d9eb,157e513f9407,
CUST104618,normal,154,364e3a89db8a,dace36a44ce4,ab4b73c88223,
CUST104619,normal,1455,30cf9c66c02f,4020b609991e,cddd485f013c,
CUST104620,normal,1239,1003d0d8f7da,606e1abf32ec,7b771ea72351,
CUST104621,serial_abuser,1342,7f17c1ebdbf5,595bf4b10dff,189469b1b94b,
CUST104622,normal,453,aaa10aa524bb,189bd4c7708a,93acdc7a9665,
CUST104623,serial_abuser,477,5e8215de84e5,b71d80168d6d,dcf1da063d24,
CUST104624,normal,488,1a857e6d65da,849705767d73,f5e8a9715aca,
CUST104625,normal,51,8d69f4ce35fc,7ab2e573040d,96088a891625,
CUST104626,occasional_returner,258,1bfa82a9bd16,80d456c3d3f0,d68a5a0c2c8c,
CUST104627,normal,465,fc1ee5054ac2,efb642588646,cd94865257d0,
CUST104628,normal,1481,9a53602769b6,103774c2e999,5610eed1f029,
CUST104629,normal,311,9f35bd11b974,31076d796a06,8a44826e506e,
CUST104630,normal,764,6eb91c389f65,1f6d24deb4b0,e0024cedf37c,
CUST104631,normal,823,bc98392bdf4f,f5d08a848766,4dadd1b577a9,
CUST104632,normal,542,438d4ae85cb3,268907f6fc8e,d98656dad10e,
CUST104633,normal,1378,228569e2b11e,3f6356a8dccf,4bba4836164d,
CUST104634,normal,144,03d0b35f2e46,89a78fdea481,af7f7afbcb56,
CUST104635,normal,1306,38333350d058,24ff9087511b,240a754e4ad0,
CUST104636,normal,1116,e55f52f4bd23,bf12c3e0f2dd,19b42bd62edd,
CUST104637,normal,462,973042e90d13,fcacf44cb357,6ec17e8c92bb,
CUST104638,normal,1152,2ea433521266,21b53d90570b,eb247ae2b8a2,
CUST104639,normal,645,ee06cbb747fe,eb2b9572545c,5b2c146cd52d,
CUST104640,normal,1456,167bb8649dcc,ac5baf0083b0,2e026d299c99,
CUST104641,normal,59,f955420536da,0c8ceada12d5,a78aae9e6071,
CUST104642,normal,49,fc54989a803e,6588bc091e14,ad5bca9def04,
CUST104643,normal,818,eea82d5f3f23,67d970d2a90a,7ee231bb7891,
CUST104644,normal,1397,472d936e424e,a028d3c8d1f2,d3276773aa26,
CUST104645,ring_member,99,e5bd4852981d,9fcdeb1cc954,a08d15bf0dc7,RING9
CUST104646,serial_abuser,1167,17ae747eb918,e8ecd4036fa0,26a220ac4db8,
CUST104647,normal,1408,3e1a24a18d10,1c9e4f046e35,e444b40a4c57,
CUST104648,normal,732,2ba0f7a841f4,40e0de557bb5,655aff5f0a6a,
CUST104649,normal,1301,384758c712a6,c1116d6bacee,b7ffc35d96f1,
CUST104650,occasional_returner,1136,5aed0d6abead,acb99a34cf4c,5095211419a9,
CUST104651,occasional_returner,325,ad98ea33d39a,01540bdeb5d3,6a2bb102a04b,
CUST104652,normal,1281,516b7c24d70e,d5577262c908,31061f3b38d9,
CUST104653,normal,1050,15cf0f802d31,793ea50bc69e,337c9ea9afa0,
CUST104654,normal,23,59cf4e1b668d,4a037b5a39ea,c814e46546ad,
CUST104655,occasional_returner,854,d0c11d65bcd6,77ae7c5bda42,fd26e98872cc,
CUST104656,serial_abuser,983,06b242ff7dff,91007ed5230e,1589124fbc54,
CUST104657,normal,1203,48910ceb1bdb,e41702a76b0b,4fd95573a219,
CUST104658,normal,1158,07bf670e6b6e,e5b8e4ccf035,399f3167c091,
CUST104659,normal,716,2d120636bd77,dd2f111596c0,a12ed0bf356a,
CUST104660,normal,451,e004594752b4,c113c1cabcbc,d5882cb8f886,
CUST104661,serial_abuser,291,f8165f505079,c7ddfae38454,f8d9b21e515d,
CUST104662,normal,138,4a40141e9951,f03b0424722c,b9736b6a8e8d,
CUST104663,normal,961,7c9bbd3fd96e,432c19b0c9ed,b18cd8b13461,
CUST104664,normal,1439,9a67bb2222d9,94900c3734e0,98d30f725301,
CUST104665,normal,125,8d9fe863ec3c,35ce8d89d767,9eaed31e45ae,
CUST104666,occasional_returner,1055,423b6f20f37b,43e8181d3cff,d44551a17a9c,
CUST104667,normal,878,fd01abb83604,90cb3f9bef4b,8ccbca33c8d1,
CUST104668,occasional_returner,261,6894fd0e6579,1df054c180cc,00dc5fed5e02,
CUST104669,normal,322,12a0e4ed93c6,54e4abcda69a,10949f62a44f,
CUST104670,normal,430,812a578b9fa6,88e11639794e,e31d4239dda3,
CUST104671,normal,1028,cb06b4ec6a19,d247b7f3e241,57057b45057c,
CUST104672,normal,451,0d61c1563153,2dd8c764d016,f152d3105522,
CUST104673,normal,1242,cca71c7e9cec,549bcee7572a,78bb1cdd7e11,
CUST104674,normal,557,364528ff465b,f803b339274c,63684ce6f800,
CUST104675,normal,168,63789c37270e,6f5a73a06c83,574511e308aa,
CUST104676,normal,147,3ff4da58d740,6d6a5ad2273d,c26eb0f0a51c,
CUST104677,normal,603,ec75b9b24188,3730929bfe52,f9e9826fd4c5,
CUST104678,normal,614,71e3f6643704,d8c66c25abe8,85b66b4286b5,
CUST104679,occasional_returner,1101,0929187c6115,acf928d02025,0c7b62ac7109,
CUST104680,serial_abuser,720,b8291a9b43ba,0ffe31e1dd14,5b6d2c0ed608,
CUST104681,normal,249,dc0560aaf6c1,6534b8333c1d,8b87e4d5e00d,
CUST104682,occasional_returner,323,19c08df14141,6065a0afb32c,8fd6e65cd95c,
CUST104683,occasional_returner,851,6fedf49f011d,a466bc1cc1fa,69491813f7bb,
CUST104684,ring_member,504,0cbadf646cf1,2ac851e0b975,710d1c5baebf,RING20
CUST104685,normal,1009,905b5a270540,ecc7a319f309,45db4df6b706,
CUST104686,normal,1384,81f71907f6d9,d2b11cb20b06,6a95030dcd67,
CUST104687,normal,535,239610e66d6d,4f8353811b7b,55ed01b85366,
CUST104688,occasional_returner,830,856978d3f4e7,f405e98ccc35,83ea8512e38f,
CUST104689,occasional_returner,1248,dc048a1a91a2,d8cff583ffab,0b9572e1e184,
CUST104690,normal,319,16fdd52b65c1,5aa638ecac06,2c03f6fcdaa2,
CUST104691,normal,768,3db61a09315e,9bb0ef9c6f6c,fb54e4111d35,
CUST104692,occasional_returner,461,615bb4ac83e0,d2ab5de4eff0,a06f65ce022a,
CUST104693,occasional_returner,942,be51bce98eeb,bad566b74de4,c5b0f4a8b633,
CUST104694,normal,1115,03e97b0447c4,44394964405a,007db6b1a7a1,
CUST104695,normal,215,61b84d0380e6,82f68b9cc2dd,20a769509360,
CUST104696,normal,285,666e2b707a98,9e8cdc4f9ec0,f269251d6d5b,
CUST104697,normal,39,9cb4432b19ae,20ef5fe777f9,abfeab9e6a12,
CUST104698,normal,23,e12d0cb74326,5a467ca14ac4,b572287af6cb,
CUST104699,occasional_returner,80,e490e7a9a672,175d3bdff598,69eee0cc4f70,
CUST104700,ring_member,1061,3ededa89901f,8ce372b43354,806b7b00ad2e,RING19
CUST104701,normal,1356,3cc7c40e3b1d,7121d7473556,f0925b23f9a2,
CUST104702,normal,617,c0255f1957ab,33afef12209e,9cd3bf497094,
CUST104703,normal,1324,b3666920f87c,0d4d88cb55e7,31a350283973,
CUST104704,normal,1095,3bbfbe5ccaa5,551302f14e6e,dfda74e92fef,
CUST104705,normal,1212,c3ffef67ad9c,22247c09ccc0,6a7d75b1a648,
CUST104706,normal,1111,a92edc9430e2,862a7252ebeb,8a19c67a1bd8,
CUST104707,normal,303,ed2a9a9ef220,b63f0b4adcdb,516f48d3e660,
CUST104708,normal,787,d4654ff190cf,09acb50516b7,3db1ce19d65a,
CUST104709,normal,790,205aa17185cd,b86e4a5f78d9,a1c79891d4c5,
CUST104710,occasional_returner,964,6b70075c066d,051fea0ed84a,c9ca069f5a39,
CUST104711,normal,1195,1492e3257572,a9f756518ad7,a63267cf32fc,
CUST104712,normal,173,aa3f0ae70515,c12fcddb6622,16fad8fba6d4,
CUST104713,serial_abuser,1013,720121c7ea40,c947e68a9190,f8ad11c0543c,
CUST104714,normal,1250,620f4fbb964f,05891f529e0d,3d5cad5dc8e7,
CUST104715,normal,177,543205330a6c,bcfebb1ee5c7,1f415a8c754c,
CUST104716,normal,625,169f744076cf,698af8efca62,537145990438,
CUST104717,normal,1343,d5e5d28c3158,dd680a9ce22c,55e0957f74d3,
CUST104718,normal,41,95475d8c4414,7c1de3becd41,2542b8ee7c14,
CUST104719,normal,245,503e2d791891,a9fb7be50cb1,86e2c9b6d1ea,
CUST104720,normal,1206,48ac93a6ba7b,697944ea821d,0b1ce00157ce,
CUST104721,normal,261,29d1e36ae322,3f07b62fea50,c81526921299,
CUST104722,normal,1054,4fa4f26d15a9,1b6e64c2498e,5ca0bcd20d66,
CUST104723,normal,1352,f06b858b1f77,31b9ab2a2c24,1f1a5e978f00,
CUST104724,normal,750,3b3ff9c050ea,4de4f3f884cf,cc9fea7347a9,
CUST104725,normal,729,96a538f4f395,955da18f0a46,4223107fb36f,
CUST104726,occasional_returner,645,9fd6185588c7,cb60715b1cc5,ead316ae53dc,
CUST104727,normal,562,c947dd2d6762,3d7edd3d5716,3ade7321f688,
CUST104728,normal,573,decf51b81981,6b9e228e249f,428956d9ed4c,
CUST104729,normal,832,f8203407fd82,444101fec033,e4e0ff9ad35f,
CUST104730,normal,1343,3ec940f38ee6,78e6c89e8427,3b39ac1d3550,
CUST104731,serial_abuser,1472,6477a53ce3fe,9fc660541dc6,715b274a5a1c,
CUST104732,normal,1299,6ab39883756a,f1215bd6f873,743dd67914d1,
CUST104733,normal,183,9685e172554d,7e785756a5a5,a17fa26fae19,
CUST104734,serial_abuser,463,257404c9fbf3,7ce6f2b13ff6,a4782bb00c60,
CUST104735,occasional_returner,1136,387c0e89a842,393c318b2bd2,2aae0d2613f0,
CUST104736,normal,820,a77de69ae179,58a76b9caf1a,6faff8d17916,
CUST104737,normal,504,7d2663b908ab,88fb72e4aaaf,e5089705eadb,
CUST104738,normal,470,2943680bedbf,71e92f812c5c,bf56c303225d,
CUST104739,normal,179,2aed63e01acf,0cd8f135c35e,a154d7c4820c,
CUST104740,normal,501,9bd8b34053f1,9096d42899bf,9afbfa5840e4,
CUST104741,normal,635,3211b93699c4,92e9d57a51d7,ddec45cf183f,
CUST104742,occasional_returner,626,e0622b83ce75,08e23e3ba9f2,3b304e0baa20,
CUST104743,normal,825,faa6a4617725,e80c4ae919cf,7819c994bef9,
CUST104744,normal,413,44bc918172e1,d93b1eabf47c,5ba1d3aa5bc8,
CUST104745,normal,312,5df3e8d6fbe5,a3afc1dc0999,93b590bd1d19,
CUST104746,normal,1331,0f6f665933f4,23d170879d2a,27890e3a8835,
CUST104747,normal,610,1d032fbf19c0,5dd1a8e2804c,35ed86a3e194,
CUST104748,occasional_returner,385,ddbe8e2cf13d,61e8c2a3075c,2d49311af802,
CUST104749,normal,955,421cf75210cf,273cc034cbb5,0f5a2c4851ae,
CUST104750,normal,815,4332c73d9277,b39593bf6ed6,f958cd883934,
CUST104751,normal,866,1e0de2b5a02b,b1f5a6458a94,b6061f5ea4ec,
CUST104752,normal,336,3ad3a658b328,c5d4adea0ed2,9273e247e9a9,
CUST104753,normal,1086,6bf4ea620bb9,d48384e082aa,077c99e26b8a,
CUST104754,serial_abuser,292,f534c85eab35,fa94c6534654,08ff383e6220,
CUST104755,normal,1255,05f965cf831b,ff4eb2fb69d5,abe9813de7b2,
CUST104756,normal,638,09177bf6cd6c,dcf644096505,e53e2f1fccea,
CUST104757,ring_member,616,14ddb06875b3,7f2b7d0c1f03,3f4d223e4185,RING28
CUST104758,normal,585,3939542c9e62,704ec0a12ccc,1ded273b641d,
CUST104759,serial_abuser,637,44c6d383ad50,4155434b7735,96eddb306a10,
CUST104760,normal,999,b76ae8932ebf,8596808373a3,f1fe9b7d3a65,
CUST104761,normal,747,f700f181b493,45e4f0a4f172,82ffafa1b44e,
CUST104762,serial_abuser,194,3f49e9d5f86b,4a41893a038e,73649e47e1ef,
CUST104763,normal,851,5e41dc99e7bc,be4efd047185,9a43b63dc493,
CUST104764,normal,404,0412788de1be,40b957f50d23,4ec8214f8ad5,
CUST104765,normal,166,ccc0cf91f1e6,e7fec7645165,888558d4f6df,
CUST104766,normal,1260,51b4e98c781d,bab168e3b4b9,428b12b24a71,
CUST104767,normal,472,3eaf7153c0a9,da5b3b64c471,29ed69675cf4,
CUST104768,normal,894,fbb76073561c,fcb848c92807,47820f1f3c68,
CUST104769,occasional_returner,261,5ee418183b09,adac39d60ae9,7900f999a238,
CUST104770,normal,512,207d1fbfe5ad,309ffd71d547,f033e8b58401,
CUST104771,normal,581,446abd44c762,03d0e59d8f5f,860bb194df54,
CUST104772,normal,205,6ab752272b88,b97b6f4f2323,7bb5150406e0,
CUST104773,normal,1460,8f2a7f68044d,ed83fa57d9eb,5a4e142769e9,
CUST104774,normal,470,46dd11303654,e0ac5e86e2f2,a26f0c80e700,
CUST104775,normal,876,010acc4faae6,13a82426006b,d5dd1ca39b52,
CUST104776,normal,850,6d5972732c14,e5ccf191e274,1e9bfc369b00,
CUST104777,normal,646,042495e2d554,ed8f153e1527,01f1200854e0,
CUST104778,normal,880,380024bcc2f7,5588a16b25af,fb94fd55bba4,
CUST104779,normal,851,6cf22dad065f,2e8259f85ee6,60df8481e47b,
CUST104780,normal,124,e6d6027fb1b6,3116702c8b2e,3dfcfe9c259b,
CUST104781,ring_member,1005,e5bd4852981d,beab23991612,a08d15bf0dc7,RING9
CUST104782,serial_abuser,175,d62c4fc9c124,8ef35954fb4d,ae16b81636d9,
CUST104783,normal,655,b789879ed543,192de9ed5f5f,5446cbe0938a,
CUST104784,ring_member,550,a803e237790f,34486b35ef58,81540ae562e3,RING40
CUST104785,occasional_returner,674,fae45bfc71a9,1ee66b94660d,e9aa6317f7e6,
CUST104786,normal,112,7d1eff879538,71b82e6bd550,73e6ee7dacce,
CUST104787,occasional_returner,1053,8fec8a2f62b2,9a6ee80d8123,cc76e025973f,
CUST104788,normal,630,d681cff9a09d,aa09bb25f4bc,49026aed4b84,
CUST104789,normal,95,e3df0e1633e2,bdd68626e731,8bc50dde7d8b,
CUST104790,normal,10,5443aad12f3f,366bd3b5067d,cfd20cbe3bbe,
CUST104791,normal,812,fb451f0b9d38,da480bf24005,78f181eb7ee1,
CUST104792,normal,1001,7977b3b220d4,d6998936a495,4853fab45b6b,
CUST104793,ring_member,823,ef2a5ca81b4e,939bf4cbf7c3,e31eb52351bc,RING47
CUST104794,normal,1082,973cc518ebb4,baf1b59c45e0,78009f0b8b62,
CUST104795,normal,1136,546251efdbb1,a2ded1926918,1a20372fa1a1,
CUST104796,normal,1308,33c669e7f7c7,38c15a208335,51e5a91bd16f,
CUST104797,normal,1474,e94fa2d348ee,c6ca4a104e72,6e4f413bc748,
CUST104798,occasional_returner,1327,457fba37d4d4,59e3787eca3a,0e40d2f8a332,
CUST104799,occasional_returner,1194,140d2368dbf3,1142709a344a,d3c5721ba9ad,
CUST104800,normal,649,6b4e4530f14c,b52293aa9969,56946d70f630,
CUST104801,normal,758,d68ec4a981db,db3e57923502,1f1d5736cf38,
CUST104802,normal,925,d9a8a8e59826,df3161e1808c,1c9b323adeab,
CUST104803,normal,258,3ba4ddf74757,cdfb917dbfee,4f6fcc4127b3,
CUST104804,occasional_returner,1018,a8866f85d28e,22e7db27b2f1,df3333038a8d,
CUST104805,occasional_returner,884,87d794f66469,f9e6c6c44a06,ce06dc6b0352,
CUST104806,normal,782,a97ac1364528,b8fde1fa478e,a20a2bc3e93f,
CUST104807,normal,1252,f5b55cbd9445,eccf63842d52,5802ec62282a,
CUST104808,normal,1032,dcd7968ca7d2,22dae689b883,3b92848078a1,
CUST104809,normal,1398,d3dbda3de530,2ae4e247b2c9,801186e40efb,
CUST104810,normal,1464,7d2fc412233d,532af1fe1251,18d53b18c927,
CUST104811,normal,1238,0a1843e29347,d56d5ba38aa0,cff195cae1e0,
CUST104812,normal,450,94aa1fded4ca,1e975ea17211,da35e8e54577,
CUST104813,serial_abuser,287,94808cf1aa8d,625e406d4fef,9893292c6375,
CUST104814,normal,452,76b771e62fa0,300d3f1258e2,5cee2737195f,
CUST104815,normal,1070,b41fb4a47100,01dea7f8dd51,8bfc9dc8e7d7,
CUST104816,normal,1297,2895993cb024,5099a43b224b,dbddb312b3c6,
CUST104817,normal,1320,e57408bda1a6,e4836e072cae,9d434ffa1395,
CUST104818,normal,1027,ada3cc99b14a,3fbeb561a49c,abcc116cda40,
CUST104819,normal,1023,da27d16ca96b,152ed7a82be7,a5a1887f976d,
CUST104820,occasional_returner,1428,3819a08d36c6,e42b725b1fe4,c27889a73537,
CUST104821,normal,1030,3d4b955dc62b,386fc463277d,3fed8481ea81,
CUST104822,normal,215,bd0e57058fb2,f1c6b9daa666,0c10b190e46a,
CUST104823,occasional_returner,752,00fe76c89f1f,7d9b2b74e05e,ca9b76813739,
CUST104824,normal,541,1e41efabcf15,9c0e56bb23fe,04c96f51b6b8,
CUST104825,normal,957,8348ec6df5f9,6f8b185310fe,3c0536bc647d,
CUST104826,normal,955,28a683b097c0,3fec519882e6,0c9b9d67bc0a,
CUST104827,normal,445,65ba154e302b,6b108e98ba48,c30dc44ebd31,
CUST104828,occasional_returner,453,61b2906b875b,afd930c1905c,e82615b128a4,
CUST104829,serial_abuser,137,909c352db3dc,12f177879280,295c4d8aca8b,
CUST104830,normal,443,9cb2f4efcc51,a54c7eaee40b,3e9af32a4eed,
CUST104831,normal,1242,4aea41018f6b,d93e62534b31,3588f7326bed,
CUST104832,normal,984,3ffb97e057e8,bcd76af1fb8b,f7a046e30a23,
CUST104833,occasional_returner,1415,6eb58991e902,0131d6accfe9,fda05f6553c1,
CUST104834,normal,1389,a844844eef07,11c1369dca6a,adde465fd08b,
CUST104835,occasional_returner,1285,4ae5a31b27a4,8fc624283615,4179aea2092c,
CUST104836,normal,273,b7013ef3a2e6,5a724160a024,a21f9d2947c7,
CUST104837,normal,504,9e3f2a85c229,91fba5e0bf32,c68d500c350e,
CUST104838,normal,90,9c9951051ebe,17453e0e7ffc,0a9cc6bc8d68,
CUST104839,normal,144,726e4ef9ef60,e740967e22b4,f270dc1f45e2,
CUST104840,occasional_returner,350,df726f6a3f59,d918e0319d82,ef39cc4a5d2c,
CUST104841,normal,423,23159df4ba62,69d2c6c7b852,84c3624a9171,
CUST104842,normal,28,de4408c27680,79f714ba257f,f8646b271dea,
CUST104843,normal,1265,2c48cc21c752,241738d1138b,4ec8ee12c181,
CUST104844,normal,792,940f3dd27ac3,b678955bb79f,f8c43c5de7d1,
CUST104845,normal,985,bf0f67ea5666,2da8c7a6133a,5842bf6fe6d7,
CUST104846,normal,982,b4928b710292,1cb52d7472c1,82b02448dabe,
CUST104847,normal,1450,c573b47fbbbd,6cc0339b04f3,7f035f803a2e,
CUST104848,normal,225,36ca72511a4a,e3ecf91bba45,582a58e1c6f9,
CUST104849,occasional_returner,517,752cdda3f789,1f4fa9632fa5,34d06a26ae6f,
CUST104850,normal,466,bdc42e02dc61,a75cc7167c34,a7e41e052e27,
CUST104851,occasional_returner,829,ec3aa4e201de,1a472261ba49,d80e00051160,
CUST104852,occasional_returner,791,c94bbe13a33f,7acabface7ae,a58376608228,
CUST104853,normal,1186,71ff9a3137e2,10bea79bb3c9,af2de1b1a9fc,
CUST104854,normal,843,51440502203b,1332f034bb5d,613956843dd0,
CUST104855,serial_abuser,354,f6b4f2925fbe,87ef73202515,97f6f79eb065,
CUST104856,normal,849,1b6c7581c638,00cb06d51fbc,e26ded768e52,
CUST104857,normal,1446,05585cf6ca22,43ba965a0639,f7728b27533d,
CUST104858,normal,870,e23c36cb7770,b6c2d0d43d46,6b538ac66c28,
CUST104859,normal,890,c08a9e2a66a0,9628ad359b4c,8929163efbd1,
CUST104860,normal,268,0fe9f5c0cf95,2f8a7178aef4,e97fc6cdc8e6,
CUST104861,serial_abuser,16,d334f1400128,e1a3026b1f14,027ac23f6545,
CUST104862,normal,318,be994eceb261,fc89ba4eb1b2,22877bce5d07,
CUST104863,occasional_returner,42,7c07e8d226e1,c540eb79b559,7a3c6bfa4925,
CUST104864,normal,681,1048379b18dc,697470ec3b68,64dcf80bb291,
CUST104865,normal,1323,2cf0357d3c9a,60fe7f03075e,b70ddb6106eb,
CUST104866,normal,672,d3aec681b6a5,e5d8ab216efb,ce74f3468313,
CUST104867,normal,969,bd6d7bf25204,5db61d0ae992,79821a0f3b3b,
CUST104868,normal,1284,3d5378bd2105,14b911ab751e,fd1db7f80743,
CUST104869,normal,1145,9a676d2c0a52,0a0192a23900,97cb0a9d5469,
CUST104870,normal,977,e3b14a3555cd,1f98a96e3954,41f51c156c08,
CUST104871,normal,1177,3d7e196d8155,f76ba17e5811,d99c09be461a,
CUST104872,normal,424,f889fc8313bb,52e0c0aff78b,a1ee65171cae,
CUST104873,normal,633,64f454a97d0d,7b0e5e103a75,73df37dc42d5,
CUST104874,normal,601,42d8480e4189,79eee40aa43e,78f4a50ec78e,
CUST104875,normal,1198,12c09af1ceea,b45dbec8ab02,4803a9fe974a,
CUST104876,normal,616,f16d20e15534,f55117e9f3e6,a61b8c87bad9,
CUST104877,normal,1406,c8915f21c874,04e38e3e7a0c,f9accd488897,
CUST104878,normal,283,969320fe6f31,7f6273b28281,61b43c10e730,
CUST104879,normal,262,04cf3e484956,bc9b011b141c,7dc6a4d7ce10,
CUST104880,normal,1075,d3891255d6b8,83431a671bd2,c0b901ce6299,
CUST104881,normal,1147,1ddbd8e182a2,0c74e7e07285,18d4d6c51c04,
CUST104882,normal,1020,82a00d8d4607,2f75c7c34d5b,e1b966b4d8ac,
CUST104883,normal,465,09d28fe633bf,e55d2b5f5606,58aa65ab564d,
CUST104884,occasional_returner,18,9aeb4fdc4706,ececb5d4b534,c6ef794b4f9b,
CUST104885,occasional_returner,485,35cdec807337,2b8e7f9732a3,91af26a2f738,
CUST104886,normal,702,2bea8a80b044,3a3565a549a3,df36a2ccd45a,
CUST104887,normal,622,6f61e2470561,39c95a1f24f2,b331737f6e69,
CUST104888,normal,1383,1e4717a4f77e,6f16a264f7d8,a08a26a1bdbf,
CUST104889,ring_member,1296,a3fe17aa8a28,7e3ebddbe23c,598b2f86f38e,RING31
CUST104890,normal,1163,642984d2d49a,7bd0841fc5b2,4d3cc6c98841,
CUST104891,normal,37,98e77c364b63,4fee42b2bce0,8e3773448b5b,
CUST104892,normal,195,b8dbd7571971,70f6377ed78a,6656706dd595,
CUST104893,normal,653,7dd7f41e8cde,1cf06d2e5720,8b98ed01250d,
CUST104894,normal,934,e5f481629f4a,824620411c2c,de6bd3883bd8,
CUST104895,normal,1021,82869de918d9,f3b944ced52c,1891a5eb9719,
CUST104896,normal,447,559065ef591a,1dd104741196,b52b30cae508,
CUST104897,normal,170,335160f6f6eb,8c466a2b33da,32fdcf3145b5,
CUST104898,serial_abuser,495,8bd6cf2660ff,4a11845a7b4f,c16ba914a2ad,
CUST104899,occasional_returner,1189,966eed8da5ff,07d13cb3c4e7,6ddda2e36f0a,
CUST104900,normal,1479,cc3f4ecf9eea,c7ee6a1edf70,a8b94fd4e077,
CUST104901,normal,1413,b0b0e3777147,64f84f82f1b5,1b167c9d2685,
CUST104902,normal,891,4e743bfb370f,91a5a8c61eb2,dd06760a066f,
CUST104903,occasional_returner,140,199a0a8f2a41,6ddcce9db911,e6cc4d8329fc,
CUST104904,occasional_returner,1451,f9d22fabbe62,4790d8905621,8a62692774dc,
CUST104905,normal,233,dcb34573348b,bd378ed9d952,abe041270ba8,
CUST104906,occasional_returner,406,8f64f467ba12,6cfa1299f424,5c61f4fc8e8a,
CUST104907,normal,1461,e2661f57f439,7c9e23ddeffc,cf5c216ee35a,
CUST104908,normal,758,c8e05e67bc4e,3b3e0810e48a,0d26a52e5433,
CUST104909,normal,300,2d422053441c,aaa8bc892760,2b0aaed9a276,
CUST104910,normal,755,ba48e3e272bd,3d84747aea18,a9a56f10d44c,
CUST104911,normal,123,0dfe8500237e,2f60debab2c3,faf1b5f41fb7,
CUST104912,normal,476,05717b530eda,32c6091c2e85,64a9dd4bf9f3,
CUST104913,serial_abuser,1428,f982664e5a92,0bec9721d192,647c55abb6b5,
CUST104914,normal,451,bc114e8c5fa8,f59cd7c7f129,5ce93c884d94,
CUST104915,occasional_returner,1339,c0e63d76e6a3,979f278d109c,975f0bec28fb,
CUST104916,occasional_returner,816,fd3bbf734c02,f64baeddbbb9,99990007b72d,
CUST104917,normal,985,409b3ab609b9,227ab5f539f4,027dfa87fc4d,
CUST104918,serial_abuser,1055,3c77eec33eaa,40b44dfb59bb,350b3f526eff,
CUST104919,normal,829,e25fb90e1416,250afa0b6d90,8fa09d67758b,
CUST104920,normal,56,ed95a0655e22,17e4fa2482de,ff1ca724a527,
CUST104921,normal,1379,b15c23ffe803,68d7446f49b8,591abea01a2f,
CUST104922,normal,715,a5729e5d45f9,596328f95612,97ec765cc1c9,
CUST104923,occasional_returner,985,9302d06ccf5b,3c6768ccbe1f,4b849799913e,
CUST104924,normal,833,8fd54283671c,5bbb9f2f5e13,d5623087c0ba,
CUST104925,normal,989,94aa584b3c56,9af23e0c03c6,0fc200b8ae23,
CUST104926,normal,535,732cf9afc97f,0ef934810276,a5f951df85c6,
CUST104927,normal,1266,96fe1e1b8e36,27ad7f785970,9b479d9c53a0,
CUST104928,occasional_returner,340,0e6ffd8f8531,3fb28b3a22b9,99036f1eef66,
CUST104929,normal,981,093d48e0e207,299ee8b061f8,0c386e225555,
CUST104930,occasional_returner,868,89cc9904ec31,1c0c853865ca,57776a028fc5,
CUST104931,normal,757,ff95699808d7,27d0640985d6,9df13b25beee,
CUST104932,occasional_returner,37,689f9698b38f,05ca207a9a78,24addf7aa465,
CUST104933,normal,587,f41d50853d59,f538a98e9d81,d9af60452364,
CUST104934,normal,76,592e46df843e,76942d4432ea,16d14f36fd3a,
CUST104935,normal,757,bed2e436247c,2ff6b44f62fe,d190bdd6528a,
CUST104936,normal,1033,79428dc73234,2ba6c24dc1a9,a43e8a398711,
CUST104937,occasional_returner,786,fa299fb3c85c,e23e4b030cc4,73488e715ac2,
CUST104938,normal,1136,c105b832f5d9,3e3eedc31e61,1d0eca75e5b9,
CUST104939,normal,544,c81fbe5a410e,6c4d1a0d4f90,9a9270db3e69,
CUST104940,occasional_returner,462,f162c918556e,e862e93772e7,a55ca75a135f,
CUST104941,normal,674,4b6fb4ae9234,42c0c0639348,1931b2297498,
CUST104942,normal,347,ad53d34fcdfa,5e070018a9ff,67a382514172,
CUST104943,ring_member,1203,62bf2298a80b,bf63ed4a1115,1508ccb0bc05,RING13
CUST104944,normal,1215,429da4f69a00,87fee212e057,4eb5a953a08e,
CUST104945,occasional_returner,627,0bc8a99a8192,a59e89633f4e,8c697083aac7,
CUST104946,normal,1189,5e1d1f34cb42,017d66f9806b,e2229b7a6fd8,
CUST104947,occasional_returner,43,1691f405537f,f0851fc83214,ebf0cae195b1,
CUST104948,normal,236,ee8cc4568d4f,6d72b00c5825,643b11d983c4,
CUST104949,normal,428,201f7323dcbe,501a676c10bc,b6fd3f7f43a3,
CUST104950,normal,584,761267981d44,1b6ed078fcd0,81f919122a50,
CUST104951,occasional_returner,351,8d8f595e11a2,1f62b9979987,d2db4d441d79,
CUST104952,normal,770,fd7fa34f0342,a8d7b11741ff,407a1386051a,
CUST104953,ring_member,1191,3ededa89901f,1c31f99899c6,eee0f1d09c62,RING19
CUST104954,normal,687,797dad25162b,f6635d3a7f61,0f449bdf0e20,
CUST104955,normal,676,a9d2434eb571,426bbc027fbd,b5fc4caabcbe,
CUST104956,occasional_returner,94,0518eb808eed,19bf51757922,b688f5c15bd7,
CUST104957,normal,424,8cfae36ae814,b15f0e61c78a,aff23b2305da,
CUST104958,normal,1211,66514c695fa6,b7b72a5f8aae,5b261e9f3761,
CUST104959,occasional_returner,1217,8807a42dd51c,af50147d88a3,179ad128b0f7,
CUST104960,normal,160,ac199f512740,7a115b436033,211e28ddbeee,
CUST104961,normal,33,a983d6c69394,17396f77a71e,bea1c427805a,
CUST104962,normal,1247,629efe34a1f8,e12fca81d925,e8ba083a238d,
CUST104963,normal,265,52f36ab84240,2286ff9c5725,ded832f6354c,
CUST104964,normal,863,db2f55be3f6c,5bba1fc4e248,4b3f00649918,
CUST104965,normal,1241,148dfd8a7895,c0f2c3baf23d,96229fdad6cf,
CUST104966,normal,1182,206e62f1ab94,1d451538763e,5135eb657ae5,
CUST104967,normal,828,c51e731d9a8a,1899f5fa0b06,d1bb9404e6ab,
CUST104968,normal,568,0ac6d6476146,5e070018a9ff,1096acdd2b68,
CUST104969,normal,1161,6f76d4a24147,9f503ba6cb51,11c98a9d05f3,
CUST104970,normal,1043,d8a2561fc0bb,968c3c00c0ca,ff21b56742b3,
CUST104971,normal,1258,b3c1d8d09eba,aa178339d4bc,ac85e72f043e,
CUST104972,normal,773,77dddb1eb9bc,0413552eafa1,410cd705afc8,
CUST104973,occasional_returner,1413,324938569ad6,43ee022b4cd2,44a46d1e843d,
CUST104974,normal,1155,6b72973bb858,e6aa0153fd6c,fd97b63223bb,
CUST104975,normal,99,1afde3a0d69d,ff93b5c3888e,2115acdf2e6b,
CUST104976,normal,444,47e7419c55ca,b673ee0cac93,ee93652e6d5a,
CUST104977,normal,1199,752dc9fdae3c,2f34a8d1a976,0da47bdeb328,
CUST104978,occasional_returner,178,171663ae4049,3afcd1fd6e9f,8ac95c6c08ec,
CUST104979,serial_abuser,1064,85894d8f1095,8d786ad66418,164c9f12e686,
CUST104980,serial_abuser,514,96c4b75ffbe5,0f75fb30fb3e,5e3cc7b97f0c,
CUST104981,normal,314,31fd376f10a7,f960b5728a86,60feee5d0b6e,
CUST104982,normal,812,0107855e64b2,ef260b340bb5,923db2db50bc,
CUST104983,normal,1397,6786b52de796,6909144d4bb9,1b217a03f4d5,
CUST104984,normal,1347,501084e38072,99e7e8528357,e9cde5734a0f,
CUST104985,normal,609,e33095f4cac4,b48730e53087,de40b1abf483,
CUST104986,normal,10,f551e01be2cd,53abb811c43b,456e70ac38d9,
CUST104987,normal,1331,6b40f03e4010,742929438186,28c6f9b8c94f,
CUST104988,serial_abuser,1346,d7096fd46d0d,5f5154afe653,5ef1aab0d8c9,
CUST104989,normal,909,3cd2b60596c1,83b58d8e60c3,78fcf5049c11,
CUST104990,normal,944,b671a3a338ce,f323b2f04557,a283e69da95e,
CUST104991,occasional_returner,792,6a75cafd4bb9,57b5df6451f5,531d838dc2f3,
CUST104992,occasional_returner,23,638e3c72433b,24a11465bc2d,e1bc7278e1b5,
CUST104993,normal,243,3279ec524e29,d7e576414a2d,555523615991,
CUST104994,normal,219,1431bb3eff24,0e115f4b0981,35ad0e2d2dbe,
CUST104995,normal,1371,da67971f2562,3d05b2c8c3f9,de2dfeab73c4,
CUST104996,normal,79,12537ed412b5,a6cd6dd89d64,cc8dc4293825,
CUST104997,normal,837,e383f4fc5199,610e6c19479d,6f91c7a5a4ef,
CUST104998,normal,547,1f93404b444f,8b0fe9087909,514aa4609252,
CUST104999,normal,14,3d2be4adf50e,a0e8c4c38d2d,ef90ae976163,
CUST105000,normal,1379,d0279930b042,a3921a447937,444799dea1d1,
CUST105001,normal,32,554c844000cb,22408f6e7893,e6dc6ec16885,
CUST105002,occasional_returner,1284,1921fc2a0a1f,f83a9dc44692,402b88eb3316,
CUST105003,normal,1167,b436b5bc75e7,4e7af12b0c45,8dc70e0c7ea6,
CUST105004,normal,1191,fed29e0111ff,3d5a28326b62,444e4226c9de,
CUST105005,normal,247,6d25830fccfc,b12c310dfd42,78addee8a9d9,
CUST105006,occasional_returner,1322,10de3af43d52,71d53718b15e,c281fcb6bd2f,
CUST105007,normal,900,42457fcc0578,0a516d30452f,37274b4912e2,
CUST105008,occasional_returner,605,ac8731a2a81f,a78a474a6610,496febb587db,
CUST105009,normal,1023,cba68c7d0d42,4952acb05b93,47a84bdb05d7,
CUST105010,normal,515,0058beed2a2a,4b08f7b577e6,4ab4fc3a4238,
CUST105011,normal,422,3719adb50993,7550e336df56,08fa61f3e312,
CUST105012,normal,435,80201c916e88,44a72e933095,7365c666c552,
CUST105013,occasional_returner,856,4bf7229a28c3,4c55bb72d8c8,f0b38485e217,
CUST105014,normal,903,41d30d70c4ba,3ce5426658d8,8cf51d5de521,
CUST105015,normal,364,14833579137a,47f9d4ff48ee,d09554a2dad7,
CUST105016,normal,372,52e5819b7fc0,bda464a03bfe,ea3d6144d2ae,
CUST105017,normal,1419,0a1cbb8c0764,15bb0b0b518f,aff1a316c23d,
CUST105018,normal,774,9d68edbb6465,249df2583393,ef2a5e8d70ce,
CUST105019,normal,1290,8fc26b70e144,426b55472855,5943e65e0034,
CUST105020,serial_abuser,498,f3b3e9ccddcc,a9348fe40cb4,c04a20ebfb6c,
CUST105021,occasional_returner,435,38bd57a07454,619e1c76f2fa,efa8e65f1b62,
CUST105022,occasional_returner,427,71d0ee576aa8,6f396763d602,782e6b792acb,
CUST105023,normal,795,6cafa2a47587,45928c85fc2c,4b5e7f9c9ed6,
CUST105024,normal,1169,83140f9216d8,cfe866fcee3b,28f5a886622b,
CUST105025,normal,753,d6ff0a3502b9,794e5ae6f4ff,5016f0255a54,
CUST105026,normal,445,d2c2e909597b,cc95abd62862,5859433b96ba,
CUST105027,normal,1440,bfefb38c079a,97c5f2ccab99,344c8de3fbf2,
CUST105028,normal,860,f14898c11629,893a3ee2261c,48c7d8d48b18,
CUST105029,normal,594,c1935233d2d9,81576d802f75,3e73c0c95039,
CUST105030,normal,19,518307bc7fc6,8767a7967637,bef237d0f698,
CUST105031,occasional_returner,845,e897799b3871,32188384dabb,97c422b25aa6,
CUST105032,normal,933,c3dc22db13df,69e31a47ef08,217a6b7e46ac,
CUST105033,normal,1393,6de562a834ce,60c7e60e2f73,22ebf8bc5e79,
CUST105034,normal,349,47af5102b00c,a4a8e551218f,dd56ec8a57d4,
CUST105035,normal,248,dfe355c7db47,6d20956e6694,9dc1c95fc34d,
CUST105036,serial_abuser,1498,a72d57ba4591,8379579e67f0,86af2f2e5cf3,
CUST105037,normal,827,4a225f20888f,25f84ec4014e,18039602422a,
CUST105038,serial_abuser,45,1722d1d48094,fd6d829c90d0,efb4590548bc,
CUST105039,occasional_returner,162,849f479cd77a,9571079ea246,a5ee83ed996d,
CUST105040,normal,715,7657ffd2a6f9,c267fe5d629e,38765dcdbb9f,
CUST105041,normal,928,9578cdf86498,a0830b9454c2,43973e60562d,
CUST105042,normal,369,0d38ec099bc0,edf02a7aad6f,5f4d753c3e2a,
CUST105043,normal,551,f122f046332d,ea71076f3580,ab3848e5906c,
CUST105044,normal,1105,c81778a64e4f,f1ea6c65c160,9ffc24c85636,
CUST105045,ring_member,1451,b65cdd107e66,0c4c3acf3d03,4dc747b03d52,RING46
CUST105046,normal,739,e145754086da,a2c1dff72147,a1f8202de466,
CUST105047,occasional_returner,626,747b2b6e2863,9db3fe259671,2f94dfd8d6e2,
CUST105048,normal,544,e4ac2127ce58,d0aedcc6fd79,b871e52a56f1,
CUST105049,ring_member,208,f7528afc0c47,c99de74a9097,ee5354e78ab8,RING18
CUST105050,normal,83,de75221497a2,1d7646c092ce,f946bef03860,
CUST105051,normal,1251,271578f35627,4b70644e8973,ff992cf26a07,
CUST105052,normal,60,59e7f69f4911,722f7586f68c,5cf256df3d3c,
CUST105053,normal,1232,bdaaf6644300,7b70f7fe1c36,fa423874dd4a,
CUST105054,occasional_returner,374,9a514ca3a293,5bbbf9320247,14af2185fe6d,
CUST105055,normal,1043,76e28405aadb,da1732ad14b1,fe3134d1eb4b,
CUST105056,normal,1427,1e9bccbd8ed8,031d8297a7d4,886ba81fef72,
CUST105057,normal,1124,b0d5c7d2ec82,8cbe72d239cc,f6d556f9c743,
CUST105058,normal,1095,db6e27652f71,f4114b722fe7,8a6719105cc6,
CUST105059,normal,400,c7b2162754f2,86a8ad522541,a477dace4e74,
CUST105060,normal,899,950cf874dde8,b0a6b516d156,45101547bf77,
CUST105061,normal,964,6a08254d90fa,ebbb4dc0dfc9,e0dbc50140c2,
CUST105062,normal,640,28c2a07bc328,21cb638a3ae8,30f3a7b9b614,
CUST105063,normal,61,c88ad1a3a04f,8d10b4a041b4,7af507ace4eb,
CUST105064,serial_abuser,1369,c8e89e86538a,20c07c694213,9d7b4b5a2255,
CUST105065,normal,299,9ea24eff298e,66afe05127da,3c568fa62f24,
CUST105066,normal,1460,777f4401ffe4,f90471b47b7b,8c4d376ea2e6,
CUST105067,normal,1398,ce7273e0c319,8bbbb44a0072,a42e095fd3e0,
CUST105068,normal,33,721c42c860ee,7264d1d50f44,418e59ee2808,
CUST105069,normal,1110,63cfecd65529,f69d62c11903,f16d053e24c8,
CUST105070,normal,952,be5541954929,a5e69dfcb2cc,98ddc87f0f4f,
CUST105071,normal,349,054a7d87e005,192b17204621,5604851eed26,
CUST105072,normal,1220,6a154c3e83da,37ef12c71b7f,9c7a5230f24c,
CUST105073,normal,171,bc005b06399f,5b4e95712023,fc7a14c8839a,
CUST105074,ring_member,376,a803e237790f,80a56e683756,81540ae562e3,RING40
CUST105075,normal,1423,cd67199836cf,0541decbb7fc,ab36518a4953,
CUST105076,normal,1115,da0f5533796b,18cc210212ed,0a1b494f6464,
CUST105077,normal,172,bd699dd4e015,6db5e302fa46,2132648bfa6d,
CUST105078,normal,220,1b200a535507,cf9531c84200,5ce70eda7320,
CUST105079,occasional_returner,389,429dabbb5daa,3173717b15de,ace7252044e8,
CUST105080,normal,110,3bd446f86633,e52723c712dd,824b4a307613,
CUST105081,normal,278,7f53bc91a7d2,804dd74408f6,43b5efbc3d5e,
CUST105082,normal,859,b2fa0d02cdc8,64123d4d4905,91a0097ccd0b,
CUST105083,normal,16,3841591472a8,9281bb05f5dc,d533e5d81f25,
CUST105084,serial_abuser,434,36952b8582dc,0df27d5a05aa,6916b4fd28b4,
CUST105085,normal,474,23ee75000ec6,20874c2d61de,04a84722cf3c,
CUST105086,occasional_returner,1456,331068c1eeff,b99599119b46,023c75a26317,
CUST105087,normal,1461,e3fe742e130f,717574760195,28ac44fc2ac0,
CUST105088,serial_abuser,1268,4a704e493645,5507c1a5fca5,42de56a3bfa9,
CUST105089,normal,516,a5ba17ca4c05,8a6aac961c70,ed61636a7960,
CUST105090,normal,793,7400f1a285de,25ecdd831cf2,e5ebc6359eb4,
CUST105091,occasional_returner,758,e96ed9491d99,003b168993c8,87eb5d36bf0a,
CUST105092,normal,1290,034c06237a89,72cda608a397,339ca2993138,
CUST105093,normal,1120,a6168097c9c5,a9e70e9826f8,b7fa85b0d3fa,
CUST105094,ring_member,1360,741e5c598f50,9dd4ba3e0443,5553cfcb463c,RING15
CUST105095,normal,828,fb16e5d09c29,a728234b1088,09a21b29aa46,
CUST105096,normal,1379,97f2ab0f2300,68d854f0fdcb,137b8f390f86,
CUST105097,normal,1116,6f91f0335e10,2f8bfc974f67,604752a0f737,
CUST105098,occasional_returner,1109,77e241d129b5,d1f97d6a5cbf,5ecbaf1fd9e3,
CUST105099,occasional_returner,994,e4f15fb92033,c71e8b70d455,080db700a2ce,
CUST105100,normal,506,55c929a39bec,be3aa9a69766,fd50d0d14aee,
CUST105101,normal,914,440e0fd5faf1,f5760fa5826f,7d07fcb80d60,
CUST105102,normal,538,34526f0fba76,59e7420ad73f,d78a4a2d56a3,
CUST105103,normal,976,4c7df855f654,d9831412d10a,40f3965f4fae,
CUST105104,occasional_returner,385,c88a983437c5,e1aac921106d,16b1b3e3e4be,
CUST105105,normal,1199,45ac45de2d14,d87f6d2e9bd2,2fc5e2417b06,
CUST105106,normal,859,a9e1da4cbba9,86e19deee87e,8d1b125be7c5,
CUST105107,normal,1066,58fd24780f1b,3afb036a89a9,d138b434f4be,
CUST105108,normal,336,46bdcb75480c,d1c451c82f70,c565fa71efa6,
CUST105109,occasional_returner,1188,55d4502463f9,37bed3db440c,72430abe8a35,
CUST105110,normal,1204,0e70ffec2012,c2e41645b878,b44ad7c97135,
CUST105111,normal,222,74cf628aea81,9a1ddaa6c80a,2baea3708f23,
CUST105112,occasional_returner,528,f80974a16bdf,2df939bbc13d,1382082d3083,
CUST105113,serial_abuser,1018,d9691bd870fe,e2db042f355b,5b1ec9ac2770,
CUST105114,normal,1310,e01f5b516494,d66c25dd47e6,318634dc5d47,
CUST105115,serial_abuser,1106,b30612b6182e,c824200e926d,6203e120db9c,
CUST105116,normal,710,792ccd353899,54d8afaf98d3,451f7ae11329,
CUST105117,occasional_returner,453,9d8346d92d81,5d3231156edb,62df5d28626d,
CUST105118,normal,1365,e449bd351ea0,1b724aac9cdb,6a3299798a43,
CUST105119,normal,1312,7024a0e6c3cc,c9a756581ec1,7d2cb982a9fb,
CUST105120,normal,1345,1da483a4b7e4,e7573455be3a,1562e6db161d,
CUST105121,normal,460,880f60d67898,65ad6d2e9c51,e7cd020e2a86,
CUST105122,normal,657,675a1f042d75,6dcc651df99b,348ad8aa8527,
CUST105123,normal,369,087270e55305,69f88f6f9a6d,06d74f040825,
CUST105124,normal,1432,68d965ca5679,287769a7c870,f0c22b983d3b,
CUST105125,normal,1301,af66fa8cbed7,c777cac3c6ad,e56c28830129,
CUST105126,normal,264,15b69b191c78,c706e30d071b,7daadcd3e28e,
CUST105127,normal,374,6c89ca9a9ebb,f19c98b7c166,2e93a82c47db,
CUST105128,serial_abuser,830,369a0f5c96be,14f313673d72,7c6bcb81d185,
CUST105129,ring_member,626,a803e237790f,90a30707a591,81540ae562e3,RING40
CUST105130,normal,692,c84ad1511cce,5182c242fba4,b75da98c2242,
CUST105131,normal,555,789bcfa0dae6,7bd660e483a9,57b05ffe0af5,
CUST105132,normal,1012,c4da67d7c773,79356c477af7,d16049af2248,
CUST105133,normal,1347,2cf46f042d41,37b7600c98a1,f21c791ffebd,
CUST105134,occasional_returner,1376,43856172735b,304f5b5fb78b,b5ac8a842310,
CUST105135,normal,685,3bc5de4947b4,1a693955554f,93748d0cce1b,
CUST105136,normal,1242,6ca9b9bfe969,1ef9767b2a5a,cf7a82bef6dc,
CUST105137,normal,1042,f64c65f59030,ddfddb6dbfea,2d22c7df0d72,
CUST105138,normal,299,0550aa257359,1269aca28e34,5987f31f9bcc,
CUST105139,occasional_returner,1192,3a28f8857bc0,a5f791d8f442,f699c4281575,
CUST105140,normal,528,95317076f7cc,e99e9cc88b3f,fa1659c0d0fb,
CUST105141,normal,943,0b6b50a793eb,1ef382a90ea6,7a0354665356,
CUST105142,normal,1082,982b56f9223c,5ab27f7a4f3c,abba3e3439f0,
CUST105143,serial_abuser,1415,87076dd728b0,2253e2347852,d2403d4f6143,
CUST105144,normal,1422,7bb513cc0588,89bbd4a0a1d2,aa44f5953056,
CUST105145,occasional_returner,1204,b63eb204a226,ee483d013869,2b84c7e3e088,
CUST105146,serial_abuser,761,c05cf1f9364f,9d30c430183f,120a4924fcb6,
CUST105147,normal,603,f9b3884269ed,bb5f319159f1,f10610c931e8,
CUST105148,serial_abuser,664,f5b40fbbf0ac,6827ef8321dc,76aff8faafa5,
CUST105149,normal,1426,533777476267,4b9c3092f8a4,b6769f670536,
CUST105150,normal,311,1b4fd0a4bbe0,e8955a0d3eaf,7d68dcd2b3b3,
CUST105151,normal,789,b22910dd9f4e,409d427ff652,3feb608246e2,
CUST105152,normal,1020,bc0e8188bf3b,eb5975015e99,18acf6bfab39,
CUST105153,normal,38,97b4c986c5e0,db34133cd66a,38123688ecf3,
CUST105154,normal,954,c4275708389a,1e6139fe200f,48f02a590ac1,
CUST105155,normal,393,f016485a41c9,9d088ebaa2e0,cde429e28fc9,
CUST105156,normal,424,e1a7084a15c7,a577d28a0d36,7999f451b3f5,
CUST105157,normal,934,3beaf9bb2d3c,40d96949ceea,a84f5c45a2c5,
CUST105158,normal,18,323c70374506,aa8bf07ca4ca,9dd8e795dec2,
CUST105159,normal,239,213d8215d2a5,ef06ad1bdc0e,ac20ef508d6c,
CUST105160,ring_member,685,f03dd9c2d13f,95a1d69f13b4,d0388a77a545,RING41
CUST105161,serial_abuser,878,337c2175a7f2,0fb5cb9bf601,a4f419935822,
CUST105162,normal,168,1bfc4a5c5f6e,aea187dc4340,92259c97f479,
CUST105163,normal,545,dba976a64a69,01eb21b5419b,2eb61708eed0,
CUST105164,normal,464,a8ed8c5eb330,a7f21e2884a2,a05378fa6cc6,
CUST105165,occasional_returner,803,d62319bdcff1,64dfaafce1bc,8295941e47b0,
CUST105166,normal,454,0021d7772950,9adbf893f5b2,a7c3dc701df9,
CUST105167,occasional_returner,7,0089fe94907c,c0184a9cb73c,71c82462fd28,
CUST105168,normal,797,3e8b533fe4c3,9177841e50d9,c245416e2058,
CUST105169,normal,1273,bc6c57714ff2,d47ab63f24e1,a181e444a9c4,
CUST105170,occasional_returner,879,3d73f0f31070,ba824f67f766,3881cd4d5316,
CUST105171,normal,546,23a64477e6b3,88660b1892d3,33be0e38e3ed,
CUST105172,occasional_returner,726,ba00b6d6912f,7aefe90fc548,b9e8d91e1665,
CUST105173,normal,214,06f0139c38f9,93c5560ad03b,1ff8a2d025a2,
CUST105174,normal,358,223caef03f5b,486f9204529e,4c336126ae50,
CUST105175,normal,659,4144883c11d1,1e80cf4316c7,05bae9115e66,
CUST105176,normal,890,22587363ad28,c15526831ed5,74c34ce0ee0c,
CUST105177,normal,731,586cbcae408d,da72a0e6c6e0,37771bc6a11c,
CUST105178,normal,1444,2c967d158d6d,5b989dee7879,8f2983676c03,
CUST105179,normal,957,a7925ca4b0f0,d7efed93428f,05bd5f4e505e,
CUST105180,normal,39,587a5fd3f0ac,d0d6ebc59a84,235d93410dfa,
CUST105181,normal,789,e2e3969f3d78,4e6982f8bd13,5d8037816c3f,
CUST105182,normal,876,346fcae1789f,eaa21d4f838d,efe4b7df8856,
CUST105183,normal,70,29364a1daa3d,d1481cc2310d,2d5e629150cc,
CUST105184,normal,580,778ff06966e7,e3a79c87e94f,65990d02de79,
CUST105185,occasional_returner,1307,966f940c9aac,a3ad3591115f,526b61a89512,
CUST105186,normal,538,cdd94aac0def,6194f438ddd3,09791ee84880,
CUST105187,normal,687,110691207cf1,23db055ed2ae,49910b2e456c,
CUST105188,serial_abuser,335,1ac9ddcf5e9d,7ea43d8676bb,123c0f97d07d,
CUST105189,normal,120,7bec0f6414d9,2551a16b52ab,41c801bd99f4,
CUST105190,normal,480,6a3a974c24e3,b53e9903c362,39b44b98d0d7,
CUST105191,normal,1160,b298491088a3,3b14abb7fc36,872bf0d56636,
CUST105192,normal,1474,ac6c47e9eeeb,e81a973cdeb0,3108992f7d95,
CUST105193,normal,991,d6f0c2a25ef0,ad1490e7b4bb,e025b16ed31a,
CUST105194,serial_abuser,1247,0f491ea4a282,e67e6d436c83,6b92215772da,
CUST105195,ring_member,975,3a1e1d11a15d,a2417ad1f385,52766c892ea8,RING10
CUST105196,normal,989,3a077bef509b,d9c52ab16e9d,62aa03e9f238,
CUST105197,normal,643,498c622e51f7,c6e0663c9510,bdcee0c0437e,
CUST105198,occasional_returner,96,f006b6b257f8,5b9366758ba7,a8413568e5ee,
CUST105199,normal,618,d28d9915f305,8145eccd829f,47b04256e273,
CUST105200,normal,1297,353d022fb08e,dc43672b807d,940eeff93c24,
CUST105201,normal,806,968aafa50e7d,f6f25bcf6389,58f23cbddccd,
CUST105202,normal,1144,993acaa7e8dd,cd050589b8aa,f3c1855a711a,
CUST105203,normal,80,2528141edc13,94985b222c50,c2d8fd568202,
CUST105204,normal,305,76018410d760,8944a0063de0,61284ed58fe1,
CUST105205,normal,451,1f14d01811df,8cbc1cadcb1c,76451c0e3250,
CUST105206,normal,542,393b2453e861,8df5a4ac6dc8,8a86dbc71df3,
CUST105207,serial_abuser,1481,e17251817e09,a3caa80dc329,e37a845f9524,
CUST105208,normal,695,10028e3d7754,58ecc5c8dbd4,ef3c044836ae,
CUST105209,normal,994,a2f50d70a8e5,4d3249793685,3c9e157e4234,
CUST105210,normal,968,f9ecd85446fa,2300fa4510d9,0e5083d79af9,
CUST105211,normal,631,a603d0247db0,1af93148a052,985cd5b60273,
CUST105212,ring_member,1449,a803e237790f,c8aec3a4fd42,81540ae562e3,RING40
CUST105213,serial_abuser,337,12f2b3e169ce,c68d77f4c8b2,413f60968fef,
CUST105214,normal,56,578545ef984f,381dbf404f69,3e6be22f3fa5,
CUST105215,normal,1119,f04c030f9b4e,cd4acdb72f00,689b496550e3,
CUST105216,normal,982,c44dd6620472,a3e54b7e4166,b3e0ecb3843f,
CUST105217,normal,394,3300e0decc15,386f275d13d3,ffdd739b0dd9,
CUST105218,normal,1302,5f1e65710f4e,4e6f827950fd,259b82ba0e86,
CUST105219,normal,247,dc7eb08137f2,552d97faec32,718d3c40b57b,
CUST105220,normal,380,75e6dc315faa,063578d6c830,fb696bf28ed9,
CUST105221,normal,235,4febce64e03b,d4a20c496d24,a8809223e942,
CUST105222,normal,283,26d0a8e29b23,0bb7a53229f7,123d0f0196e2,
CUST105223,normal,1095,573ab9f60bb6,8369c9adaa1a,a87a34dcd80f,
CUST105224,normal,1056,d410eb0de39d,3eaf38f22fd0,24dfad7c514e,
CUST105225,normal,966,87b509a509a4,9211f11c1f56,bd4f82349561,
CUST105226,normal,1291,dcf81b8cac9d,c3c5b51b2cbc,8b93fea82abe,
CUST105227,normal,109,ecff41417814,ff7a6a542b2b,568489c79a12,
CUST105228,normal,932,1b2dbfa382fe,ab1425b4b94d,75f1c0ea1a85,
CUST105229,normal,176,59eb95f7e1b3,2a09864da959,74c500e7e711,
CUST105230,occasional_returner,1433,029fcef24082,db305391c537,b7dde5854d8f,
CUST105231,serial_abuser,952,7e0bc5bce910,e438eda9796a,322b9720671c,
CUST105232,normal,1141,cb0bd0ffb7cb,b4e56e2f7636,30137df917a7,
CUST105233,normal,858,09b76f33bd1f,9077847ed320,6dce358d892a,
CUST105234,occasional_returner,578,029004c00dd6,bae9d882157d,a5a67f349e1e,
CUST105235,normal,1030,a35183c0db04,8918a0afc679,bba3c91d06f3,
CUST105236,normal,1254,07e8e9c27179,bdaf0d861fd2,306891c734b0,
CUST105237,normal,271,51e4fb38db9b,122101c3247e,110d33401168,
CUST105238,normal,1308,cbbd69b2efaa,30b94957248a,a94c41d6442e,
CUST105239,normal,1091,1282400fad55,83616af45417,f5daa34c4872,
CUST105240,normal,133,fd0be8b9af4e,759335164ddb,001235df3330,
CUST105241,normal,1404,220a2fae4a49,4d5f0ac4eb02,e446c5e56f52,
CUST105242,normal,274,9f31dcbe59e1,711cbe4dd476,e2e5123e5cc0,
CUST105243,normal,903,f3e28f94c701,4cc70e1d7673,d360d7270a30,
CUST105244,normal,198,8e5584c17bdc,816d48fc20ab,eeaafa57cf71,
CUST105245,normal,298,5e37b3b55817,f424eef7bc1d,3e31f977187b,
CUST105246,normal,966,f310796ca8bb,4f5c4a5adc67,83d789132e43,
CUST105247,normal,1020,9eef0c13f88e,795eda822748,20495a919857,
CUST105248,normal,1032,114a8b023490,f3180806698d,8323ca847d79,
CUST105249,occasional_returner,517,0b9264869659,5965c4f5a352,3effd3c0792c,
CUST105250,normal,1231,1a2c27c20a8a,58e50dd7fd51,b44c34017cd1,
CUST105251,normal,78,63984e08a657,cb118dc0d9ce,d614b1e86d31,
CUST105252,normal,1282,7e06b695e33e,81e4d10e9df8,4f79e99fb969,
CUST105253,occasional_returner,456,670c80744eb4,a164887a3ae6,08e1818af73b,
CUST105254,occasional_returner,932,89601a827d1e,2ac833c1a0d3,700292f73560,
CUST105255,occasional_returner,1358,dca3d99c2c39,5d5b4e0befe2,68fab79ba18f,
CUST105256,normal,386,7b72aa4255d3,2fba516885e0,98445e98a0a5,
CUST105257,normal,619,0e7ab9d3a88f,ae12a2246116,29c014f8ec5e,
CUST105258,normal,1243,9ca367acea77,a20c6d8c75bd,9c642f20b6f6,
CUST105259,normal,1297,45778ac177cc,db4a1e05628e,830188f3f665,
CUST105260,normal,356,97c84541d6fa,aadf5013f2e5,804e4e22fd3a,
CUST105261,normal,765,9967ca13774c,0dabf8bdde63,8d0bbfbd1fd7,
CUST105262,normal,503,0ae7bc61bd48,8f8ad8ae8873,a1f50e22b77e,
CUST105263,serial_abuser,777,71751559328e,da0fdf0942a5,740e3e62fddd,
CUST105264,normal,571,9ab7338da38f,5fe331b3019e,3d3f4b396b06,
CUST105265,normal,12,454a11c00c20,32bce12698ee,d119529dde7a,
CUST105266,normal,1387,4abaaf71ca0e,5e815db14ac7,d59283b7e4f2,
CUST105267,occasional_returner,957,6c3d004cd4bc,f8937c26df66,3a8f0b6824b0,
CUST105268,serial_abuser,695,2701c44aa84d,c62d5777fd6a,9962e4ffe04d,
CUST105269,normal,166,a678d93c4c65,11dc21150ab5,7ae933b07353,
CUST105270,ring_member,111,0cbadf646cf1,166f022ca08b,710d1c5baebf,RING20
CUST105271,occasional_returner,720,11b6d776baf6,0e27bd2488a4,8f23610d2252,
CUST105272,occasional_returner,975,b4dca10ab5af,6cfa1299f424,fa6438ccecea,
CUST105273,occasional_returner,394,e6f47796a751,063e399538db,82f0a4950c4b,
CUST105274,normal,1117,93e0310d5a1e,8faa36fbdee1,206c12f6e379,
CUST105275,occasional_returner,591,be5d8bd8d977,5bc762a0e934,812c6bc7f86e,
CUST105276,normal,21,3ca7da068942,15e26dd7b683,2a2a3a970633,
CUST105277,occasional_returner,807,9f6c2205d423,1ec32e2eecc2,e7dd64866528,
CUST105278,normal,275,24bcdecaaeae,8dc448ca6cfc,faa4b74e7742,
CUST105279,occasional_returner,26,378ec5265d1f,ddab67ed4aa9,873f88d0c88f,
CUST105280,ring_member,199,f2bf917ec553,49bc130ecfd8,0c5921f82149,RING23
CUST105281,normal,430,81085559eace,539850fa9bf9,cf8512955aca,
CUST105282,ring_member,774,d6551ebb1b3f,fc04a3eef087,9c4be22d89d3,RING3
CUST105283,normal,1484,a1177a91b2fe,def4f4a2c48f,5a3e58597178,
CUST105284,normal,331,31c2f94ee744,6da0f9e4c57e,115567f756e4,
CUST105285,normal,90,df838934f154,e684510276e1,edd8ab67cc2c,
CUST105286,occasional_returner,290,fc44a90358be,980995db0842,a1d2c22aedc1,
CUST105287,normal,482,c92ab32ab16b,d4797da1dbab,e14df2512877,
CUST105288,normal,311,78c2504ca0c9,ce698a00171d,a864455f4b4f,
CUST105289,normal,485,704ac00fa864,8d8ce94878ce,201127b425e8,
CUST105290,normal,1453,8b77437c851b,994d0d9db107,31cc8c8947d5,
CUST105291,normal,572,d5b96b13ea22,24664f4c4e32,a3c38db0fdab,
CUST105292,occasional_returner,953,03fb2daca8a0,7ec81c91c6c2,e8234a2b2a71,
CUST105293,normal,1028,c1939ada1558,378612a50cf4,dd9f4b3b55dc,
CUST105294,occasional_returner,199,1bf60730470a,86c121cb449d,32d4c70979a7,
CUST105295,normal,375,05d20f65b2ca,de93a1fb2d8a,a690b542bd72,
CUST105296,ring_member,626,431df2d4d96a,1b9ee6753a69,081f3f8be4eb,RING25
CUST105297,normal,693,15e8153387da,831b500e9e65,8345c6a030e6,
CUST105298,normal,24,9e19720dacb4,9acdef5d59c8,d349836872fc,
CUST105299,normal,969,c3dd26430411,a9c7a31c22d6,23664cc0a382,
CUST105300,normal,454,b9fed9df5a0e,a0b5deef9bb7,3ebd4d24c83b,
CUST105301,normal,486,f71ba08ec46a,ba651f0498fc,8bf1ced4b348,
CUST105302,occasional_returner,906,fc04f86c0346,74033fd4eb50,8f17252cce23,
CUST105303,normal,1423,e7fa84916399,21c8208ec28a,db6331012a25,
CUST105304,normal,1298,593e5906825f,a5679f45b4da,f6c03c111175,
CUST105305,normal,1469,0e01806a3f44,dce1afeb9c74,b886578ae54a,
CUST105306,ring_member,623,8895e40dfcf0,5a4dde1afd18,19d1f371df47,RING24
CUST105307,normal,183,087937e8e78f,56f12433504d,ac24001dd602,
CUST105308,normal,327,e0e4e150f81b,0a41045c5008,c474089149a9,
CUST105309,normal,519,f59aa6aebaec,add4a67889fc,d0cac3cfa69e,
CUST105310,normal,453,4b0a658edc88,f2504e7d5758,672e63e6f501,
CUST105311,normal,315,49a6fb0329e7,fe910fe53675,5c6ee391ec35,
CUST105312,normal,230,a60ea1a412cb,df029e57f6ea,228307285ec3,
CUST105313,normal,284,4ce65ae9d3c0,03e430f8e198,37e698eef5fb,
CUST105314,normal,989,24518dfc7c42,6a0eef2b4e82,edbb0a4b8594,
CUST105315,normal,739,c6c4d5eedddc,4c4ec99d6266,26e8a68c636b,
CUST105316,normal,61,c06cdc59177a,8c002c51ca36,595461d210c0,
CUST105317,serial_abuser,847,99a270c35fbf,807bd6550eb5,ffd85e6607c8,
CUST105318,normal,1264,54ebb8055eaa,47821c31d98e,3c0f0a2c3509,
CUST105319,normal,641,a9fecc113f43,3978e8f78288,ae39ae2beea1,
CUST105320,normal,481,a43806a71cbe,e267488ac264,bbb3710a8150,
CUST105321,normal,412,6c7942768a2e,5203c4e4f9c0,223ad2e22405,
CUST105322,occasional_returner,572,dc3effe7bdd0,e87cc313e2b1,94c20360a15b,
CUST105323,normal,421,8ec7bba11c22,52449d6f61e1,29f7c46ebb40,
CUST105324,normal,1386,62a7f078edc7,58dc7a3a6cc1,e2db783423b9,
CUST105325,normal,1488,1a47d63837a3,66d551c7f37d,5ee76550f978,
CUST105326,normal,518,c6b1083d6d93,ae1a1e710084,6cacab568646,
CUST105327,serial_abuser,1385,0de2d0827e06,3b52989c1fad,15ff8f4bcc1f,
CUST105328,normal,1281,f9b053636d54,5291ab6c2884,b10634acc55a,
CUST105329,normal,118,ee78c8f84453,2508739d970f,3d680640e551,
CUST105330,occasional_returner,738,118de738edef,3db8c9eec7d0,32aaa38eecbf,
CUST105331,occasional_returner,986,b7cbdacac451,01986dbfdf47,f51a19d0fc52,
CUST105332,normal,636,ff13e3012655,e8bf1ef0e6eb,ccf274175bd4,
CUST105333,normal,688,367df238291a,fa7f18fb0ca5,052444042418,
CUST105334,normal,743,d031d0589497,a2f8805327c6,257455d7a3ec,
CUST105335,occasional_returner,1034,b34bc7ec9b11,70e51a7c3d97,6f7d39134459,
CUST105336,normal,444,5fd41fbccaa6,d9800e413d0a,d9244fdf54c3,
CUST105337,normal,897,d25643e462fd,357c291a9dee,cfdec50b50f7,
CUST105338,occasional_returner,369,4e3d8392d0e6,e2e9144e2966,2a63643b6e3e,
CUST105339,normal,1334,e5da5a32af49,cbcc0cec49fb,f356cf2caf4d,
CUST105340,normal,131,5292ac80c5f4,490e581a43ca,135a3d996145,
CUST105341,normal,105,59efb01c3067,c0726d3d2ac6,fda620c0c811,
CUST105342,occasional_returner,61,7904adcd86ce,a04908998a15,e5e0656226ed,
CUST105343,normal,527,2ec67988adfc,ac6869802dca,cf20557cd46f,
CUST105344,normal,911,7245ad88abc7,b781794474e5,d0df382d6894,
CUST105345,normal,1478,3d98928ba125,767d29d9d3d0,7e51d312af17,
CUST105346,occasional_returner,684,8d6dd980c416,66c2736a7fc4,ecb44ae5fb1e,
CUST105347,occasional_returner,277,6fb6216f69f9,9e637a4464fa,20362e15f3c5,
CUST105348,normal,555,93c937d7d827,62069205d26a,a358664984c2,
CUST105349,normal,195,0904b5a32bea,417e07d480d8,6035513eb045,
CUST105350,serial_abuser,710,3e74bbc536e8,7e74628b7e41,de3655ff5efb,
CUST105351,occasional_returner,1094,543cb0875f44,d84ea6215cb5,066a10fd0db3,
CUST105352,normal,58,e28bb2e1213e,54f9b2b3112b,161b5c077f30,
CUST105353,normal,1167,71ed565cf807,e70bdc12c1cc,42dcfa2cb934,
CUST105354,serial_abuser,346,8e35925574bd,61bbb0df6837,f92d6ea4ba48,
CUST105355,serial_abuser,1010,274d5872f82a,da22f7ae6943,8f989a7f81fe,
CUST105356,normal,1224,8bf3d8b58e86,5afd81ceb5a9,04264a4dc548,
CUST105357,normal,1165,f19e47057903,b91d597d5cd3,607da0c048b1,
CUST105358,normal,1006,68962c442e2c,fad9c17480d1,fdd053fab56a,
CUST105359,occasional_returner,1042,33ac3983e0cd,44b8bda84ed8,11a011a0c385,
CUST105360,normal,285,0c1ec8a46fef,295d8d0c9f86,15029fe76c3b,
CUST105361,normal,207,11c5a061bd49,35678c7d8d5f,56c236683894,
CUST105362,normal,574,bb355428805d,8c1398ce4ec1,d623d4c4af55,
CUST105363,serial_abuser,914,2c9ce7f135e8,1cc8283f7cd7,00ede92167cc,
CUST105364,serial_abuser,929,58bd355dffea,8b4658bff4ae,2c293ccf2571,
CUST105365,ring_member,1166,79f9db9b704d,cafba5dceb1c,0c6c05517ce5,RING35
CUST105366,normal,466,7a8b1f63d3bd,4907b8c4eef8,6377b1c81961,
CUST105367,occasional_returner,1298,3c953da07596,b62139a7de51,82944c7afbd6,
CUST105368,occasional_returner,676,95e6cad8c285,858e465ca80b,40bc1c816b79,
CUST105369,normal,373,6b1257cff245,5826e4d3790b,38c134463014,
CUST105370,normal,1104,fe4c135bea4d,aed951f44dc9,be87052d0726,
CUST105371,ring_member,195,ef2a5ca81b4e,7c8ed5e7c254,a108fc0e1acc,RING47
CUST105372,normal,610,ece15c2f4b1e,d067c255861d,01184b70b9ba,
CUST105373,normal,1172,b1fde3ad902d,45b0ee3d9760,1f571701b381,
CUST105374,normal,1157,47bcf102c957,a0d7a24719e5,12294b6521ef,
CUST105375,normal,388,8bbb525d17e9,27e3acfc2e24,7486233ca2a2,
CUST105376,normal,253,356abcd99f83,24a213acc1d7,762aaed68f03,
CUST105377,occasional_returner,52,c8c481cca793,3e2650ea922f,6a7b3db1dee8,
CUST105378,normal,138,51c50bf5c6e7,063cb05469a6,f54c585e8ab3,
CUST105379,occasional_returner,1238,318e3ff0be49,0135ae3026a8,8f018b635fc6,
CUST105380,normal,1176,84040bf5ccd5,f633f29c47e7,4ac4f9e9fc81,
CUST105381,normal,761,3c6c0a0b906b,0aad1fde2c34,ab929ee38a26,
CUST105382,occasional_returner,857,73af5f955519,e6d73542bae5,a0e4de07943c,
CUST105383,normal,493,6b8b4aee3c16,276ba86f3799,d69a400fb5a7,
CUST105384,normal,292,a9c1ac3ef812,5584cb194c45,70b5b4faf610,
CUST105385,occasional_returner,22,9ef4c0287e34,3ec9c5ede0ae,a8e2048ee0d8,
CUST105386,normal,1009,c1ad4af7433d,7f9f994c0e27,3f69a58fac2c,
CUST105387,normal,57,d175e8b9e595,5d9af8353080,bee46660988e,
CUST105388,normal,162,6b78e19e4656,3677db09837e,000c3328637d,
CUST105389,serial_abuser,1189,505a2b5742f4,916cfeae4578,298bb0f05b3e,
CUST105390,normal,876,9386a8062dac,1bd8146eecf6,9b40cacf5bfc,
CUST105391,normal,737,abc91ae88893,86e689e7f56a,7ec883265aab,
CUST105392,ring_member,331,d4cf56095c5b,639e457535dd,2d9178d31b09,RING8
CUST105393,normal,228,c6ee958885fc,aa03a84f82dc,ba4e43adf13b,
CUST105394,normal,702,7d3e48ef9756,5876a6d569df,f40a1c65611e,
CUST105395,normal,540,b16a297be99e,39b8228fe2d8,53fca6bf599c,
CUST105396,normal,803,f9f63d85c20d,eef46716424b,5ba7d5973922,
CUST105397,normal,252,76ec6a615498,4a9e1ed3fdb4,2ffb4e524682,
CUST105398,normal,351,e939e96db0d1,ca02f4e0a75a,086cb21ba3ae,
CUST105399,normal,173,7e0e7c1dfa1c,a571f9c4b23d,25388cc91dc5,
CUST105400,normal,639,7a6fd362bba2,a0930cbc3821,bf4fe12cd2a9,
CUST105401,normal,418,2a3886db360f,92b7c70ad5c6,e140dc067488,
CUST105402,normal,339,1319eff27fad,5990ecf7bbac,677335318a81,
CUST105403,normal,826,01084544b521,cd42c1d49b7b,c44239a32b18,
CUST105404,normal,748,ef6a1dddc6a7,97c48f42bda6,761400274562,
CUST105405,occasional_returner,318,503d1a379b3c,b5f4f41ed541,e5b9e913fdaf,
CUST105406,normal,1050,5c29c1e74a23,055e70362587,4089b08211b3,
CUST105407,normal,518,fb1f5fa766cb,12808af24f27,13506d9194ad,
CUST105408,normal,515,80589fe48403,a96b29f57b2a,fdaf80f7747c,
CUST105409,occasional_returner,719,dda54bb63f10,92671b5ea85d,3dd67d0560e6,
CUST105410,normal,212,0469a514d169,ffbadea91828,62880bd228a4,
CUST105411,occasional_returner,632,aaebe0ad9cf2,be266579fd5c,776a347127af,
CUST105412,normal,875,bb836b00854c,b5cfb338d59f,ce77ef9742a5,
CUST105413,normal,197,13bf0b69736b,0715cefc176b,cc418920734b,
CUST105414,occasional_returner,849,c054eabb33a6,477cf1ca8208,10265a272794,
CUST105415,normal,63,31bc5f0cac96,bc04ee23c515,98f9f936ad53,
CUST105416,normal,907,d4bc58141019,fca7edde49a6,bdea876ed651,
CUST105417,ring_member,58,39d42f138f07,3159b6945a14,6ecf81e3c9c3,RING27
CUST105418,normal,266,36fd9c648679,fb9de307a3a5,b3f90bc1b380,
CUST105419,normal,528,71d90ff9daa0,478545757da7,33799fbf952e,
CUST105420,normal,923,558be2675c10,3420f4e23792,3b599426f5ad,
CUST105421,normal,1079,e3dadc3ac91e,eff81e07bde8,100f5a6d1e14,
CUST105422,occasional_returner,706,4e5b2e1cfdcf,8946e63d8579,235b7b77395f,
CUST105423,normal,201,6e833d051d17,be69098fffca,a3e2f3587860,
CUST105424,serial_abuser,584,c2f4798ad283,630afa787b01,d8797319c70d,
CUST105425,normal,1181,c58bbeec40c9,77fc882ba2c7,100049889b0a,
CUST105426,ring_member,140,14da17ef0c75,49d4c3ab9a3c,12e9ebd3c3c5,RING37
CUST105427,occasional_returner,1074,5854e0c113a9,3dd95343201c,f13188c16bed,
CUST105428,serial_abuser,581,1b94789cec49,21a24b3dcc26,55311533a489,
CUST105429,normal,10,9d60f95fe8e9,365f0775527a,1423a238faf0,
CUST105430,normal,1043,dbd444da1f50,2a25365096f2,4a9b9b1c0d07,
CUST105431,normal,44,1a795bee4759,8b0d7358f084,b1e696873c83,
CUST105432,normal,557,6b96a422b963,075d10c581c5,fa33b2cca484,
CUST105433,normal,296,ee0e066943d6,cfa26d6a8481,b0cd661893c6,
CUST105434,occasional_returner,878,653a026e08f7,06bbff17604c,3f94ce40d8d9,
CUST105435,normal,88,46fd30877d00,fefcae7f0c0b,a6a3517b7a26,
CUST105436,occasional_returner,141,4558308287ea,cbb1df6bc374,48ec57cde35d,
CUST105437,normal,799,cf85d3428133,8c72de38b65b,1c39b2781b00,
CUST105438,serial_abuser,1490,1ca45769728d,aa05bb04247e,43b4367b6415,
CUST105439,normal,64,f69fdc8f0514,6af593e6b3ad,1567b12ce0be,
CUST105440,normal,693,b15c86b18e75,618d6b086a72,ba9103fa7cdc,
CUST105441,occasional_returner,1204,4e433f7dac37,9df2f2b4866e,4f126c5a2d81,
CUST105442,occasional_returner,439,16067f432dc5,888f288d4206,22165db0d1fb,
CUST105443,occasional_returner,741,1ffdd8616999,1ea56ff68c61,ac9abc2a60a0,
CUST105444,ring_member,1258,14ddb06875b3,4af121bb0544,3f4d223e4185,RING28
CUST105445,normal,1093,7a5c543bd1b9,ea913c5cfc75,355022dccf40,
CUST105446,occasional_returner,443,bada5d96091e,6f21ba591de0,fb56f15bff06,
CUST105447,normal,1127,c7e7fc31357a,0e8bfd6cfdba,80cfcae58897,
CUST105448,normal,1015,dc55b5a68c03,6fddccedcc69,5fa06fa5f660,
CUST105449,normal,762,b0b28581e179,b439ebd72b30,274033daa370,
CUST105450,normal,664,43ed79177532,35f5b3617c4c,f7ae9fe00ce0,
CUST105451,normal,1388,440305fe8804,f868bc755be0,7a264730f848,
CUST105452,occasional_returner,1312,b027ee645c53,0070829c5b4f,90e957ebebd5,
CUST105453,normal,1485,0600ffbdd9fc,d01ea760712e,66d6a8a931da,
CUST105454,serial_abuser,1014,a9ea67f30174,9a8efc8a9800,5bc48ae19671,
CUST105455,normal,542,31d4ae498809,ec45395747bc,f3199ed37283,
CUST105456,normal,168,6fc9765dbaea,6339b4a2b5fb,1b3ae5c956c6,
CUST105457,normal,193,11a5509e863d,5a6dcff11fea,f039122631a7,
CUST105458,normal,1427,0684a963afc9,f43a82251546,cd7d09931b59,
CUST105459,normal,548,34bb8b2cb61b,04c231025280,29fa87161616,
CUST105460,normal,170,91ac575fecc2,cb38dda99de3,7f84a3ca2e1a,
CUST105461,normal,338,3545a4bea06c,ddb793bb28b2,a5043eca97b5,
CUST105462,normal,36,658b1f9fb6d7,c6c1c4200508,132535bb180e,
CUST105463,occasional_returner,798,31d571aba36e,d0127ca5448c,ed843871a1bd,
CUST105464,normal,888,dff94aa70a00,1bab8f7cb75c,1176fc72e52f,
CUST105465,occasional_returner,570,f120d2dce2e5,20b0cd7ad8bc,f65ce5e6b7b8,
CUST105466,occasional_returner,1117,35b448a04bad,7921411db74e,4c46a0d904aa,
CUST105467,normal,723,9e9844adb291,2bfb9babb9dc,64acabe0ff24,
CUST105468,normal,1440,0d5794db9173,5d62a814770f,4d4bd8cbd99e,
CUST105469,normal,1145,512cbc84a536,b726187fbf3d,b0af4c006aae,
CUST105470,normal,117,94eadca278d8,9d7b81e9294f,0c215a4d0ca1,
CUST105471,normal,414,9b7a1b038e13,310c9c73e798,f989471ce3c1,
CUST105472,serial_abuser,1132,bed48f99cadf,437256440395,5b7bc5399e5e,
CUST105473,normal,808,c0c3cc90450a,6fd5ebd7d220,68ec23644b9f,
CUST105474,normal,1131,4ac0cb0e3c7e,504e0f4a5cb6,fd8fcfbde335,
CUST105475,normal,506,e7d3058e55c6,c71466dbb026,614557bcdeac,
CUST105476,normal,62,3f5d028a750f,286ac360476e,ebe6e4122ca7,
CUST105477,normal,1178,6c11a96d4e3b,da9feac5f49a,ee43f841d190,
CUST105478,normal,1178,fe4ac9addbe8,1d8c9d3cf748,dc0e9fc17bae,
CUST105479,ring_member,961,741e5c598f50,115a9acc0318,5553cfcb463c,RING15
CUST105480,normal,609,a2617488c152,933d5ad69db3,148abb4c007f,
CUST105481,normal,17,c0cbd34dd3e5,d25110df500e,0a11a9931ed6,
CUST105482,normal,1093,cec9fb83a846,f1c6b9daa666,0c10b190e46a,
CUST105483,normal,991,4ee51c5480f1,1c0354c34dae,7cf638f45102,
CUST105484,serial_abuser,1003,eccaf3b0a970,082419fa3d6c,1700ba5fc4f7,
CUST105485,serial_abuser,259,8c084af2472f,f42ddb020652,02e4466e586c,
CUST105486,serial_abuser,1098,badd05d80ef1,d49aa1a3837b,b0ff1efb1947,
CUST105487,normal,1088,3469aef4c6f8,c555f9a9a751,714d579e00c9,
CUST105488,normal,1286,5ac0a11cee70,aa274a97c4ee,866c7671ed4c,
CUST105489,occasional_returner,853,c499a94c7a67,725bb290d325,795fc37a7ca8,
CUST105490,normal,1098,7f326275c1f5,3cce0cd59c5a,56ff3932d159,
CUST105491,normal,605,233725e461d9,14b4e36ad087,bb04e9fe1085,
CUST105492,normal,1046,2f39b264c5ba,47e675464387,b923fe08c25e,
CUST105493,normal,1042,391d7e401f3e,80f6a73e4372,91c21c3681b8,
CUST105494,occasional_returner,1170,5bb3b37364f0,20d2904698fb,5a25d49377ad,
CUST105495,normal,1285,828509d96758,c67348fa7b55,5a8f47258ffb,
CUST105496,ring_member,9,ca74bb1beb14,cb5819d308c8,161d8dcf218d,RING36
CUST105497,normal,1169,73bea6034f34,e14af34acf0f,56770c37e4e5,
CUST105498,normal,1189,c2fc99be6da6,d313d919c0b1,d163c8c643ab,
CUST105499,normal,820,cc4308540583,76ed217db703,995a8d8c9b89,
CUST105500,normal,781,77e3e38189bf,b67b07b4f0d8,bf961fa85a94,
CUST105501,normal,1085,db51639953ce,7cf63034b5d5,0cd7ca78fe48,
CUST105502,normal,685,e014e8be295b,e2fe6fe5fc07,1db0b16fa194,
CUST105503,normal,623,17e4ef627a4d,9f6f1c88fc6c,17e23775bcac,
CUST105504,occasional_returner,1206,05e78e36575a,d84de713d94d,00f1fd5cb08f,
CUST105505,normal,1184,2136d21ceece,9d4f1ff64973,872817df2907,
CUST105506,normal,314,27f15e5cb392,1f33256d7a98,1c4f2f735af7,
CUST105507,normal,1244,16794c1223f8,9f5ffa078362,cea16b57327e,
CUST105508,occasional_returner,493,f2ba82b9ace1,033331f31dfe,8fde03ae7255,
CUST105509,normal,210,c77af8ebf8b3,ae1a7dd9c5f9,b4d8ab909aa0,
CUST105510,normal,1318,fcb6ebc8ad59,881e3844db20,3a081ed70af1,
CUST105511,normal,360,2b710e40f569,1377ec5b1d73,433df5127921,
CUST105512,normal,308,e43b39a27b45,972ce133fbf1,c84ea77d4264,
CUST105513,normal,408,0ed73711ccc1,89f44b596123,9218de205b9c,
CUST105514,normal,739,7a849f79e5c0,e931635bc828,6675ad31a4d4,
CUST105515,ring_member,253,db0f399e51d3,00e6d45d4b29,c118a6e50040,RING4
CUST105516,normal,243,169c8ab90b44,b09d32139633,273fb4331e4e,
CUST105517,normal,591,02320fb4e5cd,528eabfcea6a,4a7b72c84de6,
CUST105518,normal,330,ff3471d76bb7,98bcf18fe7fe,576bc009d455,
CUST105519,normal,293,8ff42df82f7e,4d9281adaa60,a8f8dd31c3c6,
CUST105520,normal,1368,a25d988efa72,3af5eb02afe7,af04dfb0e63d,
CUST105521,normal,895,9b9a49c12d7c,d810562f615b,92c03da9ab18,
CUST105522,normal,25,76b00ecd2c98,3289d7706098,a61f2a508719,
CUST105523,normal,156,df3daf24da9a,a00bafbee343,485e7c207a36,
CUST105524,normal,1221,8dc42ed6759a,5a4b0c0d73f5,f65771f20a1f,
CUST105525,serial_abuser,408,747c3dc84be8,e0bd5ad5629b,ae70ab2584c8,
CUST105526,normal,232,a1e45a96f83f,e8b6827931c0,246f5fde5a66,
CUST105527,normal,999,19db0e2c39c3,a8e1ef860160,d3c217ba455f,
CUST105528,ring_member,1257,29f7521a721b,2066b110db71,5a01c0325f38,RING48
CUST105529,occasional_returner,600,511ade946d2f,a310b72ba2af,6f622bfca57b,
CUST105530,normal,1115,bed92afd158f,1fca51eec05a,53039d36c902,
CUST105531,occasional_returner,635,562c01507daa,d8409fe5612b,565d375ed793,
CUST105532,normal,167,f7ecb3da6975,678d52af252d,9b4edee26e93,
CUST105533,normal,1197,1d42518b0519,e79897a8dbb0,5fcc451d8a4d,
CUST105534,occasional_returner,1378,363b24278221,901dedab8564,100d60dfd314,
CUST105535,occasional_returner,1476,a8db0cd5586f,1412cd60f7a2,d9deab03310f,
CUST105536,normal,154,eec72d085caa,f58ab2d10d8c,7f9b652d68e4,
CUST105537,normal,849,23d482f7982d,1a642e184718,88a238c30526,
CUST105538,normal,937,c04352d6e171,0a3a5d9f9592,dfdf8c87e911,
CUST105539,normal,123,306ad16d6ef5,02a4ffc04163,a88b084d9abd,
CUST105540,ring_member,1427,4fdc96d27cfa,5cb08c35b41a,a268db031673,RING33
CUST105541,normal,158,203049153289,f8694a6337e9,f05279283158,
CUST105542,normal,406,f8f671fffe49,353c89ee4ed5,7a766d9e01e9,
CUST105543,normal,1452,318b8a0affc8,74ade1b71292,7135fff5147f,
CUST105544,normal,836,eddd319658e1,6fe58773180e,82ec48003190,
CUST105545,normal,1020,93a69caa0d50,ad403a884851,c8925048bb67,
CUST105546,ring_member,743,e443a0b0fce3,1e15027deb8d,9dcdc1a20863,RING43
CUST105547,normal,1129,9698fa1e5c5b,411eace8d770,425c50d3378c,
CUST105548,normal,126,fe799c04a3bf,12130b776a39,2b976c9fd893,
CUST105549,normal,1015,d1e732262526,cfa3c091457d,1fd0547634d7,
CUST105550,normal,104,3c3380b74175,32597cd6968d,9f6724f4d917,
CUST105551,normal,273,cc06d85269de,8674ab0dfe33,3526f90d46b4,
CUST105552,normal,761,b6119a1784b5,9065ae20809c,230c2ea3203e,
CUST105553,normal,675,909524bef446,54f4ab126c89,4117ccd6dd77,
CUST105554,normal,233,55f47794d430,f9e42a71eb5f,8d11dce239a6,
CUST105555,occasional_returner,1198,3f7cdacfec1c,a089fe6adbfb,264f06792213,
CUST105556,normal,456,4caf720b55f6,f1fb00a552c5,5e17a04b140b,
CUST105557,normal,1300,c8c1ae204d45,551dca3d1efa,43121809a3be,
CUST105558,normal,27,823f22423e47,0d29657c890f,fa2542b3b41b,
CUST105559,normal,359,85ffdbd38fe5,b40074fd66f3,ca0f80c6dfc3,
CUST105560,serial_abuser,448,6781866218af,fa50ea084e12,1114acd496a4,
CUST105561,normal,895,edab3f77ac4e,e308034fbbe5,ebc79d95ab86,
CUST105562,normal,604,fb1e7525918a,97be46348f15,07a7a4eb76fb,
CUST105563,normal,239,d74ee9135622,5965954f9a5d,41ae45accc8c,
CUST105564,serial_abuser,858,d73eb6d4e407,ad2c45cfb5ed,fddb9d5f0dd4,
CUST105565,normal,1437,342643c32548,60f43df8eb19,1a7db6db2852,
CUST105566,normal,204,498551f0e42c,286c2c79f985,670185a790c2,
CUST105567,normal,382,2730024327a0,fe299e2f270e,c429f885a2b4,
CUST105568,normal,720,a53eabda2bd0,b25fc453d127,eb31bda67a25,
CUST105569,occasional_returner,1091,e0db45d33b55,39cc800a1751,cf5fb82d79d0,
CUST105570,normal,209,7d43d25e84a4,f9dcd733e081,bb1c6127211d,
CUST105571,normal,350,e15824858d50,e8690697f7b0,9e8455795abe,
CUST105572,normal,356,c0e36deab89b,533a0855a21e,9f2c1a5800b4,
CUST105573,occasional_returner,926,a20a03c81d49,9ece479d03fd,c999b89892be,
CUST105574,normal,128,64c6c7187163,b9c89e9543c4,b8e56575e0de,
CUST105575,normal,990,474d610fa1a3,717c8cbbd038,0d81d8f12b66,
CUST105576,ring_member,641,0cbadf646cf1,bb4bce49589e,710d1c5baebf,RING20
CUST105577,normal,496,d57d8afb50ad,32d8329d1bc9,5e19f8958f21,
CUST105578,occasional_returner,1293,c9d0f5036714,273cc034cbb5,0f5a2c4851ae,
CUST105579,occasional_returner,1229,0f225e7e2ec9,7381448a3ffe,4fca3c0a7e83,
CUST105580,normal,1205,98d6a489f373,c45a5157cf42,9d0b557046e5,
CUST105581,normal,1328,c73208c3f9b8,3e8eba00fd33,3210c30bd1fe,
CUST105582,normal,354,24966b394185,7092d5fbe576,ea114febad27,
CUST105583,occasional_returner,1283,3b7af19a8408,b1ad6ff4d92c,37268f2ad010,
CUST105584,occasional_returner,268,3ffa0a3e11cf,6fe56864c48b,38bd62b940a7,
CUST105585,ring_member,499,4fdc96d27cfa,fd8b3960fbb2,a268db031673,RING33
CUST105586,normal,835,5489cfbb9aca,47ad40fc4523,51c5b114e9f8,
CUST105587,normal,1117,2fd9df02cd33,b9a9dd736c20,4d141382f005,
CUST105588,normal,868,0cb39ff527e3,5c199ed21e08,fbd2a2358064,
CUST105589,normal,841,9a7fd37e7b93,0408435c23ac,13b18cf40b17,
CUST105590,normal,567,21d452bd096e,151a1248b4fc,ac773bf21c68,
CUST105591,occasional_returner,890,6a468726baa8,3a9a2a2dc3e6,08be7152a623,
CUST105592,normal,715,e7c398db8047,001cfd2ca7c5,1333ab982e56,
CUST105593,normal,718,ff151433da45,90644429d3a7,c7dd6418997e,
CUST105594,normal,880,7ca5fa152bab,c320e16053c5,b69a80d67648,
CUST105595,normal,902,3b400d3b2759,5bde13ef00e2,f83bf6aff2a8,
CUST105596,serial_abuser,498,b2b2cac0e428,9a8f344afd2c,6153ffbfeca7,
CUST105597,normal,207,cc7e8a8a1754,982c237cc431,e66f95082ccd,
CUST105598,normal,452,5a73d455ec46,43884d907d6a,ebd1fad55402,
CUST105599,normal,616,c8188bd7c56b,cdf04b83a35a,65a4390cecd0,
CUST105600,normal,245,378786b179dc,65e4372defa9,65dbd2d1a005,
CUST105601,normal,270,d1e1f66dfa41,6a211d6c6613,35bc9dab8b29,
CUST105602,serial_abuser,1426,39e84ade158b,c07526090bfa,49adb4cbaed3,
CUST105603,serial_abuser,423,8b9ac693a1e9,c9e99d62e4d7,457547c068ef,
CUST105604,normal,1109,03145142dda8,651e111db136,31c468c56b0e,
CUST105605,normal,196,d1764a79e080,3dcf9ae234f8,fbb60074d02a,
CUST105606,normal,1458,8677105e3aa0,60b3e696707c,0897901b7186,
CUST105607,normal,322,fb8450b962f8,eeccef532d95,c10f6f201ac5,
CUST105608,normal,593,366ab11f2b56,4c14071fce69,0321ed44c0f5,
CUST105609,occasional_returner,1173,07504a90f564,1202c7839067,e1735515b6e9,
CUST105610,normal,306,681a3c3b2a57,571cd495ff6b,2a211b454b66,
CUST105611,occasional_returner,827,a8c724defd55,601ca3222eea,e7f2cc88ba74,
CUST105612,normal,1179,81eb1a8dc879,a96b1e618a1d,c95a529cc947,
CUST105613,normal,40,a063204f2989,d2e45752099a,a4c0a2b9af38,
CUST105614,normal,42,0409f15d1ab7,0542e4eedebb,80dd9d555d97,
CUST105615,normal,1183,9a7db5d9f8ff,7bb6a4cb7bfb,32573b880fac,
CUST105616,normal,397,4be0dd3532c6,adb3d0c25b07,0abb69f06463,
CUST105617,occasional_returner,1364,4acfdb0ba46b,0e8579353931,1592da0b49fe,
CUST105618,normal,1391,13cd9e6c77cd,9d3ce363bd78,efb837cef009,
CUST105619,normal,1321,bf06cd325982,e83aa9613444,997dad77f7c3,
CUST105620,normal,1495,1433b52a188b,4a751ccde826,791f642009d5,
CUST105621,normal,1235,520b9632275f,983165740b4d,02ff9bd8ef23,
CUST105622,normal,578,72213c45226e,ab0e567ec0ca,ff4f75bf344a,
CUST105623,normal,1488,659c056dc1ed,f363e1e3d97c,f36bdb6246bd,
CUST105624,normal,522,a2f5abda02dc,8640e135fcfd,1efcfb8705b0,
CUST105625,normal,881,0ec4317dd38b,400874b343a8,d18033b840a4,
CUST105626,occasional_returner,13,5d3c8f4058e8,ac8982f907d6,d972f80c8520,
CUST105627,occasional_returner,1444,6e2cad99572f,23db055ed2ae,1f06c5fb9812,
CUST105628,normal,889,1be5cf1ead9a,f46c652c9d21,4292a119f641,
CUST105629,normal,1423,d603b6cd8044,a722e626729a,bd20fd54dd2d,
CUST105630,normal,532,e070a9870e74,a47ea76b7a3f,0721e586c75e,
CUST105631,normal,473,f0d33cc2c7bb,e6ddea3e8dcd,eefa555dc494,
CUST105632,normal,785,d65cdd14efc9,2f146a481e07,8195eddb311c,
CUST105633,normal,1295,d99d48980464,71290e34860b,3a87a4f0eb35,
CUST105634,normal,825,cfa43ac68550,a70c5affcb0d,bd45f8f9b82d,
CUST105635,normal,1189,fdc658866842,43988ebe41be,eb0e9c780974,
CUST105636,normal,325,1ff1a6ca1ca0,ef6653f36e2e,862f6397ff0e,
CUST105637,occasional_returner,1164,00633803ac32,af092061cfcb,02558102ff52,
CUST105638,normal,1100,481129fb487c,467d81cb3121,10de1ead9171,
CUST105639,normal,1344,33cebbb4177c,c53c8d8f8822,271712e599ff,
CUST105640,normal,91,50143f04432f,1beaeafd335c,4ef20851c4b0,
CUST105641,occasional_returner,579,026b9e227f28,cfc8308c8146,8e9f144e6000,
CUST105642,occasional_returner,137,7c56a4fb6fd0,93c21d9ee54d,68dd2503805e,
CUST105643,normal,603,513d56e23bb6,6dd90c11ab72,1999475158d5,
CUST105644,normal,1139,5d4acb247d5f,102cbb5e971c,1a5beae60cc7,
CUST105645,normal,961,86d181def88f,cd4e37de1b3c,6edb949ff49d,
CUST105646,normal,1130,0e23de20ffbf,211a68c63a4b,6291295c7c26,
CUST105647,normal,1108,c9afc50e92ff,2d55d72b05f8,92906de57e89,
CUST105648,normal,1488,2e9d0da680d5,16cc6e1ee701,36fc8454023d,
CUST105649,normal,1320,577b3f4e7ad7,d28e3d998a92,3ed49c6bfa5c,
CUST105650,serial_abuser,881,b210ad944083,d79944f909ee,e0ab8570c7c0,
CUST105651,normal,1314,f34cb8ea01ea,047a86727cd6,dd9bb496dd28,
CUST105652,normal,76,d60ab516812b,4ae07f9399e9,06c9eb0a66dc,
CUST105653,normal,1083,85adbbe580a2,23c8ff58d442,5740a4ac9c48,
CUST105654,normal,785,7449baeb71f5,7923f966d56f,997c9437b48d,
CUST105655,normal,1435,7910eab5fe71,c60993512fb2,48a802c4e31a,
CUST105656,serial_abuser,758,3b56327cdac4,e46d1e5bf3e6,111cff58b22d,
CUST105657,occasional_returner,272,b63a3624f2a6,63b9769f1237,615a28acfcb2,
CUST105658,normal,1087,54132a481761,8bebd1142ab2,399d79c683b1,
CUST105659,occasional_returner,1425,0d08877e3462,0b76bf111076,905dae149614,
CUST105660,normal,29,4ce86757fe5d,bb1286e72086,67c9d2f2465f,
CUST105661,normal,100,2bbd9fb80ba5,f6b91dc7291e,484b422fb802,
CUST105662,normal,993,c46ea6c17636,9d4e27958ca6,4bb702544d27,
CUST105663,normal,835,224494f9fd60,62b463a106cd,06f8677218af,
CUST105664,normal,825,9a62667ae67f,0e91044f8a83,b21cf4120629,
CUST105665,normal,139,5cfd86848a82,50a4902cd94a,2ed1ad1b8673,
CUST105666,normal,860,e4a355334b03,0258307465f9,e6c70b705ba5,
CUST105667,serial_abuser,854,e10113193cbf,8493d7a120b5,de849c278743,
CUST105668,normal,1274,4861ef7fa687,98f663c7808c,a16e1f113b27,
CUST105669,occasional_returner,588,1e17c3ce8c21,66c7df38122c,db2ab00a0d0f,
CUST105670,normal,525,567ca1ce097e,2ea6ac2f966d,579594865fab,
CUST105671,occasional_returner,127,0848c9ecb3c2,d381a61b0ba4,df411cafb4e7,
CUST105672,normal,852,d842b8e20c68,3a3bdf77842b,b4b25f3d9d1b,
CUST105673,normal,973,78f0fcc20fcf,c498a016aeaa,2488f644680c,
CUST105674,normal,424,17b861b048ac,ec60fe160bed,54852029fb90,
CUST105675,serial_abuser,1098,e8dc7741d62e,cd35bf485817,ba594451c6cb,
CUST105676,normal,1407,0123148ed268,8558f5c383e7,943fa34a91b6,
CUST105677,normal,265,f45bfcc26dd9,e29bbbfce7ac,8553dd5fe407,
CUST105678,occasional_returner,861,d36377576992,843ff054fda9,a7d06f432f93,
CUST105679,normal,1043,c4e1c5d39e9f,6bd9489339ed,37a08a642d99,
CUST105680,occasional_returner,32,fffd2eee8b80,9d858ed2bd31,dd2d6c3f16e6,
CUST105681,normal,272,c96e1007d5a8,aafde5a2ccdd,07134e6e282d,
CUST105682,normal,596,73431d0eb481,55f161591d13,312cb63cb35a,
CUST105683,normal,210,6cbe62dd6380,b493884594dc,9b2bd298fd8c,
CUST105684,normal,536,c36f23a33285,148eb175235d,99a53f7de6b9,
CUST105685,normal,225,2cff19ac0a6e,7a065b57154b,2650a3d97216,
CUST105686,normal,1345,9a4e230551d4,d7ac7fa59aff,ae101dd785e9,
CUST105687,normal,900,14afcf917cc9,7b17d2436565,aa946e74543c,
CUST105688,occasional_returner,497,ad3ae733e4bf,d2b68521ff31,4212fcfd0e4d,
CUST105689,serial_abuser,1169,52c0f5122705,8cb4898b5607,7421b98aa903,
CUST105690,normal,32,e717bbb7882c,885b85777a1b,25c72a4c1baf,
CUST105691,normal,897,4d35329fc288,c8590f8661ad,cc14c2ad86e0,
CUST105692,normal,1026,c87ef10da6c6,6f7095cbb53e,09e267f2c27c,
CUST105693,occasional_returner,1214,42e9aee5bdd8,cd3a1f36bcca,c7f79fddece5,
CUST105694,occasional_returner,337,3f351ecd9a11,2da8768203be,5c6ba63f3991,
CUST105695,normal,889,93009ab5a2d1,71b8802fc3a5,94a90ffea902,
CUST105696,normal,1152,e063067f7ddf,d320158abe5c,0f5de0062120,
CUST105697,serial_abuser,1196,82cb3e9f7598,3ee96a7c7930,37e42a561e3f,
CUST105698,occasional_returner,267,cd1c266285ba,3a0321ea9206,c0cbdebe2dfb,
CUST105699,normal,1464,6c65c809814d,3dae70ed21d6,2c18f7e41e59,
CUST105700,occasional_returner,414,0b8f73036ab0,59a33915cf16,1aa5917a5a02,
CUST105701,normal,589,9e8c9378651f,178babd5b599,8fd291a126c8,
CUST105702,normal,292,f42cef2b0594,e5919b60de36,9888e4401686,
CUST105703,occasional_returner,229,b920918082c3,4d10cca87bd6,fad34ac76dfe,
CUST105704,normal,386,9929c55cb801,b14cabcb11e2,bf17fb6f0226,
CUST105705,normal,207,2cc003291f0f,eaad58dba420,d30a747af7f9,
CUST105706,serial_abuser,1100,40248b999e3d,6a38144446e5,088af9c65f76,
CUST105707,occasional_returner,898,d32787cb9993,7bd6fb877add,779e3cbd85cd,
CUST105708,normal,588,e7ce806abca5,cdf19e83736f,876e18d1e84b,
CUST105709,normal,822,297d2e4ec5ba,0670b02f6fa4,c805cef2f229,
CUST105710,occasional_returner,908,64a179b4b0f8,6a346bf4d6f5,c6ec667f8cf9,
CUST105711,normal,280,9468aee2632f,cdb4df3e60f1,3ab4ce724103,
CUST105712,ring_member,448,ef2a5ca81b4e,9dd40b42b732,aa39d4fcae93,RING47
CUST105713,normal,1323,0021d205d8b0,2aaf9f5c8d0e,2e09dae1c15c,
CUST105714,normal,23,ed147fbcb6cd,daf4c1d21cda,be8d5604fa16,
CUST105715,normal,1435,c34d76485db4,64edc29b9a45,eca0ec153168,
CUST105716,occasional_returner,1446,c7e0540820de,52195e39ae29,b6c885ca17d9,
CUST105717,ring_member,383,b1b7de0a8067,cf268ed97651,b6009da06041,RING21
CUST105718,normal,484,c59001068e86,a7ae587958fc,683ba7f8ebc1,
CUST105719,normal,314,9d1c412811e8,d9b184a7668b,bda40f6878d0,
CUST105720,occasional_returner,843,c30f88f51626,9db6bcdc46c2,952b0d2a625b,
CUST105721,normal,324,6aa06a45b1d8,dddef402956e,3100354a1c57,
CUST105722,normal,1187,a8829d1cf907,b3ff256f013b,9b15e0fc0415,
CUST105723,serial_abuser,584,6cd8a18963bc,5253ae929b51,02cacc1f31d8,
CUST105724,occasional_returner,1451,4859ef00698f,41abdfa482f2,36c4b0c7fe6f,
CUST105725,serial_abuser,1280,001d715ac8e6,e65f6d3bec3e,10b1d275bcb3,
CUST105726,normal,604,c1af0d175037,77daa6a43ae6,015c26cc56a5,
CUST105727,normal,895,1d86fa551ce0,07d6e8c68147,418f7eb4a2e9,
CUST105728,serial_abuser,41,e47cf08752a3,61a91a04261b,f472fb8fe921,
CUST105729,normal,105,6a716b2767bd,0ae84c15e598,2043f991103d,
CUST105730,normal,761,ceb1416b6662,8f866b952c5a,fe84849dc756,
CUST105731,serial_abuser,712,63c6719c3d7e,468ec04e66cc,056a9f601e82,
CUST105732,normal,600,7376e44df5bb,6b30fbc1e603,1382975d6280,
CUST105733,serial_abuser,140,6b05aa066577,2bd9a6b42b1d,26406cfde769,
CUST105734,normal,1260,fc1958d906e7,b4bf27792f1d,845be0afe436,
CUST105735,ring_member,612,741e5c598f50,b94ce3a14fde,5553cfcb463c,RING15
CUST105736,normal,707,a8a01e39cb64,6ce4dee421e8,4c40685527f5,
CUST105737,normal,608,7cec6be14b81,7943cb25a5bf,fb3ec6a0a6e4,
CUST105738,serial_abuser,748,b2ff793cdcf0,0c3a70d2e2cb,7985e98743a7,
CUST105739,normal,974,463ede956e75,913a74907a65,87d626a2340a,
CUST105740,occasional_returner,1147,e4f819fbc2a2,c6398a0490d6,22ce845e3e2f,
CUST105741,normal,826,d8b74afb84bf,a43f2450ad92,beb4c4794ec7,
CUST105742,occasional_returner,253,392d89d7b934,7a9664ba238d,139cc6d4f612,
CUST105743,serial_abuser,1312,88a8af8ea92f,41ddf9228dcc,d0bf685bb82e,
CUST105744,normal,430,838ee6a7e1a6,4f4c8efaccfa,783c10cc1ce8,
CUST105745,normal,29,456656b0ca22,cbbdd7e2080f,b9cd3729864d,
CUST105746,normal,63,4fbed79e962c,1beb9cd816f2,ea13c98be6a8,
CUST105747,ring_member,1162,92856510fbb1,73c02b149b67,ccadb79562e7,RING42
CUST105748,ring_member,583,b150aa6e5c69,7606998415af,1eb384fb9c80,RING39
CUST105749,ring_member,38,d4cf56095c5b,90580e7de5f7,2d9178d31b09,RING8
CUST105750,normal,1218,15b06093fe0b,4e51732457c1,97d29b0f6c5c,
CUST105751,normal,459,adf87faad41c,a57f69d60ab3,efaf00bf6a7c,
CUST105752,occasional_returner,1467,9a911a90d3f3,21c2829df449,1f417573ac0c,
CUST105753,occasional_returner,1320,c872ff8c0798,967475523984,240459a612de,
CUST105754,normal,77,3d51335d1307,8d8504e7eb23,e0a4d8ce2b88,
CUST105755,normal,1037,5a9512c2aa69,355dc10da819,4b078187b3a6,
CUST105756,normal,906,151f5e5407d3,c65918fbf114,c497304740a8,
CUST105757,normal,262,319fa5d49226,4cfc37e32805,297cf2f017af,
CUST105758,normal,517,13da9ec3d713,32bce12698ee,d119529dde7a,
CUST105759,normal,738,b737b6e9b948,3b43b3e7fe84,6d7798ee7d8f,
CUST105760,normal,223,2cb4a36a9a79,e770aadc5430,1fea9828475a,
CUST105761,serial_abuser,1084,98f60decdd88,7b956dc73b05,5dd5cd779d8a,
CUST105762,occasional_returner,419,f7f4bea6c4fb,8c66b944224b,c634657c61de,
CUST105763,serial_abuser,1406,01198f87bb93,763252f0f6e5,3e53ace01e4d,
CUST105764,normal,1203,2dccd7ff6027,2183f4bc4bb3,dd6c4505e7a2,
CUST105765,normal,953,cfb1ff851b21,85ca103c8763,1f8d49be39ef,
CUST105766,normal,184,6d231930db56,507b8dbf29dc,3d4520154c99,
CUST105767,normal,41,da1d204aa577,74ff121982b8,995df9f95436,
CUST105768,normal,223,5e4e4a834289,7b45447df0c3,141e2a2b6837,
CUST105769,occasional_returner,752,84981ac1616f,aad3f7e6244a,fc4140e30e04,
CUST105770,occasional_returner,1172,d5befb1b4dd9,79f945753d4a,f4088bbc25ce,
CUST105771,occasional_returner,233,b4b1218c0ef8,7efec04e94d3,a766fef644a3,
CUST105772,normal,1062,4dbd5762f0ce,c52922dc7713,7e4dbe3890db,
CUST105773,normal,76,9b8dc0215669,fadea8bcb599,b3a7ea907518,
CUST105774,normal,402,8111a3d4a1eb,838887b60e4a,7bc01315191e,
CUST105775,normal,899,cbb312f61537,2ea44ee8e7a9,cb1f028f25f5,
CUST105776,occasional_returner,1243,68a594ea93a0,e31c2656d5a0,ed734753cf81,
CUST105777,normal,1166,5ddee1c91e2e,b1950ddf156c,ddcb5338f023,
CUST105778,occasional_returner,801,d2869b44bc8f,c73a21d81b99,78b85fcaf4bb,
CUST105779,normal,58,5f11a52e2516,d5c53180372d,2aae823852c1,
CUST105780,ring_member,443,db0f399e51d3,fd6a71152983,c118a6e50040,RING4
CUST105781,ring_member,1176,b65cdd107e66,191fe0b786c5,4dc747b03d52,RING46
CUST105782,normal,126,da526709d03f,7bf46bdb70e0,ebe64dc53ddf,
CUST105783,occasional_returner,1061,084d3fb752fc,cb1d4dd6a0e9,86337cda03d4,
CUST105784,normal,1057,df0372133fe1,44147c3d4498,2a1ecaeabf86,
CUST105785,occasional_returner,1129,6d9bc1545c73,0e128848c0af,a11ef422f317,
CUST105786,occasional_returner,329,8ad2448ef5db,44c5daee69f7,aaf8a934ff68,
CUST105787,occasional_returner,370,c73b9c5a48e6,2784bcaa93be,5508e573552b,
CUST105788,occasional_returner,301,5915a02245c2,91e2e9dd9bc5,704711212c35,
CUST105789,normal,593,4886819863e9,eaa846515d36,3809e949b98f,
CUST105790,occasional_returner,788,7c0164fe9150,0379b6e4cb89,959c7e93af79,
CUST105791,normal,184,181a40f1829c,df9103bd038f,b3ad8f1cb6ad,
CUST105792,normal,853,1eae0d343674,5b464d28392b,e72feffb0cd4,
CUST105793,normal,362,3cf254c51575,93dea9dd5c7e,3342319fc569,
CUST105794,occasional_returner,845,bab2e7f55c58,fa4c30d20fe3,c9de7bc07bd7,
CUST105795,normal,457,3d09f67799e8,2a51d7e83bb4,23d415947edf,
CUST105796,normal,1432,0aeebac1f23b,b69d0835e691,230805f817b4,
CUST105797,serial_abuser,482,41cf548099bf,9f06542e4868,28de915356c3,
CUST105798,normal,1307,a2788ce87842,8596808373a3,f36404db0703,
CUST105799,normal,266,f15274c4c9fb,135c1ef310ea,e8f78730fcb1,
CUST105800,normal,131,9312825f0841,f714ded9f9c4,73d60c2829d7,
CUST105801,normal,287,ae32802caa25,1e62eb77f627,5c490b9cd4c7,
CUST105802,occasional_returner,631,f8d4467f4e27,6dac234f31df,6fc82454261e,
CUST105803,normal,1352,bdfa4b48ca9f,a4eed5a2fd1a,ee3479087cd7,
CUST105804,normal,268,ab490464928a,599edc634407,8eae486de863,
CUST105805,occasional_returner,1176,76de6fa4376d,08def2c88c1e,ac47bf9ffc08,
CUST105806,occasional_returner,1046,0fdd3c2e1ce0,f60828f7502f,299ec35b0bce,
CUST105807,occasional_returner,519,729d59e70da6,4e24ba8a1616,61f47c708e41,
CUST105808,normal,507,781008bf5bdb,704786f949d0,c43c456c098b,
CUST105809,occasional_returner,1421,8d23388067f6,1df0d773345a,e0887db4b4e1,
CUST105810,normal,1073,e93587f22f4e,9fb35b5648db,7aa98dbf24f7,
CUST105811,normal,362,92c3db8e913d,452edc6ae3a3,ca6792f731d8,
CUST105812,normal,1368,09897b64516f,a5cca4e9a9a0,c4bb53e2220e,
CUST105813,occasional_returner,613,8ed72efa776e,874e9bbdc0f1,b35ce60a6415,
CUST105814,normal,124,5970880430cd,daee838c50cf,a8917782b776,
CUST105815,occasional_returner,1221,e630641d6815,4598f12a2498,c92556bdcac0,
CUST105816,normal,1303,5ab79b807c38,1bd21b022bec,85a118f8a0a6,
CUST105817,normal,667,fc19c7723d86,168f8de311f3,c981efbff35f,
CUST105818,normal,1057,a7a912290673,d936bc82f2f9,616d5cc30eee,
CUST105819,normal,355,ab0b6dc61f08,5074399a5fff,3e0949617202,
CUST105820,normal,1276,3ec1262b7b46,6c617946e998,25a3b83e0dc8,
CUST105821,occasional_returner,555,42668969992c,12df8eb75239,f00866ab701d,
CUST105822,occasional_returner,404,2450e0511afa,556325e5d26a,47da72dd1b64,
CUST105823,normal,753,6bd489e2c334,4d6d9713358b,78c28bb206b4,
CUST105824,normal,404,10952be76a58,2d8a5075d3f6,644e6e9a2fd9,
CUST105825,normal,932,efb4fe547fe5,6ca4fcb5e4b0,56a41156dc0b,
CUST105826,normal,1122,222cfca2f754,b92817a61901,bfaf55776f94,
CUST105827,normal,611,141d1b563453,87f588851769,5d11e49cf876,
CUST105828,normal,1176,6697d563b120,f8a03df0e477,ebdcd9069b17,
CUST105829,occasional_returner,649,7e629e13a17e,e5132ccec685,993562edcbbe,
CUST105830,normal,1455,3a22552ca15b,47d878a79d27,6e6d6da82d81,
CUST105831,normal,399,1cfacdc506fe,0afd4a8ddc90,1a4980835f09,
CUST105832,normal,1058,169a1614762a,25ecdd831cf2,b7df5ef18d3e,
CUST105833,normal,805,90de2729e94a,00a9b642d200,13a8a4c5c53f,
CUST105834,normal,1415,cef181d18d41,8665ef8f0900,3277aebe5946,
CUST105835,normal,333,837cb19e3aa7,52e7f2e7a018,eecdcc3b0b7e,
CUST105836,occasional_returner,299,131fd2577dd2,bd0a97f2df69,040efaa61917,
CUST105837,normal,1301,21a433d3712a,7f9462014c49,d2fbddd1b86f,
CUST105838,normal,1352,365c3ef50ef8,3829192849db,f62150ca6914,
CUST105839,normal,1122,5cecd374037a,36201a170121,ec5a8d1feebe,
CUST105840,normal,714,6f8528b7a951,5e90a41b7ad2,545856d8842a,
CUST105841,normal,618,d5163384476d,1f288eddff27,467f4093f3b0,
CUST105842,normal,1001,426f09f92ccb,dc495e5d477b,f14344b5f932,
CUST105843,normal,1122,6eeeee7ad3dc,e9af2b79e6ea,9bef2008f1fe,
CUST105844,normal,417,ea71e6a871d6,592d72a9ac8b,68867261c7eb,
CUST105845,serial_abuser,15,3c896516dc57,e231f4c8719f,9879a8f371fd,
CUST105846,serial_abuser,114,81762aae3df2,b50f1414c1e7,14c0c6859770,
CUST105847,normal,520,c06f84800d71,e80f33151c98,54d8ea35550f,
CUST105848,normal,1024,146a4bb20200,cd479af9e845,1a1cb2413fc9,
CUST105849,occasional_returner,663,c9f85144bc55,a9c2bf548372,ccb3ce9a341a,
CUST105850,ring_member,929,4fdc96d27cfa,f06a25dc1c83,a268db031673,RING33
CUST105851,occasional_returner,707,632e85736ab8,ed83fa57d9eb,514ab990ada0,
CUST105852,normal,381,dcca5d899232,773df7399984,65ffc062fa54,
CUST105853,normal,1124,b676552b7967,6a56a926f531,5f7a94a05d6d,
CUST105854,normal,1086,5e1ab6510178,6279752c582b,8781bee90104,
CUST105855,occasional_returner,1444,92535c36352a,3a7ec7151fc1,279ddc882cfc,
CUST105856,normal,1239,70e4debda162,f0ba1a079da5,ca8f8394155d,
CUST105857,normal,573,d9447166c157,65b7445e9844,92b2d21a5c4e,
CUST105858,normal,1058,e2f513b377e3,2d0739eb807f,f46c2f281b9a,
CUST105859,normal,529,9e46da95f772,654718767a86,53b3dd2e88c8,
CUST105860,normal,1309,b26036c38302,2feb14a645f7,de2d9aec8024,
CUST105861,normal,917,7a8a90aa72c8,2b1be5141f85,2698374b9aa9,
CUST105862,normal,1252,577a1045df97,c4fb4e56d207,428d698bb499,
CUST105863,occasional_returner,425,81c27bc8c9ad,e3ac343020a8,8ff878567e54,
CUST105864,normal,27,a82985c53d62,b10e42ac8755,d4501bc3fa19,
CUST105865,normal,216,033d3f1a1fbb,4ab5c3504a46,2af866fd4f05,
CUST105866,occasional_returner,799,b19a35e5c6d9,67643b16c4d1,985dbeca0724,
CUST105867,occasional_returner,1442,825dc353fd65,f1ff93eab598,b6889933bf0b,
CUST105868,normal,942,ca20f85a430b,053df05a11c9,46a0de358894,
CUST105869,normal,1215,5042aa69f2bf,2e25499be0c8,da4eec8ccab9,
CUST105870,normal,706,af7125c5ede3,781446430a60,41f758e56dd2,
CUST105871,normal,1437,7c75185052ab,be224c500161,cba08ffa32bb,
CUST105872,normal,1411,d4f40912cca2,501c9fbe1c39,256bba316dbc,
CUST105873,normal,330,d9feb1adb211,26c04fe33668,5c5499cb0f5b,
CUST105874,normal,1293,97c2d9de4ec5,e15a355b2a6a,b1701e62237a,
CUST105875,normal,31,ff7ddd8070ad,43ddf0c52553,1559e70d6fa5,
CUST105876,normal,890,59ea37864310,dc0592f12cf5,6f44043f1737,
CUST105877,normal,658,7eca15fee7c6,f4d8fcf01a04,60c395c48974,
CUST105878,occasional_returner,455,3ba98e8d38f4,ac630ac2136d,c95984f6053c,
CUST105879,normal,1400,1ff6fd3c33ad,f1023ad456ec,6ddf35822240,
CUST105880,normal,995,e01e7b73ac43,1cb52d7472c1,a5088ade7943,
CUST105881,normal,211,1adc2e045d01,9de3922f5ce3,44b6ee38c8fc,
CUST105882,occasional_returner,213,50446df48094,1b9e34bd74e4,574b8565b91f,
CUST105883,ring_member,180,62bf2298a80b,cfc691dc87b4,1508ccb0bc05,RING13
CUST105884,normal,459,df0f72ce15cd,b0b74c97dfc6,dd2f6a2761d3,
CUST105885,normal,108,60f58fcc3fcd,a03d81b156f4,0059920f3f7e,
CUST105886,normal,399,9dbba7eb61ef,b6da539a07bb,b345e134f369,
CUST105887,normal,1148,5e60c3f80cd2,63abc18350fc,52baf0e82997,
CUST105888,occasional_returner,1311,ed6482c33cc2,686a692ae70c,5c81928b36b2,
CUST105889,normal,1179,6e79edb0c5d0,8d3bc5f89cd3,90438ad56f3f,
CUST105890,ring_member,746,682446ad858e,f5d99c0c85e3,7cfea19f0c69,RING30
CUST105891,normal,1044,be29bd8fe9e5,35eb433ab3fb,f66b17c46493,
CUST105892,normal,1416,515363bb0a0d,b4978abdb3da,7cad77b3cecc,
CUST105893,occasional_returner,84,0cbbd199e812,517598ab70b4,24e5a790cc19,
CUST105894,normal,1357,dc54130b0a55,c6451a83415d,1fbbfacc5f6f,
CUST105895,occasional_returner,1086,8fb7e27ba3d3,16df1705b6a9,a61408fbe2f1,
CUST105896,normal,582,1637ae1cf95c,c7ef72785b07,f453c5a8bc29,
CUST105897,occasional_returner,675,3f2d082c2801,1e91955f1436,90d2ef6b722b,
CUST105898,normal,660,1f46999724b7,d43c70e91873,3827019f97d6,
CUST105899,normal,241,1c20788a4b5a,4b48d9d65589,5b245bf0f557,
CUST105900,occasional_returner,349,18f2a2be4510,201e36240a31,600220d32c0e,
CUST105901,normal,446,f78395b15507,32fd20802b14,f11fa3c74c36,
CUST105902,normal,13,73e7f873cc1f,c82af5c77ca9,e4af1bbcf8a6,
CUST105903,occasional_returner,754,4d230e4a33f5,7d27bccb7a9e,6b7b83595e1d,
CUST105904,normal,717,47031958bef0,b65ed238ee96,5c310f6d284f,
CUST105905,serial_abuser,497,07865347b68c,df6f7f4604ec,514d439ad777,
CUST105906,normal,268,f8afb2f08fd5,2ece222353b4,78ce3be37f2e,
CUST105907,normal,1454,3c6f6559e407,6f9b837000b2,70d0ddc0c9b2,
CUST105908,normal,1019,68ae8cd28d4b,72db7623c886,3f39af4c586c,
CUST105909,normal,714,05705dfbf9e3,07f60c390ded,d5067b8f2cbb,
CUST105910,ring_member,1085,3ededa89901f,f070daac60b7,5e48878935aa,RING19
CUST105911,normal,561,5acf16b5532f,279a34bcb04a,c605c98675dc,
CUST105912,normal,327,cef76876c2c0,6925c99c3ef7,390b9cec4d14,
CUST105913,normal,1011,a61fc938a3af,f0832cdb84b7,16d1120bfd4e,
CUST105914,normal,1157,4b6656ee43e8,42b509733f51,913baf374aa5,
CUST105915,normal,977,8a8c8bac8794,0e1f1fc0591f,d959e6638b9f,
CUST105916,occasional_returner,851,869ae2ac1ee2,48cb90489147,9c1aaa72817e,
CUST105917,occasional_returner,8,b745b444ddb5,4e804149c1c9,f88a161f8eb1,
CUST105918,occasional_returner,958,0d96163a4ab0,11dcfaefb548,499fbaed5e32,
CUST105919,normal,929,62f1ab4385f6,2fd19b002fd8,186b0b69fb6c,
CUST105920,normal,621,fde063f3e83d,8287e0d79392,595d0242759e,
CUST105921,normal,369,8e21a816bf86,0f10ee9c257f,006e679f2532,
CUST105922,occasional_returner,1468,7f37408843cb,4f5b36596986,5961771494b1,
CUST105923,normal,565,74be1adabf41,04ce20b16287,848bcb71430c,
CUST105924,normal,411,9d4f120c9554,9bbf9fb8ceea,fe760b8ea717,
CUST105925,normal,1060,00d45a337abd,0693c1ad036a,7fa753994b9f,
CUST105926,occasional_returner,725,d16b2ab7031b,4cce020e442e,9db6fd3dda0d,
CUST105927,occasional_returner,838,ee30a9b3a743,d55d7727d5a2,d3d9344a0627,
CUST105928,occasional_returner,974,dd2160145f66,74106ef7fe92,8d4426e38470,
CUST105929,normal,556,71048f2bceeb,eea6385bd112,ff0dafb6b2cb,
CUST105930,ring_member,232,92856510fbb1,96653f72c975,ccadb79562e7,RING42
CUST105931,normal,255,3e085cf61765,c4a3677ea6bf,bb726b2215e9,
CUST105932,normal,1409,6cc2f93dee4b,52c392c05467,e57560b99daa,
CUST105933,normal,760,a85f1b048af3,d1fddcf5c01a,6834e4a90374,
CUST105934,normal,628,1b45864da129,ac83b07fa846,2368444bef69,
CUST105935,normal,482,411ea0eea34a,ddaef7ec78ba,f333f26f33ed,
CUST105936,normal,1083,3093153a3f9c,12493d3f4eb7,f27f408f7397,
CUST105937,normal,1369,8f967324fcb0,3b25c371079c,fd927900c50b,
CUST105938,normal,1154,b425a03ab1cb,dd32482faf34,724ad65807b2,
CUST105939,occasional_returner,803,16882d110ff4,96f5c79383f6,0360b0374532,
CUST105940,normal,715,f1ead927731d,4c1a5f40d142,f6f4b1bab84b,
CUST105941,normal,1299,30631f2388d5,c1c99610f929,0fa9f22efd11,
CUST105942,normal,1285,90bad6cf0eb2,2eac841433e4,fa14187ba5f7,
CUST105943,occasional_returner,588,59787da97107,0f90c8a94286,2e44c2ce9c32,
CUST105944,normal,1446,999f81d19993,87e8d1e1649d,6492cbd97051,
CUST105945,normal,1242,7ecc72292c03,ccba21748d37,cf5297b6f044,
CUST105946,normal,1270,80c472b47356,e8d9adfc1eca,83543b8879f3,
CUST105947,normal,89,f53e07e83a80,c2ec539be5dc,81e52bbfb3fd,
CUST105948,normal,199,89c166d4192c,28b9d7e1f722,60ddb24199fa,
CUST105949,normal,450,3f87aa742c55,5ced57306f0b,8357888aafea,
CUST105950,normal,1143,8f7f2cf5c2bc,86bc195e84d2,3416581f3c14,
CUST105951,normal,121,b2d36dfd5b45,b9841cbf84b6,462040644368,
CUST105952,normal,128,8af11a955fb4,332b51da9dc7,ebf6c667fc45,
CUST105953,normal,52,68bc45d50adc,c1797df5528d,47945519a304,
CUST105954,normal,291,a3e0d476225a,3840bbc317c4,6adcb09e891b,
CUST105955,normal,1378,f57af8d200a6,003e8e04a474,cc1c9fdda60d,
CUST105956,normal,1083,560871224ca0,43db6bb25def,a2a9c2f70e8c,
CUST105957,normal,1076,222d045757d0,4c1af76cd4d9,15e5e907ae69,
CUST105958,normal,442,3deb284e4303,c51268db4c59,6ce403b21b8a,
CUST105959,normal,939,5238a9a6b949,232d0a90cc9a,b0f97aa9bdc9,
CUST105960,normal,1169,692911cfaa3f,463f3a3cefd1,18cfa9abaa5f,
CUST105961,normal,801,d1dbcc64e755,c36b180a4672,3094c24b5c8a,
CUST105962,normal,1284,d14ce95cf0d2,da35728b3cdc,9635ebf3700d,
CUST105963,normal,856,777a38a57a88,755faa252470,d6716c671879,
CUST105964,normal,490,d1bd57ceab75,45db362010a5,572a98932245,
CUST105965,normal,959,eb176eaa188a,d5194a8b954d,d6e4ecfc004a,
CUST105966,occasional_returner,1414,ac138df2f3e8,fea7d7f61e57,9dbe10e887ee,
CUST105967,normal,1240,52d26cc1e528,8bf147e4d087,4512ad0cbc42,
CUST105968,normal,750,1dacd7d421b6,e4351b242200,1d8f697015ba,
CUST105969,occasional_returner,897,5ea15dc2d10c,8bc82611794a,1a13178aef0c,
CUST105970,normal,1464,51204476fb3f,517598ab70b4,ca58960c4fca,
CUST105971,normal,1124,92a454f9d3a5,e53965b3b66a,c03d36f3751f,
CUST105972,normal,756,2a02b7edb718,e5ca51bdc75a,a0a3704bd1bf,
CUST105973,ring_member,425,3213b353e5f5,ce9838650f23,6067f6c5008c,RING14
CUST105974,ring_member,1359,843f0624a3a5,a2be00c0205f,f1b1d70a5ab4,RING32
CUST105975,normal,1465,0bde8b9e0f52,0813916ead35,478fb19d263c,
CUST105976,occasional_returner,110,6d8738d2b43e,7a5b3d64531f,d98bc320c8a9,
CUST105977,normal,52,2f6a6e703c35,b70deb0003e3,a0bcee7f9a35,
CUST105978,normal,177,7177b919ff44,a3acfd660989,42671fdbd184,
CUST105979,normal,582,bbee9e39f020,8ca9fbc8a8e2,73ced87e765d,
CUST105980,normal,244,0b6444d7520c,397999859264,41d6fa38a9de,
CUST105981,normal,1323,c77f3b12c538,5cf7989bfcd6,eccd330ca252,
CUST105982,occasional_returner,1371,ef1b551ddbda,ae3a6c69c96d,8055f311c2bf,
CUST105983,normal,274,84cfdb0716a1,36b846f3fee1,2e27c35ad709,
CUST105984,normal,1244,bab3bf6c60b5,8d7d65eb6662,cbe3c36f8ca6,
CUST105985,normal,216,5b84a21178bc,4b3b93e8347b,ff34775f49ba,
CUST105986,normal,1182,2c822936fdb7,beab23991612,dd66d1e786c6,
CUST105987,normal,551,815f652c0d5e,1d99677a0e94,ec77eb4110b3,
CUST105988,ring_member,65,9abc7c0e0aa8,87dc2cc416f2,4d8ef8a39a1c,RING22
CUST105989,normal,645,c569dd18f3c9,20c07c694213,b0bd2f7005c6,
CUST105990,normal,1235,5a26060d0dca,107a04199ba4,259635378129,
CUST105991,normal,1400,73156f7ec48d,2d490d688e23,ec3702949757,
CUST105992,ring_member,186,9ee6a9bb0c3b,a155fdc90d9b,fd9fa97c6723,RING2
CUST105993,serial_abuser,1254,1f4f24e541ea,d0d5d0ed253b,2c421fb46940,
CUST105994,normal,443,86eb741bdc25,cd244b88b440,1b55178660b6,
CUST105995,normal,698,8f32e86876ef,93b581c4d292,74aa983568af,
CUST105996,normal,167,4605e0b5342c,d300503f17de,bf7c8f6b9ca3,
CUST105997,occasional_returner,1459,33649d57c067,e46ad85902b4,062ce4e4d36e,
CUST105998,occasional_returner,1186,ed5e170575ce,0b2cfdb7fc16,5c26e463a65b,
CUST105999,occasional_returner,965,93608d5f8a94,b2be761792e9,df7d9263a9a6,
